Date,Close,High,Low,Open,Volume
1993-01-29,24.053516387939453,24.070624152084502,23.950869803069157,24.070624152084502,1003200
1993-02-01,24.2246036529541,24.224603652954098,24.070633714481932,24.070633714481932,480500
1993-02-02,24.27593421936035,24.29304199541346,24.1561797869886,24.207503115147922,201300
1993-02-03,24.532541275024414,24.54964904439333,24.293032503859603,24.310140273228516,529400
1993-02-04,24.635194778442383,24.686518100897473,24.34436261786355,24.618087004290686,531500
1993-02-05,24.61807632446289,24.66939962465288,24.481214190622932,24.618076324462894,492100
1993-02-08,24.61807632446289,24.703615158112868,24.583860791002902,24.618076324462894,596100
1993-02-09,24.447011947631836,24.532550827784505,24.395688619540238,24.532550827784505,122100
1993-02-10,24.481210708618164,24.498318472914896,24.378564122837798,24.44699518002471,379600
1993-02-11,24.600969314575195,24.703615918113062,24.51543047829364,24.51543047829364,19500
1993-02-12,24.41280174255371,24.566771760551596,24.41280174255371,24.566771760551596,42500
1993-02-16,23.796916961669922,24.344365806223077,23.762701408885352,24.344365806223077,374800
1993-02-17,23.779821395874023,23.831144751404686,23.694282469989584,23.79692918105091,210900
1993-02-18,23.76268768310547,24.053519713784222,23.437640119405682,24.053519713784222,378100
1993-02-19,23.84823989868164,23.84823989868164,23.728485465904903,23.762701018126826,34900
1993-02-22,23.933774948120117,23.967990494865106,23.848236081257642,23.916667174747623,513600
1993-02-23,23.916669845581055,24.01931649727883,23.79691541860032,24.002208721995867,373700
1993-02-24,24.2246036529541,24.224603652954098,23.93377154695112,23.93377154695112,26300
1993-02-25,24.27593421936035,24.29304199541346,24.1561797869886,24.207503115147922,44500
1993-02-26,24.310157775878906,24.327265557564957,24.190403304076547,24.327265557564957,66200
1993-03-01,24.24172019958496,24.39569019379545,24.20750464531596,24.39569019379545,66500
1993-03-02,24.600969314575195,24.6009693145752,24.224598434936357,24.258813969448976,182400
1993-03-03,24.70363426208496,24.72074204204485,24.600987582325605,24.635203142245388,280100
1993-03-04,24.5667667388916,24.737844501697257,24.566766738891605,24.737844501697257,89500
1993-03-05,24.498319625854492,24.703612807076738,24.48121186075264,24.600966216465615,40000
1993-03-08,25.045772552490234,25.04577255249023,24.549647276518773,24.549647276518773,50800
1993-03-09,24.960247039794922,25.011570371610812,24.90892370797903,24.99446259433885,169300
1993-03-10,25.011564254760742,25.011564254760742,24.8575942969681,24.96024093549653,194400
1993-03-11,24.94312286376953,25.09709275799033,24.908907331720464,25.028661693892197,70900
1993-03-12,24.686500549316406,24.754931597270158,24.53253069142046,24.73782383528172,643600
1993-03-15,24.8062744140625,24.806274414062496,24.669412210398704,24.669412210398704,310800
1993-03-16,24.8062744140625,24.874705515894394,24.806274414062496,24.806274414062496,30800
1993-03-17,24.652280807495117,24.772035120925004,24.618065289372293,24.772035120925004,21800
1993-03-18,24.8062744140625,24.908921066810343,24.754951087688575,24.754951087688575,59300
1993-03-19,24.76872444152832,24.906232974166922,24.76872444152832,24.906232974166922,66900
1993-03-22,24.6312198638916,24.682785571910912,24.510899878513204,24.528088447852976,183400
1993-03-23,24.682790756225586,24.71716790212562,24.648413610325548,24.699979329175605,55200
1993-03-24,24.682790756225586,24.785922193925693,24.528093599675426,24.648413610325548,37200
1993-03-25,24.837495803833008,24.889061539065878,24.665610019723434,24.69998717654535,110100
1993-03-26,24.699975967407227,24.837484532291885,24.68278739679664,24.820295961681303,101500
1993-03-29,24.8031005859375,24.923420547199843,24.717157756464395,24.717157756464395,87100
1993-03-30,24.871871948242188,24.871871948242188,24.803117637397012,24.837494792819598,56000
1993-03-31,24.854673385620117,25.009370522875013,24.854673385620117,24.940616239650616,111600
1993-04-01,24.76872444152832,24.889044407587097,24.717158741788843,24.889044407587097,129500
1993-04-02,24.253074645996094,24.56246893630646,24.25307464599609,24.56246893630646,59400
1993-04-05,24.37339210510254,24.44214638466559,24.304637825539483,24.44214638466559,172200
1993-04-06,24.304649353027344,24.424969399329456,24.235895040854704,24.424969399329456,129700
1993-04-07,24.39058494567871,24.39058494567871,24.287453508276265,24.339019226977488,28000
1993-04-08,24.356216430664062,24.493725062594418,24.253084956716297,24.493725062594418,180800
1993-04-12,24.699975967407227,24.71716453801781,24.562467402522564,24.596844543743728,348500
1993-04-13,24.751554489135742,24.83749738666746,24.66561159160402,24.68280017111036,146100
1993-04-14,24.717166900634766,24.78592118964905,24.699978328381192,24.768732617395475,119600
1993-04-15,24.717166900634766,24.768732617395475,24.61403546711334,24.699978328381192,148600
1993-04-16,24.717166900634766,24.768732617395475,24.682789756127622,24.734355472888335,47900
1993-04-19,24.614032745361328,24.785918448890385,24.59684417500842,24.717164167478764,157000
1993-04-20,24.493711471557617,24.614031457733688,24.339014346474094,24.57965431882624,279500
1993-04-21,24.47652816772461,24.54528246033058,24.407773875118643,24.54528246033058,67900
1993-04-22,24.167129516601562,24.57965519825052,24.167129516601562,24.37339235742604,97700
1993-04-23,24.06399917602539,24.184319171905518,24.02962203434535,24.115564888545443,106000
1993-04-26,23.874921798706055,24.16712746506891,23.806167524267735,24.08118462202101,62600
1993-04-27,24.13275718688965,24.13275718688965,23.840551437475742,23.840551437475742,156800
1993-04-28,24.081192016601562,24.149946312152174,24.046814868826257,24.098380590489217,85900
1993-04-29,24.184316635131836,24.184316635131832,23.995242375724263,24.132750928020677,85000
1993-04-30,24.218690872192383,24.356199408017467,24.218690872192386,24.27025657312679,88500
1993-05-03,24.37339210510254,24.37339210510254,24.149940696522613,24.253072115867194,80500
1993-05-04,24.459346771240234,24.545289662214376,24.390592458460922,24.42496961485058,149100
1993-05-05,24.528104782104492,24.614047686036184,24.459350458959143,24.459350458959143,109000
1993-05-06,24.442163467407227,24.510917795022998,24.424974885503282,24.493729213119053,54700
1993-05-07,24.39058494567871,24.459339237280343,24.356207799877897,24.459339237280343,68000
1993-05-10,24.442163467407227,24.57967212263877,24.424974885503282,24.424974885503282,113900
1993-05-11,24.54528045654297,24.54528045654297,24.373394739060174,24.442149026053293,42600
1993-05-12,24.51089096069336,24.5280795237794,24.4421367083492,24.4421367083492,31000
1993-05-13,24.218690872192383,24.40776510895187,24.201502305214248,24.40776510895187,129100
1993-05-14,24.20150375366211,24.28744659369642,24.184315185655247,24.21869232166897,63500
1993-05-17,24.28745460510254,24.28745460510254,24.16713458936601,24.270266031425894,34000
1993-05-18,24.270263671875,24.32182938789173,24.184320811847112,24.304640815886152,105200
1993-05-19,24.76872444152832,24.76872444152832,24.115558911494958,24.270256010713386,50200
1993-05-20,24.837495803833008,24.837495803833008,24.71717575495631,24.76874149018918,98200
1993-05-21,24.614032745361328,24.889049871007824,24.59684417500842,24.85467273030201,221400
1993-05-24,24.717166900634766,24.80310976190262,24.665601183874053,24.665601183874053,30500
1993-05-25,24.76872444152832,24.820290141267794,24.76872444152832,24.820290141267794,191800
1993-05-26,25.078123092651367,25.095311662283066,24.820294548175855,24.837483117807555,102400
1993-05-27,24.992191314697266,25.11251135541451,24.95781416020662,25.11251135541451,53800
1993-05-28,24.871871948242188,24.97500341450995,24.75155190426313,24.97500341450995,79100
1993-06-01,25.112497329711914,25.19844016793817,24.92342308561415,24.957800220904655,28300
1993-06-02,25.078123092651367,25.16406594080987,24.94061453559776,25.043745953387965,20300
1993-06-03,24.992191314697266,25.026568469187907,24.9406255829613,25.026568469187907,21600
1993-06-04,24.906230926513672,24.92341949168035,24.803099535513617,24.92341949168035,32000
1993-06-07,24.82029151916504,24.95780005943742,24.82029151916504,24.95780005943742,121400
1993-06-08,24.596839904785156,24.751537011104556,24.596839904785153,24.751537011104556,104500
1993-06-09,24.682790756225586,24.785922193925693,24.648413610325548,24.682790756225586,43300
1993-06-10,24.699975967407227,24.71716453801781,24.61403311435431,24.66559882618606,17900
1993-06-11,24.8031005859375,24.837477717726742,24.699969190569774,24.78591202004288,647400
1993-06-14,24.76872444152832,24.854667274427445,24.76872444152832,24.83747870784762,64200
1993-06-15,24.717166900634766,24.82029833415619,24.717166900634766,24.80310976190262,142400
1993-06-16,24.76872444152832,24.76872444152832,24.64840447546954,24.717158741788843,330900
1993-06-17,24.854673385620117,24.854673385620117,24.76873053158962,24.820296244007917,37400
1993-06-18,24.649995803833008,24.84041009726149,24.649995803833008,24.84041009726149,58500
1993-06-21,24.70193099975586,24.719241392888136,24.667310213491312,24.719241392888136,29300
1993-06-22,24.719240188598633,24.736550580887567,24.684619404020765,24.736550580887567,137500
1993-06-23,24.49420928955078,24.71924442790001,24.49420928955078,24.71924442790001,227600
1993-06-24,24.823104858398438,24.823104858398438,24.563448949837785,24.563448949837785,243700
1993-06-25,24.805782318115234,24.87502385982665,24.78847193268738,24.805782318115234,44800
1993-06-28,25.082761764526367,25.082761764526367,24.892347424008914,24.926968213193906,439900
1993-06-29,24.961585998535156,25.048137961082087,24.926965213516382,25.048137961082087,207500
1993-06-30,24.961585998535156,25.048137961082087,24.926965213516382,24.99620678355393,437600
1993-07-01,24.892343521118164,24.99620587238848,24.857722737361396,24.99620587238848,605700
1993-07-02,24.753856658935547,24.823098216023478,24.667304712575632,24.805787826751498,285400
1993-07-06,24.49420928955078,24.78848600893054,24.459588499035515,24.71924442790001,246400
1993-07-07,24.563444137573242,24.598064918598716,24.47689218500956,24.47689218500956,343700
1993-07-08,24.840412139892578,24.892343315097925,24.54613548039559,24.580756263865826,248200
1993-07-09,24.909650802612305,24.909650802612305,24.78847807459404,24.840409243744723,378200
1993-07-12,24.892343521118164,24.90965391299655,24.84041234548301,24.87503312923978,373700
1993-07-13,24.875051498413086,24.97891392638141,24.73656826112199,24.90967230773586,389600
1993-07-14,24.961585998535156,25.0308275685727,24.875034035988225,24.892344428497612,617300
1993-07-15,24.857704162597656,24.94425605731422,24.805773025767717,24.94425605731422,443800
1993-07-16,24.788475036621094,24.892337362193526,24.75385426143028,24.87502697459812,216400
1993-07-19,24.77116584777832,24.788476236211427,24.701924294045885,24.788476236211427,188200
1993-07-20,24.840412139892578,24.840412139892575,24.632687439071177,24.753860181216993,68500
1993-07-21,24.823104858398438,24.823104858398438,24.736552888878222,24.805794464494394,142700
1993-07-22,24.649995803833008,24.82309970694981,24.649995803833008,24.78847892632645,632400
1993-07-23,24.77116584777832,24.771165847778317,24.684613905612775,24.701924294045885,286200
1993-07-26,24.909650802612305,24.961581971762993,24.840409243744723,24.840409243744723,121300
1993-07-27,24.892343521118164,24.94427469675332,24.805791561726238,24.926964304874936,92800
1993-07-28,24.840412139892578,24.892343315097925,24.805791356422343,24.840412139892575,30800
1993-07-29,24.97889518737793,25.048136754078907,24.857722445651216,24.892343229001707,331000
1993-07-30,24.840412139892578,24.97889527377351,24.805791356422343,24.97889527377351,75300
1993-08-02,24.909650802612305,24.996202751196783,24.875030023178514,24.875030023178514,41300
1993-08-03,24.926965713500977,25.030828070640563,24.840413749217987,24.961586499214174,81600
1993-08-04,24.926965713500977,24.97889689207077,24.857724142074584,24.926965713500977,434000
1993-08-05,24.875051498413086,24.926982712397248,24.840430689090315,24.926982712397248,36800
1993-08-06,24.909650802612305,24.961581971762993,24.875030023178514,24.944271582046095,402300
1993-08-09,25.04813003540039,25.117371583528655,24.926957326175923,24.978888487272123,828200
1993-08-10,25.03083610534668,25.04814650375978,24.996215308520473,25.03083610534668,604900
1993-08-11,25.03083610534668,25.10007769899909,25.013525706933574,25.013525706933574,542200
1993-08-12,24.961585998535156,25.100069138610248,24.875034035988225,25.100069138610248,303700
1993-08-13,24.996191024780273,25.01350140637638,24.978880643184162,24.978880643184162,103500
1993-08-16,25.13467788696289,25.203919423841576,25.01350519742519,25.01350519742519,241800
1993-08-17,25.221237182617188,25.221237182617188,25.117374846930364,25.117374846930364,369300
1993-08-18,25.359737396240234,25.41166859909943,25.290495792427972,25.307806193381037,414300
1993-08-19,25.359737396240234,25.3770477971933,25.3251165943341,25.3770477971933,28500
1993-08-20,25.37703514099121,25.37703514099121,25.29048317939165,25.307793571711564,80700
1993-08-23,25.325096130371094,25.34240651733649,25.273164969474912,25.273164969474912,15600
1993-08-24,25.602060317993164,25.602060317993164,25.325094148224473,25.325094148224473,273400
1993-08-25,25.61937713623047,25.723239475971944,25.56744596635973,25.602066746273557,242300
1993-08-26,25.63667869567871,25.77516176763376,25.532816391712426,25.636678695678714,120000
1993-08-27,25.61937713623047,25.61937713623047,25.56744596635973,25.56744596635973,25700
1993-08-30,25.72324562072754,25.75786640891156,25.63669365026749,25.63669365026749,183500
1993-08-31,25.79248046875,25.79248046875,25.671307741715605,25.705928520868287,66500
1993-09-01,25.75786590576172,25.809797087023334,25.7059347245001,25.7059347245001,136500
1993-09-02,25.671314239501953,25.80979739116481,25.654003845544096,25.775176603249097,472400
1993-09-03,25.688629150390625,25.723249944393846,25.61938756238418,25.6540083563874,630500
1993-09-07,25.515522003173828,25.72324674132721,25.480901213481598,25.68862595163498,196400
1993-09-08,25.428958892822266,25.515510829149097,25.25585502016861,25.515510829149097,269900
1993-09-09,25.480886459350586,25.498196844173513,25.325092995944228,25.325092995944228,239200
1993-09-10,25.705921173095703,25.723231557724052,25.515506942183883,25.550127711440577,106500
1993-09-13,25.72324562072754,25.792487197095582,25.72324562072754,25.792487197095582,66900
1993-09-14,25.61937713623047,25.653997916144295,25.532825186445905,25.653997916144295,184500
1993-09-15,25.688629150390625,25.705939547392234,25.42897319536646,25.515525180374514,101000
1993-09-16,25.58474349975586,25.67129540604732,25.56743311849757,25.65398502478903,54300
1993-09-17,25.5351505279541,25.587405269825766,25.50031403337299,25.569987022535212,200900
1993-09-20,25.326128005981445,25.622238168362248,25.326128005981445,25.569983433824458,57800
1993-09-21,25.239028930664062,25.395793085512906,24.97775533924932,25.36095660665761,318200
1993-09-22,25.44806480407715,25.482901306204564,25.29130054450378,25.326137046631196,439700
1993-09-23,25.587406158447266,25.60482440634274,25.48289667107444,25.517733166865384,88500
1993-09-24,25.517749786376953,25.5700045640965,25.48291326789726,25.55258630485665,53500
1993-09-27,25.79642105102539,25.796421051025387,25.709329825329828,25.709329825329828,274600
1993-09-28,25.744171142578125,25.813844136198092,25.72675289417313,25.813844136198092,158300
1993-09-29,25.657073974609375,25.813838174046907,25.622237485845478,25.744165196519113,221000
1993-09-30,25.604825973510742,25.709335467280173,25.55257122662603,25.65708072039546,99300
1993-10-01,25.726747512817383,25.761584002340495,25.535146820440275,25.569983309963387,22700
1993-10-04,25.76158905029297,25.76158905029297,25.691916057594405,25.76158905029297,1038500
1993-10-05,25.726747512817383,25.81383873662516,25.639656289009608,25.81383873662516,436500
1993-10-06,25.709314346313477,25.84866022352927,25.709314346313477,25.744150815617424,209200
1993-10-07,25.639646530151367,25.744155958942745,25.62222829201947,25.744155958942745,59400
1993-10-08,25.674501419067383,25.726756170937943,25.48290066220867,25.70933792031442,54400
1993-10-11,25.726747512817383,25.77900224710205,25.726747512817383,25.726747512817383,467100
1993-10-12,25.76158905029297,25.779007298467608,25.744170802118326,25.76158905029297,26200
1993-10-13,25.76158905029297,25.779007298467608,25.726752553943687,25.779007298467608,139100
1993-10-14,26.092540740966797,26.092540740966797,25.796430465535266,25.866103471519153,108100
1993-10-15,26.23188018798828,26.284134929398615,26.14478895230439,26.2144619408515,1502500
1993-10-18,26.162193298339844,26.214448011984995,26.127356822576406,26.214448011984995,722400
1993-10-19,25.97060775756836,26.1796267334844,25.97060775756836,26.12737198950539,880100
1993-10-20,26.00543212890625,26.05768684852227,25.953177409290227,26.05768684852227,230400
1993-10-21,25.97060775756836,26.02286250154737,25.93577126158235,26.02286250154737,56200
1993-10-22,25.84868621826172,26.109960000791318,25.84868621826172,26.005450487779477,390700
1993-10-25,25.918359756469727,25.953196261518748,25.796431988798165,25.8661049988962,114500
1993-10-26,25.900930404663086,25.918348649723384,25.813839179361597,25.900930404663086,186200
1993-10-27,25.918359756469727,25.935778008994237,25.8661049988962,25.8661049988962,118400
1993-10-28,26.109954833984375,26.179627828871592,25.953190595488138,25.953190595488138,129600
1993-10-29,26.109954833984375,26.127373082706182,26.07511833654077,26.09253658526257,80700
1993-11-01,26.179637908935547,26.197056164363982,26.075128376364948,26.075128376364948,36400
1993-11-02,26.162193298339844,26.197029774103278,26.005429157404382,26.144775060458123,262100
1993-11-03,25.83125877380371,26.144787201267278,25.709331052012327,26.144787201267278,479100
1993-11-04,25.55256462097168,25.831256532311524,25.53514637651294,25.831256532311524,130400
1993-11-05,25.674501419067383,25.674501419067383,25.378391158467558,25.48290066220867,363200
1993-11-08,25.709314346313477,25.77898728492137,25.622223173053605,25.691896111661503,367600
1993-11-09,25.726747512817383,25.90092996043294,25.70932926805583,25.883511715671382,246900
1993-11-10,25.918359756469727,25.91835975646973,25.65708596860209,25.726758978700126,46500
1993-11-11,25.84868621826172,25.988032235610838,25.83126796609308,25.91835922693628,88900
1993-11-12,25.97060775756836,26.057698997533375,25.88351651760334,25.900934765596343,108200
1993-11-15,25.953187942504883,26.02286093027,25.88351495473977,26.02286093027,243300
1993-11-16,26.07511329650879,26.09253154186384,25.900930842958296,26.00544031508859,492600
1993-11-17,25.935754776000977,26.092518908293798,25.866081828315277,26.092518908293798,39600
1993-11-18,25.8660888671875,25.953180075494526,25.796415900541877,25.90092535051031,240800
1993-11-19,25.813838958740234,25.848675448563093,25.76158422400594,25.779002468917373,106000
1993-11-22,25.657073974609375,25.761583440901063,25.569982752699634,25.744165196519113,165300
1993-11-23,25.79642105102539,25.813839296164502,25.65707508991249,25.796421051025387,89700
1993-11-24,25.900930404663086,25.918348649723384,25.831257424421896,25.866093914542493,77200
1993-11-26,25.918359756469727,25.970614514043255,25.90094150394522,25.970614514043255,1019800
1993-11-29,25.813838958740234,26.04027614258883,25.81383895874023,25.98802140785454,517500
1993-11-30,25.83125877380371,25.953186495595098,25.779004035893117,25.796422281863315,230000
1993-12-01,25.8660888671875,25.98801655881734,25.8660888671875,25.970598317155932,379200
1993-12-02,25.935754776000977,25.953173012922402,25.866081828315277,25.91833653907955,352000
1993-12-03,26.04027557373047,26.04027557373047,25.918347862014006,25.918347862014006,306000
1993-12-06,26.127365112304688,26.162201599121094,26.075110382080076,26.075110382080076,99500
1993-12-07,26.109954833984375,26.144791331427985,26.07511833654077,26.127373082706182,88800
1993-12-08,26.109954833984375,26.10995483398438,26.07511833654077,26.10995483398438,146700
1993-12-09,26.02285385131836,26.14478154673953,25.988017366912313,26.10994506233348,416500
1993-12-10,25.97060775756836,26.040280749540372,25.918353013589346,26.040280749540372,412900
1993-12-13,26.127365112304688,26.127365112304688,25.935764434814452,25.970600921630858,273200
1993-12-14,25.935754776000977,26.144773619058068,25.935754776000977,26.144773619058068,41900
1993-12-15,25.900930404663086,25.988021629964578,25.900930404663086,25.97060338490428,82600
1993-12-16,25.9880313873291,26.005449638929186,25.953194884128926,26.005449638929186,78200
1993-12-17,26.13085174560547,26.14838922999849,26.025626839247323,26.043164323640347,104700
1993-12-20,26.165937423706055,26.183474915276904,26.09578745742266,26.113324948993508,68800
1993-12-21,26.07823944091797,26.130851894396617,26.043164471932197,26.130851894396617,205700
1993-12-22,26.253602981567383,26.271140458508977,26.095765689093028,26.148378119917812,410300
1993-12-23,26.236087799072266,26.288700274605166,26.201012815383667,26.236087799072266,533800
1993-12-27,26.37637710571289,26.376377105712894,26.236077227491016,26.236077227491016,447100
1993-12-28,26.428987503051758,26.446524986464535,26.341300085987886,26.35883756940066,880600
1993-12-29,26.393905639648438,26.46405555496976,26.376368160818107,26.44651807613943,266700
1993-12-30,26.28868865966797,26.376376080147182,26.236076207380442,26.376376080147182,219900
1993-12-31,26.148386001586914,26.376373270547766,26.130848519359155,26.34129830609225,312900
1994-01-03,26.07823944091797,26.18346434787527,26.043164471932197,26.1483893788895,960900
1994-01-04,26.18346405029297,26.183464050292965,26.078239144531576,26.113314113118705,164300
1994-01-05,26.236087799072266,26.253625290916567,26.113325356162168,26.218550307227964,710900
1994-01-06,26.236087799072266,26.288700274605166,26.201012815383667,26.271162782760864,201000
1994-01-07,26.393905639648438,26.41144311847877,26.218530851345125,26.288680766666452,775500
1994-01-10,26.709575653076172,26.709575653076172,26.358826136949105,26.42897604017452,593700
1994-01-11,26.656970977783203,26.692045939596078,26.569283573251024,26.692045939596078,295200
1994-01-12,26.569286346435547,26.674511242857072,26.48159893275094,26.674511242857072,158400
1994-01-13,26.499130249023438,26.551742684991055,26.46405529171169,26.499130249023438,244300
1994-01-14,26.604366302490234,26.656978760570308,26.58682881646354,26.58682881646354,137200
1994-01-17,26.604366302490234,26.639441274543614,26.55175384441016,26.604366302490234,17700
1994-01-18,26.639434814453125,26.674509778000793,26.586822369131625,26.639434814453125,166400
1994-01-19,26.569286346435547,26.63943627738323,26.516673898224784,26.60436131190939,200800
1994-01-20,26.639434814453125,26.656972296226957,26.586822369131625,26.604359850905457,281100
1994-01-21,26.586824417114258,26.674511832737988,26.569286933989513,26.674511832737988,85600
1994-01-24,26.481590270996094,26.692039995004013,26.481590270996097,26.569277655999393,373800
1994-01-25,26.481590270996094,26.516665224997414,26.42897783999412,26.499127747996756,310400
1994-01-26,26.5517520904541,26.5692895753223,26.446527181244903,26.481602150981303,145100
1994-01-27,26.797279357910156,26.832354330891715,26.56929203353003,26.604367006511588,344500
1994-01-28,26.867429733276367,26.955117167131707,26.867429733276367,26.9025047068185,356500
1994-01-31,27.06033706665039,27.112949517201233,26.93757468203176,26.97264964906565,313800
1994-02-01,26.920053482055664,27.02527844680637,26.88497849380543,27.02527844680637,303600
1994-02-02,27.095409393310547,27.095409393310547,26.99018450246274,27.007721984270706,307600
1994-02-03,26.97264862060547,27.04279855199846,26.884961206364228,27.04279855199846,466100
1994-02-04,26.358856201171875,27.007743546110902,26.358856201171875,26.97266855449258,1403200
1994-02-07,26.481590270996094,26.551740178998735,26.28867802398884,26.28867802398884,516400
1994-02-08,26.499130249023438,26.534205206335184,26.393905377088203,26.534205206335184,188200
1994-02-09,26.604366302490234,26.621903788516924,26.481603900303398,26.516678872356778,144600
1994-02-10,26.37637710571289,26.604364407823443,26.376377105712894,26.58682692304571,883900
1994-02-11,26.46407127380371,26.534221230791925,26.27115889208612,26.393921316815494,519400
1994-02-14,26.499130249023438,26.5868176423028,26.37636789843233,26.411442855744074,2742100
1994-02-15,26.639434814453125,26.656972296226957,26.516672442036292,26.551747405583956,374700
1994-02-16,26.621898651123047,26.67451109905017,26.56928620319593,26.67451109905017,287600
1994-02-17,26.46407127380371,26.762208591003617,26.393921316815494,26.744671101756566,342400
1994-02-18,26.306217193603516,26.499129453023276,26.23606728108724,26.481591974894208,313300
1994-02-22,26.569286346435547,26.569286346435547,26.376374036329413,26.376374036329413,154500
1994-02-23,26.499130249023438,26.621892599614547,26.411442855744074,26.604355120958672,391700
1994-02-24,26.148386001586914,26.41144823500328,26.130848519359155,26.41144823500328,770800
1994-02-25,26.271160125732422,26.271160125732422,26.13086020516776,26.18347267537951,531300
1994-02-28,26.271160125732422,26.41146004629708,26.271160125732422,26.34131008601475,333000
1994-03-01,26.165937423706055,26.32377484784369,26.025637491139264,26.271162373131144,423600
1994-03-02,26.20099639892578,26.20099639892578,25.76255937752475,25.832709300948913,581500
1994-03-03,26.13085174560547,26.165926714391514,26.06070180803337,26.165926714391514,223200
1994-03-04,26.20099639892578,26.27114632234995,26.04315907122141,26.130846475501617,595800
1994-03-07,26.341293334960938,26.376368292797103,26.28868089820669,26.28868089820669,539800
1994-03-08,26.236087799072266,26.358850241982363,26.201012815383667,26.358850241982363,880300
1994-03-09,26.358856201171875,26.376393696981037,26.14840625146192,26.27116872212606,2500100
1994-03-10,26.148386001586914,26.34129830609225,26.060698590448126,26.34129830609225,207400
1994-03-11,26.28868865966797,26.323763627859655,26.043163882326173,26.183463755092912,576600
1994-03-14,26.323762893676758,26.393912828103613,26.288687926463332,26.393912828103613,345900
1994-03-15,26.306217193603516,26.428979540507,26.288679715474448,26.376367106119794,748600
1994-03-16,26.51668357849121,26.516683578491214,26.253621241403007,26.341308687099076,455500
1994-03-17,26.51668357849121,26.55175855676964,26.428996132795145,26.428996132795145,133000
1994-03-18,26.51090431213379,26.546181629914404,26.36979504101132,26.387433699901628,365500
1994-03-21,26.440340042114258,26.49325599950341,26.369785432262052,26.422701389651206,324800
1994-03-22,26.51090431213379,26.563820288804713,26.387433699901628,26.440349676572552,435700
1994-03-23,26.49324607849121,26.563800661922613,26.47560743263336,26.49324607849121,698500
1994-03-24,26.17576026916504,26.440340056252285,26.052289701857656,26.387424098834835,1200500
1994-03-25,25.928813934326172,26.26394826408957,25.928813934326172,26.19339366834991,100900
1994-03-28,25.964088439941406,25.999365734017413,25.73478602844736,25.964088439941406,1117200
1994-03-29,25.45256233215332,25.981721632198088,25.45256233215332,25.964082988863264,338400
1994-03-30,25.099796295166016,25.54076249852452,25.099796295166012,25.470207905987156,1123900
1994-03-31,25.170351028442383,25.223266973141282,24.570636988521542,25.09979643551052,788800
1994-04-04,24.78230094909668,24.852855542546067,24.464805278574445,24.464805278574445,2627300
1994-04-05,25.293821334838867,25.293821334838864,25.029241613763144,25.029241613763144,1179000
1994-04-06,25.293821334838867,25.346737279054008,25.11743485412172,25.329098630982294,516500
1994-04-07,25.417295455932617,25.470211407610478,25.135077046984026,25.276186251458324,666100
1994-04-08,25.223281860351562,25.364391129500383,25.099811249846347,25.364391129500383,242400
1994-04-11,25.32909393310547,25.434925801906743,25.232081386704298,25.293816643505043,203300
1994-04-12,25.293821334838867,25.39965322326915,25.24090539062372,25.355556603089866,1409200
1994-04-13,25.161529541015625,25.346735331538348,24.976323750492902,25.285000068030772,364100
1994-04-14,25.170351028442383,25.30264089018963,25.064519139044588,25.117435083743487,419900
1994-04-15,25.170351028442383,25.276182917840178,25.126254407859967,25.1615317043259,387300
1994-04-18,25.002769470214844,25.267349041328227,24.923395598880827,25.196794489031323,369100
1994-04-19,25.038057327270508,25.13506987767557,24.826393580932187,24.97632206792183,472200
1994-04-20,25.011611938476562,25.12626319207325,24.87932203048039,25.064527901675035,508000
1994-04-21,25.34674835205078,25.382025663605482,25.029252548058498,25.117445826945243,200300
1994-04-22,25.32027244567871,25.426104305430762,25.249717872510676,25.408465662138752,301800
1994-04-25,25.584863662719727,25.60250231398668,25.311464568081906,25.311464568081906,394600
1994-04-26,25.55839729309082,25.593674584040567,25.505481356666202,25.549577970353386,399000
1994-04-28,25.373191833496094,25.54075896760677,25.293817927864716,25.505481676215048,287000
1994-04-29,25.45256233215332,25.48783961882297,25.29381454213989,25.329091828809542,481900
1994-05-02,25.611316680908203,25.805341807278722,25.364375610982094,25.45256885024142,275000
1994-05-03,25.584863662719727,25.628960290887115,25.4349351269506,25.620140965253636,183400
1994-05-04,25.540767669677734,25.637780254058416,25.443755085297052,25.637780254058416,401900
1994-05-05,25.50548553466797,25.61131742485331,25.505485534667965,25.56722080394275,659800
1994-05-06,25.258546829223633,25.382017379366484,25.170353579121592,25.382017379366484,216300
1994-05-09,25.038057327270508,25.258540396372926,24.993960713450022,25.187985814260152,499300
1994-05-10,25.232078552246094,25.31145244493054,25.143885338152256,25.161523980971022,583400
1994-05-11,25.002769470214844,25.240891084216887,24.93221491791794,25.205613808068435,210600
1994-05-12,25.126253128051758,25.187988393722645,25.064517862380868,25.161530422720837,305200
1994-05-13,25.126253128051758,25.196807717389916,25.002782596709977,25.196807717389916,321300
1994-05-16,25.13507652282715,25.25854707416735,25.12625719773142,25.179173148305793,450400
1994-05-17,25.50548553466797,25.505485534667965,25.117435270655037,25.152712567383485,470200
1994-05-18,25.69068717956543,25.78769972984872,25.40846885146859,25.523120047257933,824800
1994-05-19,25.814170837402344,25.88472545533853,25.637784292561875,25.637784292561875,531000
1994-05-20,25.71714210510254,25.78769667877909,25.681864818264263,25.770058035359952,370400
1994-05-23,25.673065185546875,25.69952317096654,25.593691229287884,25.69070384249332,262700
1994-05-24,25.778888702392578,25.8759012838932,25.743611400028716,25.743611400028716,549600
1994-05-25,25.849437713623047,25.867076360988193,25.593677326828413,25.681870563654147,738200
1994-05-26,25.867080688476562,25.92881596458271,25.814164737528433,25.840622713002496,369600
1994-05-27,25.893535614013672,25.893535614013672,25.778884400463884,25.822981021059956,162000
1994-05-31,25.85826873779297,25.91118470383211,25.77007546106107,25.81417209942702,160000
1994-06-01,25.97290802001953,25.97290802001953,25.717147635442092,25.79652154789716,200500
1994-06-02,25.946439743041992,25.99053634355702,25.902343142526966,25.99053634355702,55100
1994-06-03,26.096378326416016,26.18457156171989,25.88471456168672,25.964088473460208,550400
1994-06-06,26.08757209777832,26.22868134509558,26.069933441863665,26.149307393479624,99300
1994-06-07,26.052288055419922,26.08756535813545,25.981733449988855,26.043468729741036,120600
1994-06-08,25.84063148498535,26.11403065769339,25.84063148498535,26.11403065769339,131900
1994-06-09,25.981725692749023,25.981725692749027,25.90235178533737,25.955267723611808,80500
1994-06-10,26.025833129882812,26.078749090160443,26.008194476456932,26.008194476456932,83100
1994-06-13,26.06110382080078,26.069923145274824,25.98172990053438,25.990549225008426,109700
1994-06-14,26.263952255249023,26.272771581056695,26.140481693941606,26.140481693941606,161000
1994-06-15,26.158117294311523,26.28158784121657,26.140478644753664,26.27276851643764,142800
1994-06-16,26.21103286743164,26.228671516736778,26.13165894555853,26.158116919516235,44000
1994-06-17,26.064722061157227,26.25115229388349,26.02921154063794,26.22451940349402,403800
1994-06-20,25.842792510986328,25.922691216791506,25.816159609051265,25.878303046899738,137400
1994-06-21,25.62084197998047,25.825027484325428,25.514310412496144,25.825027484325428,139200
1994-06-22,25.718502044677734,25.807278372067024,25.66523624824416,25.691869146460945,279900
1994-06-23,25.567575454711914,25.79839384423362,25.53206493324704,25.762883322768744,922500
1994-06-24,25.03492546081543,25.443296585353554,24.999414928246896,25.443296585353554,353800
1994-06-27,25.469928741455078,25.469928741455078,25.00829183153676,25.132578691899383,371200
1994-06-28,25.34564208984375,25.478806584186184,25.14145653185201,25.478806584186184,5382300
1994-06-29,25.425521850585938,25.576441498442072,25.354500839830113,25.38113371886355,311800
1994-06-30,25.26573944091797,25.47880259853639,25.176963125243624,25.469924966968957,271900
1994-07-01,25.318998336791992,25.39001936999478,25.21246678698782,25.39001936999478,406900
1994-07-05,25.45216941833496,25.487679944206377,25.292372051913606,25.372270735124285,112000
1994-07-06,25.416656494140625,25.461044647291413,25.26573677342795,25.35451307972952,174800
1994-07-07,25.523193359375,25.523193359375,25.39002887228261,25.416661769701086,66700
1994-07-08,25.51432228088379,25.558710454650114,25.354524855325018,25.363402490078283,148400
1994-07-11,25.425521850585938,25.576441498442072,25.30123508176324,25.53205336671968,124000
1994-07-12,25.4610538482666,25.469931482104908,25.292378805338753,25.434420946751676,257300
1994-07-13,25.505434036254883,25.585332715797623,25.469923512013665,25.469923512013665,532700
1994-07-14,25.78064727783203,25.833913077992843,25.611972243989467,25.62972751070974,494200
1994-07-15,25.789520263671875,25.842786054233674,25.754009736630675,25.762887368390974,49100
1994-07-18,25.833904266357422,25.896047678681995,25.789516114697015,25.789516114697015,72300
1994-07-19,25.78064727783203,25.88717887815365,25.78064727783203,25.87830124479352,609500
1994-07-20,25.665241241455078,25.79840575844637,25.603097800192476,25.79840575844637,185300
1994-07-21,25.718502044677734,25.73625731015559,25.611970451810585,25.66523624824416,86300
1994-07-22,25.762887954711914,25.798398482561275,25.70962216293787,25.780643218636595,151600
1994-07-25,25.798381805419922,25.825014684090352,25.74511604807907,25.771748926749495,120900
1994-07-26,25.771772384643555,25.807282921859738,25.74513948173142,25.789527653251646,489600
1994-07-27,25.771772384643555,25.771772384643555,25.665240772995013,25.771772384643555,83200
1994-07-28,25.82504653930664,25.896067636699026,25.77178071626235,25.77178071626235,828200
1994-07-29,26.082490921020508,26.162389633848687,25.993714573433643,26.00259220819233,459100
1994-08-01,26.206762313842773,26.22451757286299,26.073597871191133,26.10023075972146,486300
1994-08-02,26.242279052734375,26.34881063210948,26.153502736588454,26.29554484242193,505500
1994-08-03,26.251157760620117,26.268913024577248,26.189014336770153,26.233402496662986,144100
1994-08-04,26.10022735595703,26.26002466629963,26.091349727604666,26.233391781242528,231700
1994-08-05,26.011476516723633,26.046987064869327,25.940455420432237,25.967088331541508,138400
1994-08-08,26.073606491088867,26.100239388423994,26.011463063973572,26.0380959613087,328600
1994-08-09,26.11798667907715,26.117986679077145,25.975944603324177,25.975944603324177,105900
1994-08-10,26.215654373168945,26.242287276358752,26.100245126013103,26.135755663599515,840300
1994-08-11,26.11798667907715,26.268906384564676,25.984822233058736,26.153497198015387,876200
1994-08-12,26.322187423706055,26.331065058587573,26.162389995838698,26.162389995838698,184100
1994-08-15,26.31330108642578,26.410955037826145,26.31330108642578,26.348811614207733,325900
1994-08-16,26.499740600585938,26.526373505712154,26.224533914281693,26.33106553478656,1089500
1994-08-17,26.481979370117188,26.553000434468824,26.464224104029277,26.535245168380914,133700
1994-08-18,26.393213272094727,26.45535672749488,26.366580362637517,26.393213272094727,620000
1994-08-19,26.375444412231445,26.428710203706835,26.313300988843487,26.40207730796914,103200
1994-08-22,26.34880828857422,26.384318811874184,26.295542503624272,26.384318811874184,79700
1994-08-23,26.499740600585938,26.62402749117495,26.42871952024936,26.46423006041765,268600
1994-08-24,26.783817291259766,26.78381729125977,26.517488315874353,26.526365948387202,254700
1994-08-25,26.71277618408203,26.81930769428774,26.641755177278224,26.75716431333441,147400
1994-08-26,27.094528198242188,27.14779398106966,26.77493350127734,26.77493350127734,339500
1994-08-29,27.076778411865234,27.263208689455123,27.067900779599047,27.165554734527085,350300
1994-08-30,27.14779281616211,27.19218096661365,27.032383624988103,27.067894145349335,36000
1994-08-31,27.076778411865234,27.209942895858013,27.04126788280049,27.103411308663787,356200
1994-09-01,26.98799705505371,27.005752316274137,26.89034311834134,26.987997055053707,294600
1994-09-02,26.872591018676758,27.112287073352764,26.828202860403422,27.112287073352764,99600
1994-09-06,26.881467819213867,26.908100713354436,26.774936242651595,26.854834925073302,229800
1994-09-07,26.854835510253906,26.943611825990285,26.828202615532994,26.943611825990285,27900
1994-09-08,26.98799705505371,27.02350757749457,26.899220748951556,26.908098379561775,284800
1994-09-09,26.70391845703125,26.7749395167574,26.59738686744203,26.721673721962787,488400
1994-09-12,26.62401580810547,26.739425013008894,26.579627652373382,26.703914488423223,129400
1994-09-13,26.70391845703125,26.7749395167574,26.624019764839336,26.677285559633948,389200
1994-09-14,26.730548858642578,26.766059385190093,26.61513964736315,26.61513964736315,423500
1994-09-15,27.067893981933594,27.067893981933594,26.801565080832248,26.801565080832248,779800
1994-09-16,26.8752384185791,26.94669136219779,26.776990621103405,26.866306800626763,571300
1994-09-19,26.902055740356445,27.05389337235713,26.87526086412103,26.937782242003667,167300
1994-09-20,26.392955780029297,26.785947338175248,26.392955780029297,26.759152459210753,355600
1994-09-21,26.392955780029297,26.473340416922788,26.14287024302733,26.473340416922788,397500
1994-09-22,26.33043670654297,26.455479486017733,26.303641825226947,26.455479486017733,266400
1994-09-23,26.241127014160156,26.392964713016767,26.196468867437623,26.339374936949728,176600
1994-09-26,26.375091552734375,26.392954804717263,26.28577529281993,26.339365048768595,223000
1994-09-27,26.357227325439453,26.44654358204887,26.294705945812858,26.375090576761334,479500
1994-09-28,26.562652587890625,26.598379087672587,26.4822679633812,26.500131213272184,324000
1994-09-29,26.428693771362305,26.562668224410775,26.348309099533218,26.562668224410775,195900
1994-09-30,26.392955780029297,26.544793427494778,26.392955780029297,26.41975065899379,5200
1994-10-03,26.33043670654297,26.437616231807052,26.28577857101627,26.41082135049103,72600
1994-10-04,25.93744468688965,26.464410677429072,25.919581432973057,26.464410677429072,84200
1994-10-05,25.94637680053711,25.94637680053711,25.72308612239135,25.892787037782128,461900
1994-10-06,25.865983963012695,25.982095078868763,25.821325841529593,25.96423183027552,345200
1994-10-07,25.982114791870117,26.05356784045553,25.839208694699295,25.866003587918822,188700
1994-10-10,26.258968353271484,26.303626462715822,26.089267537382995,26.09819915927186,213600
1994-10-11,26.6519775390625,26.723430561955432,26.3750970753524,26.3750970753524,461400
1994-10-12,26.687702178955078,26.723428687896114,26.62518078830826,26.687702178955075,162400
1994-10-13,26.777021408081055,27.053901882947805,26.750226523416533,26.99138048539725,1564500
1994-10-14,26.89312744140625,26.90205906792282,26.687700031525033,26.866332561856524,72800
1994-10-17,26.839534759521484,26.902056138329023,26.812739882889684,26.866329636153285,282300
1994-10-18,26.777021408081055,26.812747920967087,26.687705125865975,26.812747920967087,132100
1994-10-19,26.902055740356445,27.0003036198863,26.66983347964952,26.678765105061323,136700
1994-10-20,26.723430633544922,26.902063191255785,26.643045982575035,26.902063191255785,290300
1994-10-21,26.616254806518555,26.687707839556186,26.500143627832397,26.651981323037372,87800
1994-10-24,26.392955780029297,26.732357580246255,26.3840241537078,26.62517806438827,149600
1994-10-25,26.41975212097168,26.473341881866148,26.29470934555126,26.303640972367006,91800
1994-10-26,26.517995834350586,26.544790710572563,26.39295307864802,26.517995834350582,201000
1994-10-27,26.67877197265625,26.678771972656254,26.553729184702725,26.616250578679487,210300
1994-10-28,27.241455078125,27.26824995197234,26.732352475025618,26.732352475025618,192100
1994-10-31,27.14322280883789,27.20574421708464,27.134291179088358,27.178949327836033,36300
1994-11-01,26.839534759521484,27.027098895944096,26.83060313397755,27.027098895944096,435200
1994-11-02,26.687702178955078,27.000309132189155,26.687702178955075,26.759155196837153,115600
1994-11-03,26.830595016479492,26.875253130688016,26.741278788062452,26.777005279429268,87000
1994-11-04,26.48227310180664,26.95564931576811,26.48227310180664,26.95564931576811,124400
1994-11-07,26.562652587890625,26.634105587454552,26.47333633843571,26.54478933799964,115000
1994-11-08,26.768077850341797,26.857394092752013,26.607308614003408,26.651966735208514,308300
1994-11-09,26.8127384185791,27.053892295095302,26.580516167119054,27.053892295095302,318500
1994-11-10,26.62516975402832,26.884186836506284,26.60730650696087,26.830597095303947,172100
1994-11-11,26.526926040649414,26.616242289944527,26.45547304121332,26.589447415155995,302200
1994-11-14,26.777021408081055,26.785953036302566,26.643046984758435,26.643046984758435,181400
1994-11-15,26.687702178955078,26.91992448707182,26.48227475254411,26.750223569601893,316900
1994-11-16,26.777021408081055,26.77702140808106,26.643046984758435,26.732363266973515,106900
1994-11-17,26.598400115966797,26.7948960201143,26.491220531886338,26.7948960201143,104700
1994-11-18,26.562652587890625,26.651968837345535,26.44654146359924,26.607310712618077,269300
1994-11-21,26.294702529907227,26.625172636431195,26.294702529907227,26.544788015925366,283100
1994-11-22,25.72307777404785,26.29470172458225,25.72307777404785,26.19645385808415,483600
1994-11-23,25.865983963012695,25.874915587309317,25.49978736685126,25.74094122286001,601600
1994-11-25,25.99102783203125,26.026754330769435,25.883848335816687,25.883848335816687,77300
1994-11-28,26.107149124145508,26.116080752309774,25.91958493269595,25.982106329845806,79900
1994-11-29,26.09821891784668,26.15180868975191,26.008902631337964,26.09821891784668,105500
1994-11-30,26.06247901916504,26.267906372640294,26.06247901916504,26.23217987638373,218800
1994-12-01,25.803470611572266,26.089282677882515,25.749880849139092,26.089282677882515,439000
1994-12-02,26.04461097717285,26.044610977172855,25.749867437307728,25.749867437307728,318500
1994-12-05,26.071409225463867,26.187520331983574,26.00888786041479,26.098204096199183,139200
1994-12-06,26.089284896850586,26.098216524682442,25.928515595877183,25.97317373503646,249900
1994-12-07,25.901714324951172,26.008893832502697,25.874919448063295,25.928509201839056,531900
1994-12-08,25.651643753051758,26.04463550971411,25.580190706385874,26.00890898638117,261500
1994-12-09,25.7498836517334,25.76774690782201,25.54445620671437,25.651635743246036,235900
1994-12-12,25.919580459594727,25.919580459594727,25.696289794022753,25.696289794022753,151100
1994-12-13,26.01782989501953,26.026761522171956,25.901718742037982,25.901718742037982,70900
1994-12-14,26.151811599731445,26.26792278511277,25.982110636481824,25.982110636481824,203300
1994-12-15,26.232189178466797,26.31257382354892,26.18753104231006,26.18753104231006,130100
1994-12-16,26.360322952270508,26.41434000750057,26.288300211963755,26.315308739578786,266100
1994-12-19,26.396326065063477,26.41433174450759,26.27928914867677,26.36031470617526,1120200
1994-12-20,26.315303802490234,26.44134357438037,26.315303802490234,26.42333789268178,675600
1994-12-21,26.594392776489258,26.657412664585205,26.33331038294891,26.33331038294891,544500
1994-12-22,26.51336097717285,26.621395045670667,26.486352460048394,26.594386528546213,222000
1994-12-23,26.54037094116211,26.603390817888073,26.495356743500707,26.495356743500707,125800
1994-12-27,26.684419631958008,26.738436675747394,26.612396906905488,26.630402588168618,95200
1994-12-28,26.549388885498047,26.71144008927525,26.486368972918026,26.71144008927525,358200
1994-12-29,26.567392349243164,26.64841794434421,26.540383817542814,26.64841794434421,220100
1994-12-30,26.252273559570312,26.648398400661222,26.252273559570312,26.62138988876866,2209500
1995-01-03,26.378337860107422,26.414349242851596,26.32432078599116,26.333323631677203,324300
1995-01-04,26.504350662231445,26.504350662231445,26.36030527819758,26.49534782572933,351800
1995-01-05,26.504350662231445,26.567370517746262,26.477342152725093,26.522356335235678,89800
1995-01-06,26.531368255615234,26.648405170214147,26.450342699354447,26.55837677436883,448400
1995-01-09,26.558380126953125,26.558380126953125,26.50436308262712,26.52236876406912,36800
1995-01-10,26.58538818359375,26.729433632607464,26.585388183593746,26.621399545847176,229800
1995-01-11,26.603391647338867,26.67541436584266,26.396326331640456,26.67541436584266,222400
1995-01-12,26.612390518188477,26.630396195129066,26.52236213348554,26.5763791643073,40300
1995-01-13,26.927488327026367,26.927488327026367,26.720423054033517,26.75643440585836,170600
1995-01-16,27.089529037475586,27.09853187198455,26.918475181805253,26.918475181805253,105100
1995-01-17,27.09855079650879,27.116556478101153,26.999519547750783,27.03553091093551,89500
1995-01-18,27.0715389251709,27.125555963265686,27.008519047393648,27.08054176485336,84500
1995-01-19,26.918493270874023,27.00852167646223,26.90048758975638,26.981513154785766,139100
1995-01-20,26.81946563720703,26.891488371378788,26.765448586578216,26.882485529607315,78700
1995-01-23,26.90048599243164,26.90048599243164,26.621397951680173,26.639403631728655,53700
1995-01-24,26.93650245666504,26.93650245666504,26.873482564553857,26.891488248014195,32400
1995-01-25,27.008520126342773,27.10755136680603,26.801454805374146,26.801454805374146,15700
1995-01-26,27.035537719726562,27.071549091980607,26.936506446027927,26.990523504409,9800
1995-01-27,27.1435546875,27.215577386504975,27.035520638992537,27.215577386504975,91200
1995-01-30,27.02652931213379,27.10755488302293,26.990517947294173,27.089549200603123,26600
1995-01-31,27.134559631347656,27.17957383113423,27.03552839181719,27.080542591603766,127500
1995-02-01,27.125558853149414,27.26960430341506,27.0805446499414,27.17057305635743,380200
1995-02-02,27.2875919342041,27.2875919342041,27.116538075164218,27.116538075164218,131700
1995-02-03,27.674718856811523,27.719733038426376,27.413636603445376,27.45865078506023,405100
1995-02-06,27.79177474975586,27.872800332116665,27.638726427518783,27.665734954972386,405400
1995-02-07,27.827789306640625,27.836792150156196,27.737760871484877,27.836792150156196,702900
1995-02-08,27.827789306640625,27.92682058531194,27.773772245547175,27.791777932578324,521500
1995-02-09,27.827789306640625,27.82778930664062,27.728758027969302,27.78277508906275,390700
1995-02-10,27.863801956176758,27.863801956176758,27.710753609406158,27.7917792047553,148300
1995-02-13,27.87279510498047,27.92681214975756,27.84578658259192,27.84578658259192,79700
1995-02-14,27.9088077545166,27.962824801783405,27.800773659982987,27.962824801783405,170200
1995-02-15,28.061861038208008,28.097872409447287,27.881804182011614,27.908812710441076,431500
1995-02-16,28.025836944580078,28.052845460748966,27.944811396073423,28.02583694458008,99300
1995-02-17,27.91780662536621,28.016837864604852,27.908803785435424,27.998832184743282,49100
1995-02-21,27.9088077545166,27.962824801783405,27.899804913305466,27.917810595727733,168000
1995-02-22,28.115869522094727,28.11586952209473,27.91780704067107,27.935812720800495,386400
1995-02-23,28.16088104248047,28.322932148223643,28.151878203272517,28.22390091693615,402800
1995-02-24,28.23290252685547,28.24190536567143,28.12486846106393,28.19689117159162,307600
1995-02-27,28.007831573486328,28.23290254402222,27.96281737937915,28.151876994629298,280900
1995-02-28,28.241905212402344,28.241905212402344,27.980822888156357,27.980822888156357,493500
1995-03-01,28.061861038208008,28.250920737214223,28.03485250977855,28.214909365974943,242600
1995-03-02,28.09784698486328,28.097846984863278,27.97180729957392,28.052832811545652,488600
1995-03-03,28.10687255859375,28.106872558593746,27.935818561600385,28.007841297176537,290000
1995-03-06,28.124862670898438,28.124862670898438,27.88178607291052,27.917797420760582,85700
1995-03-07,27.9088077545166,28.088864578739287,27.782767977560717,28.025844690261348,180900
1995-03-08,27.980819702148438,28.01683105311645,27.85477997376038,27.953811188922423,155900
1995-03-09,27.971817016601562,27.998825529974525,27.899794314273652,27.97181701660156,63500
1995-03-10,28.385950088500977,28.457972797257085,27.962816674558844,27.9988280289369,192100
1995-03-13,28.35894012451172,28.45797134399414,28.33193161010742,28.367942962646485,261300
1995-03-14,28.566015243530273,28.60202660847642,28.439975466218765,28.439975466218765,223300
1995-03-15,28.512006759643555,28.566023823286706,28.40397263235725,28.52100960358408,278500
1995-03-16,28.68305206298828,28.701057745388145,28.484989556589742,28.484989556589742,20400
1995-03-17,28.711593627929688,28.74779992506453,28.621077885092582,28.63918103366,89900
1995-03-20,28.711593627929688,28.74779992506453,28.657284182227425,28.74779992506453,91700
1995-03-21,28.6391544342041,28.89259827875458,28.593896604820088,28.711566961218526,104400
1995-03-22,28.666332244873047,28.693486964397717,28.57581651312416,28.693486964397717,74900
1995-03-23,28.68443489074707,28.765899047899712,28.593919160577467,28.630125452645306,220500
1995-03-24,29.091764450073242,29.091764450073242,28.77495929893679,28.77495929893679,134000
1995-03-27,29.20941734313965,29.20941734313965,29.06459221841382,29.137004780776735,132100
1995-03-28,29.20941734313965,29.20941734313965,29.100798499595278,29.137004780776735,121900
1995-03-29,29.20035743713379,29.4809560361887,29.03742921832771,29.182254301710888,246100
1995-03-30,29.14605140686035,29.263721800738978,29.02838101298172,29.263721800738978,298400
1995-03-31,29.02838897705078,29.06459526202372,28.702532412294367,28.919770122131975,541300
1995-04-03,29.100812911987305,29.100812911987305,29.00124558942685,29.019348738983297,193300
1995-04-04,29.290861129760742,29.29086112976074,29.109829849601525,29.109829849601525,66900
1995-04-05,29.290861129760742,29.318015821784623,29.209397053689095,29.227500181705015,107200
1995-04-06,29.39948844909668,29.426643149018872,29.30897278268936,29.36328218253375,352500
1995-04-07,29.372350692749023,29.462866411370747,29.23657711481644,29.462866411370747,361400
1995-04-10,29.426647186279297,29.426647186279293,29.30897680380571,29.327079939570876,285400
1995-04-11,29.32708168029785,29.508113048694753,29.30897854345816,29.499061480274907,250300
1995-04-12,29.426647186279297,29.426647186279293,29.318028371688293,29.37233777898379,150900
1995-04-13,29.589574813842773,29.59862638154355,29.46285286603188,29.480956001433437,243400
1995-04-17,29.41759490966797,29.725348210261416,29.327079233022832,29.698193507267877,178900
1995-04-18,29.318035125732422,29.444757105281745,29.245622565989954,29.444757105281745,329500
1995-04-19,29.290861129760742,29.381376769840347,29.13698454162541,29.318015821784623,223000
1995-04-20,29.336143493652344,29.41760763788032,29.21847306310082,29.372349779975888,207900
1995-04-21,29.48095703125,29.49000859926696,29.345183510995547,29.345183510995547,145000
1995-04-24,29.824913024902344,29.82491302490234,29.46285034781703,29.46285034781703,169000
1995-04-25,29.74347496032715,29.824939133985986,29.725371810625184,29.779681259731078,293200
1995-04-26,29.770614624023438,29.788717764567085,29.61673792940246,29.68915049157704,204400
1995-04-27,29.843017578125,29.861120712840272,29.707244067760467,29.72534720247574,502200
1995-04-28,29.888280868530273,29.933538713576507,29.643888505280636,29.8339714544748,130800
1995-05-01,29.806806564331055,29.924476921250672,29.806806564331055,29.861115959832418,518700
1995-05-02,29.87019157409668,29.91544944011804,29.77062426884969,29.833985281279592,228400
1995-05-03,30.28656005859375,30.28656005859375,29.96975503706034,29.96975503706034,724700
1995-05-04,30.268455505371094,30.521899510798843,30.196042932391737,30.322764935105614,311400
1995-05-05,30.23224449157715,30.39517275530421,30.168883500127734,30.39517275530421,314900
1995-05-08,30.449480056762695,30.54904732210883,30.177932969455064,30.205087678185826,183100
1995-05-09,30.42232894897461,30.612411932589147,30.37707109573305,30.576205649995902,180600
1995-05-10,30.45854377746582,30.512853216593548,30.313718606458554,30.503801643405595,330300
1995-05-11,30.539989471435547,30.53998947143555,30.40421595570599,30.503783200574333,351700
1995-05-12,30.558107376098633,30.630519952819242,30.413282222657404,30.42233379474748,94600
1995-05-15,30.702926635742188,30.702926635742188,30.576204650806933,30.639565643274562,147200
1995-05-16,30.721025466918945,30.793438019581103,30.639561345174023,30.69387075967064,221600
1995-05-17,30.603349685668945,30.73007163053714,30.57619498319719,30.721020063046556,189200
1995-05-18,30.159820556640625,30.56714106235756,30.159820556640625,30.54903792877014,577800
1995-05-19,30.17793083190918,30.23224024552389,30.069312004679748,30.114569849358677,363900
1995-05-22,30.512836456298828,30.558094297379068,30.259392546249472,30.277495682681568,216000
1995-05-23,30.79344940185547,30.79344940185547,30.476644366856956,30.567160091142245,136800
1995-05-24,30.775333404541016,30.947313208860507,30.58525046292473,30.847745953728168,370800
1995-05-25,30.802490234375,30.82964494219255,30.53999472547201,30.68481983383228,379900
1995-05-26,30.449480056762695,30.693872435339568,30.331809652262724,30.684820865762646,518600
1995-05-30,30.44043731689453,30.60336561653893,30.340870022667403,30.52190146671673,61500
1995-05-31,31.074026107788086,31.074026107788082,30.386107091128633,30.386107091128633,564500
1995-06-01,30.992597579956055,31.22793856625245,30.847772357619814,30.938288121579966,810100
1995-06-02,31.019733428955078,31.236971130237514,30.757237873238793,30.865856723880015,112900
1995-06-05,31.209808349609375,31.30937560362495,30.992570704484486,31.019725410125094,257200
1995-06-06,31.1555233001709,31.291296934541194,31.155523300170895,31.182678027044954,165800
1995-06-07,30.992597579956055,31.110268073104255,30.956391274371995,31.092164920312225,41900
1995-06-08,30.920167922973633,31.074044636876017,30.92016792297363,30.98352892281579,141100
1995-06-09,30.739126205444336,30.893002867839083,30.55809483792111,30.856796594334437,304900
1995-06-12,30.911115646362305,31.037837643155594,30.820599934367102,30.838703076766144,378500
1995-06-13,31.246000289916992,31.264103418706053,31.028762744448276,31.055917437631866,120000
1995-06-14,31.2188663482666,31.255072629911442,31.101195932920856,31.200763207444176,389400
1995-06-15,31.354652404785156,31.418013422924158,31.209827220467442,31.264136664586584,274500
1995-06-16,31.44773292541504,31.44773292541504,31.29295253753662,31.29295253753662,325100
1995-06-19,31.802799224853516,31.821008671876047,31.520552796004257,31.538762243026788,134600
1995-06-20,31.720874786376953,31.82102680206299,31.69356060028076,31.711770057678223,287800
1995-06-21,31.702661514282227,31.84833715593315,31.702661514282227,31.821022973123604,158200
1995-06-22,32.1214714050293,32.13968085593918,31.83922491592615,31.83922491592615,297000
1995-06-23,32.05775833129883,32.06686306243523,31.957606288798317,32.04865360016242,315400
1995-06-26,31.675363540649414,32.02134336661799,31.675363540649414,31.966714973044006,132900
1995-06-27,31.611614227294922,31.875651327695714,31.593404772094864,31.666242592895085,127700
1995-06-28,31.77548599243164,31.90295212535257,31.511449002809716,31.611600964390448,212600
1995-06-29,31.720874786376953,31.85744571685791,31.502361297607422,31.775503158569336,89200
1995-06-30,31.702661514282227,31.893860793949063,31.638928421059948,31.784604062710873,714100
1995-07-03,31.82100486755371,31.82100486755371,31.73906236574885,31.73906236574885,9500
1995-07-05,31.939388275146484,32.08506393432617,31.83923625946045,31.912074089050293,409300
1995-07-06,32.3491096496582,32.3491096496582,31.884768362821006,31.948501480622188,202500
1995-07-07,32.4947624206543,32.50386714534487,32.267144303389976,32.28535375277112,481700
1995-07-10,32.51295471191406,32.60400191077128,32.45832639259973,32.52205943179978,400400
1995-07-11,32.35818099975586,32.51296126902875,32.31265739114619,32.485647103862945,420500
1995-07-12,32.75879669189453,32.81342503546078,32.35818883907536,32.421921906569324,203400
1995-07-13,32.685970306396484,32.78612230454979,32.6495513979771,32.71328448771102,215600
1995-07-14,32.65864562988281,32.68595980241965,32.485655870482816,32.51297004301966,543700
1995-07-17,32.84073257446289,32.87715146281827,32.676847576863686,32.704161743130214,171500
1995-07-18,32.558494567871094,32.786112678664374,32.5311803945759,32.786112678664374,221200
1995-07-19,32.20341491699219,32.46745196324403,31.584293567160277,32.43103306031274,486600
1995-07-20,32.32178497314453,32.38551807027468,32.06685258462396,32.23984241969149,318900
1995-07-21,32.285362243652344,32.4128284228433,32.15789606446139,32.29446697073741,94000
1995-07-24,32.52208709716797,32.558506007691115,32.33088781692146,32.33088781692146,108400
1995-07-25,32.76791000366211,32.81343363523152,32.458349308990115,32.55850129844281,107400
1995-07-26,32.74058532714844,32.904470348252076,32.731480603753795,32.74969005054309,167800
1995-07-27,33.01374053955078,33.04105472091279,32.89537908698206,32.89537908698206,187700
1995-07-28,32.8043327331543,33.04105564491172,32.77701855102844,33.04105564491172,415600
1995-07-31,32.722381591796875,32.85895246655396,32.64954379192643,32.83163829160254,342500
1995-08-01,32.66774368286133,32.767895628377346,32.48564923646857,32.767895628377346,141000
1995-08-02,32.59491729736328,33.09567719997641,32.54028894435094,32.85895433692293,240400
1995-08-03,32.58580780029297,32.60401724863066,32.312666075227646,32.36729442024071,1193600
1995-08-04,32.62224578857422,32.67687416555759,32.5858268705853,32.649559977065906,240500
1995-08-07,32.69507598876953,32.795227989849025,32.6768665340278,32.69507598876953,193100
1995-08-08,32.69507598876953,32.813437444590754,32.59492398769004,32.71328544351126,951900
1995-08-09,32.685970306396484,32.80433175875948,32.65865612508195,32.80433175875948,107100
1995-08-10,32.613136291503906,32.79523085482889,32.476565369010174,32.722393029498896,280800
1995-08-11,32.43104934692383,32.622248683331854,32.29447839234666,32.58582976211128,257200
1995-08-14,32.722381591796875,32.722381591796875,32.44013511729891,32.51297291716935,254800
1995-08-15,32.65864562988281,32.71327397495649,32.431027525409135,32.71327397495649,44400
1995-08-16,32.74970626831055,32.74970626831055,32.594925893953786,32.63134480556714,374900
1995-08-17,32.69507598876953,32.767913807736434,32.57671453294831,32.767913807736434,353800
1995-08-18,32.73149490356445,32.86806581414957,32.704180721447436,32.85896108677722,85400
1995-08-21,32.640438079833984,33.00462706817244,32.63133335512552,32.86805619754552,266700
1995-08-22,32.70418167114258,32.75881003696297,32.52208711840793,32.685972215869114,220200
1995-08-23,32.58580780029297,32.74969283533216,32.58580780029297,32.731483386994476,176500
1995-08-24,32.62224578857422,32.685978895054824,32.48567484611577,32.594931600082525,167400
1995-08-25,32.8043327331543,32.85896109740601,32.676866549900296,32.676866549900296,195000
1995-08-28,32.685970306396484,32.89537902980794,32.63134194376741,32.89537902980794,293000
1995-08-29,32.76791000366211,32.77701472997599,32.49476821424564,32.72238637209269,1133100
1995-08-30,32.84073257446289,32.87715146281827,32.758790075663285,32.79520896401866,437400
1995-08-31,32.86806869506836,32.922697064090634,32.804335597875706,32.83164978238685,491900
1995-09-01,33.01374053955078,33.0683689022748,32.83164599713737,32.85896017849938,629900
1995-09-05,33.32329559326172,33.34150504440558,33.05925855167577,33.11388690510734,272200
1995-09-06,33.38702392578125,33.42344282289146,33.34150030439349,33.35060502867105,214500
1995-09-07,33.40523147583008,33.4416503708705,33.35970785702955,33.42344092335029,258800
1995-09-08,33.5327262878418,33.5327262878418,33.31421273071223,33.5327262878418,107300
1995-09-11,33.62376022338867,33.687493318856774,33.58734131169261,33.58734131169261,260700
1995-09-12,33.778533935546875,33.778533935546875,33.55091578234238,33.632858317495995,139500
1995-09-13,33.933319091796875,33.97884272889346,33.73301508857189,33.7421198159912,239800
1995-09-14,34.242881774902344,34.27019595871641,33.960635208823646,34.05168248820387,457600
1995-09-15,34.23341751098633,34.315797392697256,34.09611770813478,34.21511087060612,431200
1995-09-18,34.10529327392578,34.132753252407205,33.94053340303725,34.114446600086254,307500
1995-09-19,34.2700309753418,34.28833761582008,34.05035128960243,34.16934445271126,549600
1995-09-20,34.434810638427734,34.434810638427734,34.297510755499395,34.32497073208506,290800
1995-09-21,34.15104675292969,34.41649310935825,34.013746913397675,34.38903314145185,508500
1995-09-22,34.16021728515625,34.196830594143556,33.84900415876415,33.87646414050463,449900
1995-09-25,34.10529327392578,34.19682653553052,33.98630003383962,34.19682653553052,130000
1995-09-26,34.096134185791016,34.28835400267735,34.0137542642683,34.205974081154636,466600
1995-09-27,34.06867980957031,34.086986461805445,33.73916006933804,33.94968657004199,654400
1995-09-28,34.324954986572266,34.324954986572266,34.06866198933919,34.09612195332845,456200
1995-09-29,34.260894775390625,34.50803454534402,34.21512815132518,34.297508074642984,606600
1995-10-02,34.086978912353516,34.34327198688249,34.00459899554063,34.26089207006961,293100
1995-10-03,34.12356948852539,34.17848939650048,33.94965644660426,34.08695621654199,839700
1995-10-04,34.086978912353516,34.14189885689544,34.041212291901914,34.14189885689544,248800
1995-10-05,34.187679290771484,34.187679290771484,34.03207271836369,34.12360599625063,268800
1995-10-06,34.215126037597656,34.315812604321465,34.20597271335004,34.20597271335004,75300
1995-10-09,33.93136215209961,34.105275257276276,33.867288902824,34.0869686146261,358200
1995-10-10,33.913063049316406,33.913063049316406,33.546930114910836,33.58354340835139,360800
1995-10-11,34.02289962768555,34.03205295015735,33.90390643555213,34.03205295015735,228100
1995-10-12,34.23341751098633,34.25172415136653,34.05035110718426,34.05035110718426,199800
1995-10-13,34.343265533447266,34.48056536900209,34.343265533447266,34.38903214529888,488100
1995-10-16,34.178531646728516,34.30667825708047,34.178531646728516,34.24260495190449,443600
1995-10-17,34.4073600769043,34.44397338903721,34.15106689197391,34.215140188206504,146000
1995-10-18,34.508026123046875,34.617865993995565,34.398186252098185,34.57209938110027,228100
1995-10-19,34.67277145385742,34.67277145385742,34.44393848491697,34.489705078705065,500600
1995-10-20,34.46226119995117,34.67278762959231,34.46226119995117,34.645327660508684,748400
1995-10-23,34.38902282714844,34.45309606637922,34.29748962824732,34.29748962824732,533000
1995-10-24,34.42564010620117,34.471406710968786,34.34326021761946,34.434793427154695,172200
1995-10-25,34.14189529418945,34.49887489646114,34.14189529418945,34.45310828078528,302700
1995-10-26,33.83066940307617,34.224262147754814,33.55606981376549,34.196802188823746,606800
1995-10-27,34.086978912353516,34.086978912353516,33.63846603192781,33.79407254146326,905800
1995-10-30,34.306640625,34.32494726354055,34.16934083594584,34.16934083594584,488700
1995-10-31,34.16021728515625,34.47143041154835,34.16021728515625,34.398203793573735,508200
1995-11-01,34.434810638427734,34.434810638427734,34.11444424492827,34.14190422151395,415700
1995-11-02,34.65449142456055,34.65449142456055,34.37989165099034,34.37989165099034,326000
1995-11-03,34.70024108886719,34.70939441017789,34.59955455444948,34.70024108886719,615000
1995-11-06,34.58125686645508,34.69109675062593,34.57210354277418,34.69109675062593,311200
1995-11-07,34.45309829711914,34.562938142912294,34.34325845132599,34.562938142912294,358200
1995-11-08,34.764312744140625,34.78261938592269,34.49886643830069,34.49886643830069,357200
1995-11-09,34.89247131347656,34.90162463753571,34.72771148041188,34.90162463753571,503700
1995-11-10,34.87416458129883,34.91993120148426,34.691098100557106,34.70025142459419,795600
1995-11-13,34.837562561035156,34.947402485032114,34.746029291037694,34.81010258003592,818500
1995-11-14,34.608707427978516,34.846693778977574,34.608707427978516,34.7734672094394,341800
1995-11-15,34.95653533935547,34.96568866099447,34.62701576035133,34.645322403629336,584700
1995-11-16,35.14876174926758,35.1853750427564,34.947388635079065,34.95654195845127,577700
1995-11-17,35.258602142333984,35.26775546583926,35.15791558377592,35.20368220130231,267000
1995-11-20,35.0755500793457,35.32268991549976,35.066396752080735,35.31353658823479,448800
1995-11-21,35.35927963256836,35.35927963256836,35.10298664015005,35.11213996130785,119200
1995-11-22,35.249454498291016,35.36844772303206,35.249454498291016,35.331834423111744,351600
1995-11-24,35.34099578857422,35.34099578857422,35.25861584501111,35.28607582619881,62400
1995-11-27,35.35011672973633,35.52402978459521,35.35011672973633,35.41418996047381,273000
1995-11-28,35.72541427612305,35.72541427612305,35.24028823035453,35.32266812491899,479000
1995-11-29,35.76202392578125,35.78948388784353,35.64303075684468,35.78948388784353,549200
1995-11-30,35.679649353027344,35.85356247198771,35.64303606482516,35.762029251482254,286200
1995-12-01,35.72541427612305,35.78033420583269,35.64303438155858,35.72541427612305,465200
1995-12-04,36.16477966308594,36.16477966308594,35.762033445628134,35.807800061248344,631700
1995-12-05,36.40275955200195,36.43937283794814,36.10069994294586,36.128159907405504,567700
1995-12-06,36.485172271728516,36.63162554727986,36.320412336733256,36.49432560145048,272800
1995-12-07,36.292930603027344,36.48515041202194,36.26547063031383,36.43938379083275,289700
1995-12-08,36.41192626953125,36.45769289380165,36.18309314817924,36.44853956894757,296900
1995-12-11,36.567535400390625,36.64076200444647,36.41192886677194,36.48515547082779,186500
1995-12-12,36.45767593383789,36.53090249860583,36.40275601026194,36.40275601026194,299400
1995-12-13,36.686527252197266,36.732293878010886,36.50346074894279,36.50346074894279,390700
1995-12-14,36.42107391357422,36.7872068506295,36.3295406793104,36.72313358664483,395000
1995-12-15,36.434410095214844,36.4712497414183,36.30547133350276,36.4712497414183,416700
1995-12-18,35.734458923339844,36.11206531917926,35.7252490112462,36.11206531917926,862300
1995-12-19,36.112060546875,36.15811010125765,35.70682446830767,35.75287402269032,1022600
1995-12-20,35.76207733154297,36.259412427062756,35.76207733154297,36.22257279035758,1349800
1995-12-21,35.94628143310547,36.05680036141632,35.8081327727169,35.97391116518318,857600
1995-12-22,36.075225830078125,36.176534863555496,36.0383861815409,36.13969521501827,332800
1995-12-26,36.25020217895508,36.26862199713544,36.14889317896308,36.222572451684535,432200
1995-12-27,36.231807708740234,36.342326695142084,36.167338300005824,36.342326695142084,151800
1995-12-28,36.19496536254883,36.34232400015717,36.102866214043615,36.158125703146744,256200
1995-12-29,36.24101257324219,36.2686423159918,36.10286385949412,36.231802658992315,339200
1996-01-02,36.6278190612793,36.6278190612793,36.15811356162497,36.194953208656685,514400
1996-01-03,36.72911071777344,36.83962960659322,36.544912569740475,36.74753053257673,610300
1996-01-04,36.37916564941406,36.913340739962415,36.08444835807703,36.77519200964819,1129700
1996-01-05,36.305458068847656,36.39755715070673,36.05679054782815,36.13967972150132,302400
1996-01-08,36.44361114501953,36.48966069157629,36.38835168915142,36.43440123570818,179900
1996-01-09,35.817352294921875,36.58177508753656,35.734463076445586,36.554145348044464,415500
1996-01-10,35.34764862060547,35.84498395815437,35.15424043378089,35.77130464888786,787700
1996-01-11,35.559471130371094,35.559471130371094,35.23712420222735,35.40290262241556,513200
1996-01-12,35.504207611083984,35.66077610119771,35.172650808490204,35.65156619001455,390400
1996-01-15,35.430545806884766,35.63316395290802,35.28318715523149,35.51343504843974,154200
1996-01-16,35.86339569091797,35.891025425656736,35.301591084563064,35.60551816668949,454600
1996-01-17,35.75288391113281,36.02918131384636,35.633155036623606,35.78051365140416,407600
1996-01-18,35.87260818481445,35.900237921542164,35.58710090529475,35.891028009299596,425600
1996-01-19,36.112060546875,36.204159655640304,35.83576322057909,35.872602864085216,169800
1996-01-22,36.121273040771484,36.204162244587636,36.01996401388508,36.08443339463098,288200
1996-01-23,36.20414733886719,36.20414733886719,36.02915909174471,36.10283835369101,362200
1996-01-24,36.498878479003906,36.57255776939806,36.24100096262437,36.25942078522291,1506500
1996-01-25,36.36994171142578,36.54493003568942,36.32389215240904,36.52651021208272,298400
1996-01-26,36.683074951171875,36.70149477288976,36.29625869509625,36.34230824939097,726300
1996-01-29,36.83043670654297,36.83043670654297,36.627818650142885,36.65544838510653,254800
1996-01-30,37.14356994628906,37.21724923207391,36.858062713872755,36.90411226748829,272100
1996-01-31,37.53037643432617,37.539586342653614,37.115930559591284,37.13435037624617,498000
1996-02-01,37.668548583984375,37.668548583984375,37.465930474241674,37.49356021647932,373900
1996-02-02,37.511966705322266,37.73300456462198,37.42907750808487,37.650115367384586,496200
1996-02-05,37.81589126586914,37.87115072704674,37.392235396840896,37.447494858018494,295300
1996-02-06,38.17508316040039,38.21192280639354,37.77905696597404,37.83431643496377,301600
1996-02-07,38.39613342285156,38.39613342285156,38.1290459032395,38.16588556111702,585100
1996-02-08,38.81055450439453,38.84739413847559,38.26716990169893,38.340849169861045,1526600
1996-02-09,38.801368713378906,39.12371571194721,38.61717042848274,38.7921587991341,804600
1996-02-12,39.0960807800293,39.27106912745463,38.83820321540249,38.87504286749203,626500
1996-02-13,39.01317596435547,39.30789306323634,38.90265705227514,38.93028678029522,1045900
1996-02-14,38.67241668701172,39.11449241956151,38.65399686482214,38.98555366423448,431400
1996-02-15,38.432952880859375,38.84739881415405,38.38690333271552,38.58952134454847,889500
1996-02-16,38.27640151977539,38.45138988091007,38.156672641104294,38.359290743470766,606100
1996-02-20,37.898799896240234,38.092208109562485,37.65013219339735,37.9816891305212,492300
1996-02-21,38.36851119995117,38.39614094877495,37.972484800143704,37.972484800143704,434000
1996-02-22,38.976322174072266,39.096050952017194,38.55266649826713,38.580296216254425,721400
1996-02-23,38.865840911865234,39.26186725291031,38.50665423045226,39.19739784855413,1430400
1996-02-26,38.313236236572266,38.83820125231376,38.29481641145853,38.75531203930195,1408400
1996-02-27,38.1934928894043,38.41453070694607,38.01850461718374,38.40532079788182,601000
1996-02-28,38.018524169921875,38.74610736018927,38.018524169921875,38.497439687566235,865900
1996-02-29,37.65013122558594,38.28561533873795,37.65013122558594,37.79748986051973,914300
1996-03-01,38.24876022338867,38.24876022338867,37.49354752454016,38.101401648003595,1452600
1996-03-04,38.46979522705078,38.70004298397591,38.202707829017626,38.3316465728957,652600
1996-03-05,38.82899856567383,38.82899856567383,38.35929293786326,38.37771276640485,402000
1996-03-06,38.48820877075195,38.88423484807723,38.48820877075195,38.77371594277715,624700
1996-03-07,38.681617736816406,38.70003755478632,38.4513700121925,38.561888920011974,534200
1996-03-08,37.429080963134766,38.23955318871446,36.54492944432056,37.834317075924616,2289900
1996-03-11,37.86198043823242,37.917239957237385,37.17123645067041,37.28175548868033,1511400
1996-03-12,37.567230224609375,37.75142846057216,37.079104899308,37.61327978360007,1385300
1996-03-13,37.82511901855469,37.98168756574617,37.60408106957847,37.81590910401401,1019300
1996-03-14,37.990882873535156,38.20271082652699,37.86194411954013,37.880363941539414,725600
1996-03-15,37.96535873413086,38.08561937339589,37.74333909241079,37.92835546051084,869200
1996-03-18,38.69618606567383,38.69618606567383,38.23364499388715,38.31690238680875,917600
1996-03-19,38.61293411254883,39.03847195854242,38.483422594202956,39.03847195854242,858300
1996-03-20,38.56665802001953,38.79792845669511,38.27063186107479,38.79792845669511,744300
1996-03-21,38.474178314208984,38.631442327515444,38.34466677383896,38.61294067889116,650800
1996-03-22,38.57590866088867,38.67766765256008,38.44639721694324,38.49265130406661,344500
1996-03-25,38.501888275146484,38.964428980037724,38.40012932007041,38.92742572364642,802400
1996-03-26,38.68691635131836,38.788675337417,38.40014102685856,38.437144294530796,969400
1996-03-27,38.33539581298828,38.77018432727651,38.29839253517651,38.74243186891769,809600
1996-03-28,38.4834098815918,38.50191152095795,38.1873836517334,38.19663447141647,1001300
1996-03-29,38.298377990722656,38.59440410079588,38.113361671926896,38.59440410079588,457700
1996-04-01,38.74242401123047,38.75167482880717,38.363140490585664,38.48340111908279,773400
1996-04-02,38.816444396972656,38.816444396972656,38.65918044207548,38.78869193434374,638800
1996-04-03,38.816444396972656,38.84419685960157,38.585173875065045,38.67768208382809,288000
1996-04-04,38.78866195678711,38.90892253523649,38.77941114306024,38.81641439796774,934900
1996-04-08,38.12262725830078,38.12262725830078,37.65083546257806,37.81735021400961,2217200
1996-04-09,37.97459411621094,38.27062018483913,37.900587599053885,38.27062018483913,1180900
1996-04-10,37.299293518066406,38.07636213302612,37.15128044855027,37.909847429820466,939500
1996-04-11,37.25303268432617,37.57681121523042,36.78124111072284,37.391794911856564,1276000
1996-04-12,37.72483444213867,37.78033934813495,37.401055823827036,37.512065635819596,411300
1996-04-15,38.039363861083984,38.085617951382,37.79884259153433,37.91910322630916,484200
1996-04-16,38.15037536621094,38.27988682477713,38.030114726113766,38.113372092334885,429700
1996-04-17,38.057857513427734,38.224372203569125,37.798834662096674,38.113362410141534,525300
1996-04-18,38.113372802734375,38.2336334450731,37.94685806718845,38.15037607730014,818600
1996-04-19,38.20586013793945,38.400127223386605,38.1411044427904,38.298368273866664,885100
1996-04-22,38.501888275146484,38.64990130071168,38.242865480407396,38.55739315973344,828900
1996-04-23,38.622161865234375,38.64991431687407,38.353888166050716,38.437145520969786,225400
1996-04-24,38.4834098815918,38.816439390182495,38.40015250444412,38.816439390182495,699000
1996-04-25,38.65916061401367,38.8164244882511,38.335382049407194,38.56665245269753,475500
1996-04-26,38.74242401123047,38.96444363307133,38.62216338273333,38.760925646383875,563300
1996-04-29,38.74242401123047,38.81643055184409,38.57590929484982,38.57590929484982,219900
1996-04-30,38.71467208862305,38.81643108336017,38.55740818766568,38.74242454173317,184400
1996-05-01,38.797935485839844,38.95519941127124,38.64992237955147,38.70542729440961,561900
1996-05-02,38.131858825683594,38.705409346593925,37.94684252861575,38.4926406049659,1299600
1996-05-03,38.07636642456055,38.47415159371898,37.743336980613954,38.353890961182714,1329300
1996-05-06,38.039363861083984,38.224380222276025,37.70633441093831,38.224380222276025,647500
1996-05-07,37.882083892822266,38.03934773315876,37.75257249489808,38.03934773315876,582100
1996-05-08,38.3538818359375,38.3538818359375,37.345542926116664,37.69707392220099,1694700
1996-05-09,38.32613754272461,38.52040471346977,38.18737527790663,38.22437854852476,593400
1996-05-10,38.705421447753906,38.83493289619285,38.52040509284113,38.705421447753906,925100
1996-05-13,39.288230895996094,39.45474564902833,38.76093417806066,38.79793745651227,867500
1996-05-14,39.52876281738281,39.63052186044184,39.40850213013124,39.44550541851633,632300
1996-05-15,39.48248291015625,39.852515552238316,39.45473046200009,39.53798780646856,466100
1996-05-16,39.565738677978516,39.63049438776245,39.24196012905889,39.26046176042573,514400
1996-05-17,39.77852249145508,39.84327822574349,39.66751266124636,39.66751266124636,427700
1996-05-20,40.046791076660156,40.11154680258684,39.65825672110004,40.05604189464968,788500
1996-05-21,39.99128341674805,40.18555058115973,39.963530964689234,40.111544042336234,352700
1996-05-22,40.37057113647461,40.37057113647461,39.898779402294906,40.037541677053646,1218100
1996-05-23,40.20405960083008,40.518587448604634,39.98203994357745,40.42607925808271,967900
1996-05-24,40.36132049560547,40.45382867918467,40.222558220236664,40.2410598569525,659100
1996-05-28,39.954261779785156,40.48155812649684,39.852502835682905,40.48155812649684,456400
1996-05-29,39.68600845336914,40.074542801863664,39.556497003870966,40.03753953057847,649600
1996-05-30,39.88950729370117,40.093025188056785,39.51947475850914,39.63048451906675,895800
1996-05-31,39.59349822998047,40.04678827980968,39.59349822998047,39.88027356762752,923500
1996-06-03,39.70449447631836,39.73224691886937,39.49172575009391,39.60273552029797,503100
1996-06-04,39.98203659057617,40.019039863681755,39.81552186160108,39.88952840781223,627100
1996-06-05,40.333553314208984,40.379807389110596,39.91726664009444,40.00052397491735,428000
1996-06-06,40.03754425048828,40.5555901095519,39.96353769919348,40.5555901095519,523300
1996-06-07,40.03754425048828,40.04679506940013,39.18646891059805,39.18646891059805,1422800
1996-06-10,39.908023834228516,40.10229098780265,39.84326811637047,39.98203036892342,548800
1996-06-11,39.871009826660156,40.2780456578372,39.871009826660156,40.05602611355881,688700
1996-06-12,39.79701614379883,40.102293115613186,39.73226042250487,40.0005341250084,1120600
1996-06-13,39.79701614379883,39.945029221042155,39.56574571060614,39.8895243170759,1502000
1996-06-14,39.6305046081543,39.815520969536905,39.50099315518648,39.815520969536905,1468200
1996-06-17,39.60274887084961,39.79701603419646,39.500989880525076,39.649002957360764,1101000
1996-06-18,39.27896499633789,39.6860009030357,39.26971418027658,39.57499111029993,718000
1996-06-19,39.45472717285156,39.667495924311254,39.325215758919576,39.46397798813242,552100
1996-06-20,39.42696762084961,39.62123470673367,39.18644646689793,39.491723316144295,1234400
1996-06-21,39.7661018371582,39.7661018371582,39.505706408851275,39.61730444955425,573300
1996-06-24,39.84049606323242,40.00789310551491,39.78469704913826,39.85909573459714,416500
1996-06-25,39.79399871826172,39.97999544047841,39.74749953770754,39.95209593214591,454400
1996-06-26,39.52431869506836,39.83121340493595,39.5150188553754,39.747514847699335,838200
1996-06-27,39.80328369140625,39.905581850426216,39.37549139005001,39.524288712260876,1090500
1996-06-28,39.942779541015625,40.17527534742433,39.85908105070849,39.97067903778467,1060800
1996-07-01,40.2868766784668,40.29617651149506,39.98928202156215,40.04508101973177,471300
1996-07-02,40.13807678222656,40.25897460385977,40.072977955193295,40.24967477142645,389400
1996-07-03,40.05436706542969,40.17526485318232,39.914869618022806,40.119465874219564,308300
1996-07-05,39.031394958496094,39.54288571921024,38.910497142327294,39.35688907895055,842900
1996-07-08,38.873313903808594,39.27320684588127,38.761715873462734,39.0593106210517,942000
1996-07-09,39.031394958496094,39.170892438690856,38.910497142327294,39.049994622522064,716300
1996-07-10,39.18949508666992,39.18949508666992,38.64080495612566,39.02209809769032,1132300
1996-07-11,38.39900207519531,39.0964893979465,38.01770900542466,39.02209075018637,1587400
1996-07-12,38.42692184448242,38.63151823378025,38.13862693229003,38.46412118799112,1312000
1996-07-15,37.29235076904297,38.519929397849374,37.29235076904297,38.519929397849374,1951300
1996-07-16,37.385318756103516,37.79451129970266,35.93454519243383,37.40391841717621,4141000
1996-07-17,37.83171844482422,38.092113753687315,37.49692447628595,37.94331643433697,1340500
1996-07-18,38.352508544921875,38.41760737125904,37.692220449216386,37.94331592223115,1432500
1996-07-19,38.07352066040039,38.315316346079534,37.86892431097957,38.25951734169204,1216000
1996-07-22,37.7945442199707,37.94334163815956,37.50624922222978,37.81314389724431,519800
1996-07-23,37.310943603515625,38.05493051485193,37.2458447487737,37.85033411423444,1479800
1996-07-24,37.385318756103516,37.608514688975774,36.678531635341365,36.86452824606825,2463400
1996-07-25,37.72011184692383,37.83170981096798,37.57131456153162,37.757311168271876,1989800
1996-07-26,37.92472839355469,37.98052740541377,37.72943185204791,37.83173004045622,642300
1996-07-29,37.50623321533203,37.92472577538409,37.45973404199292,37.86892676737715,1297900
1996-07-30,37.868919372558594,37.906118703965824,37.45972672707908,37.75732137833691,1868200
1996-07-31,38.14793395996094,38.2502321738955,37.80383996763559,37.89683834393974,767100
1996-08-01,38.780311584472656,38.919809108157814,38.12932314060861,38.18512215008267,1168600
1996-08-02,39.61729049682617,39.63589016372609,39.133699157428296,39.282496492627644,1098500
1996-08-05,39.38481140136719,39.63590701124603,39.263913515129225,39.62660717384311,710200
1996-08-06,39.50568771362305,39.58938620454174,39.161593917623975,39.37549006108286,640000
1996-08-07,39.608009338378906,39.7289072302312,39.35691371683952,39.65450852755286,917800
1996-08-08,39.542903900146484,39.6173025904572,39.394106519525046,39.6173025904572,925100
1996-08-09,39.41269302368164,39.73818718503814,39.3196946918655,39.682388185948454,648800
1996-08-12,39.70100021362305,39.793998574395175,39.282507590148455,39.431304967383866,764200
1996-08-13,39.38481140136719,39.654506686051874,39.28251318993507,39.62660717384311,805200
1996-08-14,39.52431869506836,39.56151805384019,39.282522863051476,39.394120939366964,533800
1996-08-15,39.44990921020508,39.65450562760831,39.403410024431615,39.422009698741,632600
1996-08-16,39.78469467163086,39.803294341884076,39.56149862859226,39.56149862859226,475100
1996-08-19,39.80328369140625,39.83118318932078,39.65448636919538,39.793983858768065,436400
1996-08-20,39.77536392211914,39.821863061611914,39.68236564313359,39.81256323371336,645700
1996-08-21,39.635887145996094,39.76608480438276,39.50568948760944,39.67308647696371,266400
1996-08-22,40.00789260864258,40.08229129317748,39.71029787050298,39.7288975416367,584800
1996-08-23,39.79399871826172,39.99859511270008,39.66380101271003,39.93349625992424,757100
1996-08-26,39.59870910644531,39.7475065103211,39.53361024224965,39.70100732160992,784700
1996-08-27,39.74749755859375,39.78469690118485,39.58010051693379,39.71029821600265,389400
1996-08-28,39.68240737915039,39.877703970423454,39.67310754147072,39.840504619704774,227600
1996-08-29,39.29181671142578,39.63591072759685,39.05932075455344,39.63591072759685,680200
1996-08-30,38.88260269165039,39.29179535331808,38.76170485979403,39.282495520098365,1500900
1996-09-03,39.13369369506836,39.18949268797958,38.315308465703815,38.371107458615036,1782000
1996-09-04,39.170902252197266,39.72889231276987,38.97560573099685,39.133702914825754,930200
1996-09-05,38.69660186767578,39.142993814238736,38.69660186767578,38.98489666649769,616600
1996-09-06,39.24530792236328,39.38480546237168,38.77101628633472,38.83611513833864,804900
1996-09-09,39.71029281616211,39.71959265054529,39.32899960645189,39.39409844713412,719200
1996-09-10,39.69169235229492,39.82189003105128,39.50569566835727,39.65449301550739,669900
1996-09-11,39.91489791870117,39.95209726438496,39.524304789021436,39.61730315323089,713500
1996-09-12,40.193904876708984,40.31480278587077,39.970708736718,40.02650777171575,713300
1996-09-13,40.80768585205078,40.84488520104991,40.547290409056835,40.65888845605424,2008800
1996-09-16,40.95648956298828,41.16108601402954,40.80769214404918,40.863491176151335,1220200
1996-09-17,40.86347579956055,41.05877233842964,40.61238024958601,40.99367349213994,604700
1996-09-18,40.761165618896484,40.91926277050982,40.60306846728315,40.8076647811357,225500
1996-09-19,40.919254302978516,40.947153794548726,40.64025938727639,40.696058370416814,410000
1996-09-20,41.064449310302734,41.14857861687973,40.90553839787953,41.03640620811041,948400
1996-09-23,41.05508041381836,41.12986198105664,40.77464953667479,40.9616034547705,466800
1996-09-24,41.04572677612305,41.42898225273909,40.868120579642444,41.01768369246822,1269800
1996-09-25,41.073768615722656,41.242027112555384,40.980291673037804,41.242027112555384,1353300
1996-09-26,41.05508041381836,41.391597466390635,40.91486497524657,41.12986198105664,773200
1996-09-27,41.092464447021484,41.11115983575989,40.9055105596374,41.11115983575989,407600
1996-09-30,41.05508041381836,41.31681589915235,41.027037326104,41.148557372866215,578200
1996-10-01,41.27939987182617,41.30744294239127,40.94288302504498,41.10179375824721,561400
1996-10-02,41.55986404418945,41.63464562591539,41.37291008987461,41.42899627616906,609000
1996-10-03,41.522464752197266,41.597246318612754,41.40094470677211,41.578550927008884,342200
1996-10-04,42.08333969116211,42.08333969116211,41.57856395963773,41.69073634442093,754100
1996-10-07,42.13006591796875,42.25158596610134,42.02724126185655,42.064632045897355,235100
1996-10-08,41.9618034362793,42.28897276581144,41.88702187524338,42.14875733886909,386200
1996-10-09,41.6346549987793,42.1020399897849,41.587916499678734,42.027258391224,528800
1996-10-10,41.55051040649414,41.7935505123589,41.50377192459707,41.634639673908865,1562200
1996-10-11,42.06462478637695,42.06462478637695,41.70941239929199,41.70941239929199,331300
1996-10-14,42.12071990966797,42.288978444593404,42.05528603497474,42.06463373135949,201600
1996-10-15,42.06462478637695,42.55070489501953,41.849627815246585,42.55070489501953,776900
1996-10-16,42.27027130126953,42.27027130126953,41.84027738710359,42.176794363407375,590100
1996-10-17,42.3824577331543,42.49463009592401,42.204851492102264,42.401153126949254,792500
1996-10-18,42.606788635253906,42.66287479844205,42.30766243158385,42.401139370230744,695800
1996-10-21,42.55071258544922,42.849838860215115,42.438540232412,42.64418954631356,879200
1996-10-22,42.251583099365234,42.52266626526824,42.232887708613305,42.51331856989228,848900
1996-10-23,42.391788482666016,42.41048386898693,41.98983767676643,42.158096153654625,735900
1996-10-24,42.02724075317383,42.466582460335566,42.00854536137972,42.3918008931591,379300
1996-10-25,42.06462478637695,42.21418789672852,41.95245245361328,42.017886314392086,568300
1996-10-28,41.78419494628906,42.31701353956389,41.76549955705135,42.10201656333019,975400
1996-10-29,42.12071990966797,42.22354456990018,41.70007357235438,41.915070589203545,815900
1996-10-30,41.980491638183594,42.25157475052101,41.93375317053921,42.25157475052101,495400
1996-10-31,42.3824577331543,42.401153126949254,41.989854463460325,42.0365929479477,726300
1996-11-01,42.23288345336914,42.56940045299758,42.03658187025255,42.466575814222224,821300
1996-11-04,42.513301849365234,42.513301849365234,42.19548033158194,42.28895724857703,1608400
1996-11-05,42.75636672973633,42.95266836972856,42.64419436402648,42.65354206116897,764000
1996-11-06,43.57892990112305,43.59762528074601,42.793723956958665,42.83111471620459,1665000
1996-11-07,43.6817741394043,43.85003263170245,43.391995624890804,43.448081788990194,1446300
1996-11-08,43.9248046875,43.934152379495636,43.52285393168759,43.69111238760907,1355700
1996-11-11,43.8780632019043,43.98088780676603,43.80328167109577,43.8219770537979,655900
1996-11-12,43.747222900390625,44.02765381641877,43.68178901998406,43.99961072481595,719900
1996-11-13,43.943519592285156,44.00895346532196,43.68178410013796,43.79395645391533,481900
1996-11-14,44.2332878112793,44.2332878112793,43.765903113357915,43.78459850127477,558800
1996-11-15,44.28938674926758,44.569817648904134,44.10243281617653,44.345472929194884,2250900
1996-11-18,44.29874038696289,44.4202604597695,44.11178642879888,44.373521970228495,1518200
1996-11-19,44.616539001464844,44.62588669453031,44.28936974417357,44.35480359563182,1029300
1996-11-20,44.691341400146484,44.87829534869343,44.45764896446281,44.607212123300364,730000
1996-11-21,44.62590026855469,44.7754634030953,44.495032525831654,44.747420315368934,653000
1996-11-22,44.97174072265625,45.01847917695126,44.69130999688621,44.69130999688621,965100
1996-11-25,45.5419807434082,45.56067613780205,44.915685031214366,45.01850970038052,2058800
1996-11-26,45.39240646362305,45.87848659873598,45.14936639606658,45.63544653117951,2861800
1996-11-27,45.30825424194336,45.57933725680128,45.25216810093827,45.50455573546117,872000
1996-11-29,45.476524353027344,45.598044356437285,45.38304742732739,45.467176660457355,1073400
1996-12-02,45.49523162841797,45.541970103483116,45.1026284378707,45.42045006831373,1350600
1996-12-03,44.71936798095703,45.81304817614348,44.71936798095703,45.50457427493705,1777800
1996-12-04,44.84090042114258,44.90633429709588,44.326777110080904,44.79416193831879,2365100
1996-12-05,44.71936798095703,44.95306033035585,44.588500265293696,44.77545414481275,1697700
1996-12-06,44.45763397216797,44.71936941186955,43.466778379012,43.82199076146414,3401800
1996-12-09,45.11197280883789,45.121320503162146,44.61654500965256,44.681978869922325,1864600
1996-12-10,44.896976470947266,45.270884249177094,44.85023799866853,45.20545038798688,1331600
1996-12-11,44.48567581176758,44.64458661000251,43.85938031284166,44.04633419311806,1847900
1996-12-12,43.747222900390625,44.7941649868957,43.63505053397937,44.73807880369007,2540200
1996-12-13,43.85939407348633,44.01830492157867,43.31722765058304,43.70983092234059,1678300
1996-12-16,43.29851531982422,44.08372155619409,43.11156145402187,43.97154923671268,1831100
1996-12-17,43.64439010620117,43.84069171087674,42.99939911941002,43.167657637703364,2023200
1996-12-18,43.99026107788086,44.13047652968031,43.83135023250815,43.89678411001456,1666800
1996-12-19,44.896976470947266,44.94371494322599,44.20524708122207,44.382853275881246,2269300
1996-12-20,44.99550247192383,45.52154592462273,44.939140673420376,45.164587867434186,1543200
1996-12-23,44.88277816772461,45.21155532048107,44.685511876070734,45.145799889929776,1263700
1996-12-24,45.21157455444336,45.21157455444336,44.96733999420743,44.995520905003886,633000
1996-12-26,45.55910873413086,45.58728962613135,45.314874336793245,45.35244885946057,1384300
1996-12-27,45.6154670715332,45.7094033711039,45.39001995256351,45.55910529179078,410400
1996-12-30,45.22093200683594,45.765762512942395,45.183357489173424,45.765762512942395,694100
1996-12-31,44.39430236816406,45.3148782530731,44.39430236816406,45.258516464201115,1378100
1997-01-02,44.50703811645508,44.71369806549729,43.73676012457046,44.71369806549729,2031900
1997-01-03,45.145809173583984,45.16459644331914,44.535222907191354,44.713701969675355,2123200
1997-01-06,44.75127029418945,45.352462842222224,44.67612122568535,45.14580290383596,1374100
1997-01-07,45.296104431152344,45.37125350528117,44.563400958396244,44.75127364371832,939000
1997-01-08,44.901554107666016,45.55910824731803,44.901554107666016,45.540320986185115,1802200
1997-01-09,45.277339935302734,45.615510938968896,45.051892599525296,45.127041711451106,1415700
1997-01-10,45.76576232910156,45.840911364124715,44.63852680375423,44.63852680375423,2369500
1997-01-13,45.70002365112305,45.991226268427226,45.47457646353272,45.991226268427226,1364600
1997-01-14,46.27302932739258,46.52665738095319,45.99122037899189,46.10394395835216,2111200
1997-01-15,46.16029357910156,46.41392156579992,45.91605922154017,46.12271906255366,1583900
1997-01-16,46.34819793701172,46.47031519951297,45.99123978508499,46.31062339470364,1308400
1997-01-17,46.62998962402344,46.742713208932436,46.35757429382668,46.41393608628118,1604000
1997-01-20,46.686344146728516,46.94936580389319,46.57362057937223,46.742705930406665,1889900
1997-01-21,47.06209182739258,47.2217835561482,46.35756949464718,46.517261223402805,2785800
1997-01-22,47.4002685546875,47.4002685546875,46.81786335246978,47.080885056697134,1201600
1997-01-23,46.742713928222656,47.9075243235401,46.23545778832635,47.53177903472802,2601100
1997-01-24,46.141536712646484,46.836665726639936,46.141536712646484,46.81787845599146,2176000
1997-01-27,46.010013580322266,46.43272705747917,45.91607725206518,46.216673502487865,2108500
1997-01-28,46.141536712646484,46.799091185342995,45.69064221708316,46.66758029080369,4376000
1997-01-29,46.5924186706543,46.5924186706543,46.04758796845713,46.216673358794175,1122700
1997-01-30,47.193599700927734,47.21238696195517,46.53604556496735,46.81785448037894,2126300
1997-01-31,47.137245178222656,47.73843762370019,47.11845791430149,47.4566286648826,3208100
1997-02-03,47.27815628051758,47.428454412941235,47.10907088154096,47.32512444689997,755000
1997-02-04,47.569358825683594,47.61632699198068,47.156038962269285,47.34391162745761,654100
1997-02-05,46.67698669433594,47.77604232791157,46.36699664384025,47.63513775950444,2255400
1997-02-06,46.986934661865234,47.01511555030698,46.53604044679736,46.761487554331296,2483100
1997-02-07,47.625694274902344,47.64448153102657,46.761480493188145,47.38145994528746,2321000
1997-02-10,47.17483901977539,47.81360625461106,47.14665811235617,47.644520810095734,1670000
1997-02-11,47.71966552734375,47.71966552734374,46.968174731637546,47.362707399383304,1664300
1997-02-12,48.39596176147461,48.4805043965393,47.65386529812902,47.719620680957114,2675400
1997-02-13,48.92204666137695,49.0347702711958,48.50872675870787,48.58387583192043,1104800
1997-02-14,48.80931854248047,48.97840394158837,48.64023314337257,48.80931854248047,1112900
1997-02-18,49.222618103027344,49.26019262066325,48.54627678558117,48.90323470312221,833100
1997-02-19,48.89387130737305,49.29779762172791,48.790541319979944,49.091137646941704,648100
1997-02-20,48.30204391479492,48.91262984526199,48.189320358401,48.71536362157263,1193900
1997-02-21,48.32083511352539,48.555675875158,48.17993065654583,48.339622374456,1844400
1997-02-24,48.89387130737305,48.922052213025715,48.07662504344577,48.07662504344577,787300
1997-02-25,48.93142318725586,49.01596586506068,48.621433368638186,48.94081681812306,1653900
1997-02-26,48.45235061645508,48.959606710539724,47.869945471394935,48.88445765956422,1597800
1997-02-27,47.729042053222656,48.58386252691745,47.71964842164359,48.58386252691745,1813100
1997-02-28,47.58815002441406,48.02025719005225,47.53178822020038,47.644511828627735,2961200
1997-03-03,47.90753936767578,47.94511390835631,47.3063467167873,47.343921257467834,1210400
1997-03-04,47.644508361816406,48.17055182953362,47.55057202829547,48.03904096260432,1478700
1997-03-05,48.45235061645508,48.45235061645508,47.766615526303625,47.92630725962656,1254800
1997-03-06,48.17056655883789,48.640248370059005,48.02026837924713,48.4711629180194,1528500
1997-03-07,48.602657318115234,48.790529978796,48.24569926282177,48.35842285923023,1859300
1997-03-10,49.10992431640625,49.10992431640625,48.424188953916264,48.65902983148133,1074900
1997-03-11,48.846885681152344,49.175662796313944,48.846885681152344,49.147481900728664,624600
1997-03-12,48.414794921875,48.903263943205516,48.2738903964912,48.884476673154346,1055600
1997-03-13,47.66327667236328,48.377192523190956,47.531765857737135,48.2456817085648,2514100
1997-03-14,47.90753936767578,48.1141993414187,47.64451758291207,47.879358462165385,1642700
1997-03-17,48.03903579711914,48.11418485585534,47.156034356968725,47.64450323875406,3013500
1997-03-18,47.522396087646484,48.16116322225015,47.32512976666594,48.0954077819233,1352500
1997-03-19,47.362709045410156,47.79481626795852,46.93060182286179,47.40028358650132,1510000
1997-03-20,47.11844253540039,47.49418769118508,46.81784641077264,47.34388962887121,1808200
1997-03-21,47.33662414550781,47.52521627357756,47.28004650708689,47.48749784796361,2810600
1997-03-24,47.9966926574707,48.024981474361155,47.12916893949677,47.37433868588071,2145600
1997-03-25,47.52519607543945,48.26070506232125,47.39318164189656,47.88352096648443,2125800
1997-03-26,47.73265075683594,48.07211646747326,47.48748107693121,47.71379155068942,1335300
1997-03-27,46.4691162109375,47.90241687328784,45.9599172914183,47.90241687328784,2898500
1997-03-31,45.48842239379883,46.54453833660676,45.41298554074112,46.41252384375577,4270700
1997-04-01,45.780757904052734,45.97877971990961,45.29041816955001,45.41300310317569,3210900
1997-04-02,44.960350036621094,45.82787356920691,44.92263162216084,45.639281496905646,2672700
1997-04-03,45.205535888671875,45.33755038646942,44.771773967337104,44.92264767910572,2284200
1997-04-04,45.77129364013672,45.78072324327643,44.75289650104839,44.96034777012194,3706700
1997-04-07,45.950469970703125,46.242787756275014,45.950469970703125,45.97875878866169,2596200
1997-04-08,46.28050994873047,46.337087589254594,45.771311184013385,45.941044105585746,1822700
1997-04-09,45.90333557128906,46.49740092482054,45.77132104828207,46.4691120984619,2453200
1997-04-10,45.73357391357422,46.195624454144344,45.676996296361544,45.92216597094978,1996500
1997-04-11,44.28144454956055,45.45071608366309,44.281444549560554,45.29984233732728,4221600
1997-04-14,44.8754997253418,44.93207736735736,44.24371605616804,44.49831544523806,3988500
1997-04-15,45.6392936706543,45.6487232767846,44.960362029272666,45.41298312352709,2760400
1997-04-16,46.16735076904297,46.233358010747075,45.41298229242462,45.48841914008646,2273300
1997-04-17,45.97874450683594,46.46908386580958,45.86558927014971,46.167336567979646,1386000
1997-04-18,46.205074310302734,46.459673699359506,46.01648217026068,46.35594802233638,1702100
1997-04-21,45.90333557128906,46.41253444574461,45.54501043741294,46.31823835788247,2809400
1997-04-22,46.91228485107422,46.91228485107422,45.86559869660804,45.931605931574374,3215000
1997-04-23,46.95941162109375,47.091426031273535,46.582227592008664,46.865115613822475,2047700
1997-04-24,46.72370910644531,47.24233756272271,46.39367281608697,47.10089343828342,2689900
1997-04-25,46.18620681762695,46.59167984603813,46.12019958044373,46.50681339823114,1606200
1997-04-28,46.63883590698242,46.959442542816916,46.09191870467652,46.16735556016699,1666500
1997-04-29,48.109840393066406,48.147558809681904,47.25174641506385,47.43090889398746,3197400
1997-04-30,48.336158752441406,48.69448376855392,47.8081008339598,47.82696004533414,3372200
1997-05-01,48.27958297729492,48.60018958300352,47.864680311083795,48.41159746199846,2149500
1997-05-02,49.1471061706543,49.28855025978704,48.31730084774225,48.449315330932805,1448300
1997-05-05,50.31637954711914,50.429534823461985,49.062241900985924,49.279122847309715,3636200
1997-05-06,50.27866744995117,50.3729635254387,49.78832785741601,50.0712160838786,1721100
1997-05-07,49.18483352661133,50.09007586145694,49.12825588068348,50.09007586145694,2327200
1997-05-08,49.524288177490234,50.22207898577932,48.99623026851471,49.07166711265407,2923700
1997-05-09,49.86376190185547,50.16550932637502,49.27912626684885,50.071213256212665,2558200
1997-05-12,50.693572998046875,50.844446727207725,50.01464121682303,50.05235964911324,2357900
1997-05-13,50.48611068725586,50.75013965610964,50.09949684000567,50.65584359580472,1195100
1997-05-14,50.580421447753906,50.99532423367881,50.354110837249415,50.835020884571456,2772000
1997-05-15,50.919891357421875,51.051905890570744,50.40126283433702,50.58042541503906,884100
1997-05-16,50.222084045410156,50.88215649812865,50.09006955486645,50.76900122051977,1934200
1997-05-19,50.37297058105469,50.63699962940166,50.12780075044678,50.278674492359336,1375800
1997-05-20,50.976436614990234,51.10845106423365,49.939180228077745,50.259786747668876,1756400
1997-05-21,50.86329650878906,51.28762879334514,50.48611225585032,51.10846627319924,1208000
1997-05-22,50.693572998046875,50.97646124022347,50.42954397201538,50.91988359178815,907600
1997-05-23,51.165035247802734,51.42906418015409,50.787851058729366,50.91986552490504,644400
1997-05-27,51.37247848510742,51.61764816950771,50.85385030656834,50.9198575292915,1531000
1997-05-28,51.36307144165039,51.57052280418321,51.00474636091187,51.37250104903824,716700
1997-05-29,51.06132888793945,51.447942827811204,50.99532162991257,51.35364674491566,1282700
1997-05-30,51.39133834838867,51.63650803592227,50.16548991072069,50.22206753092075,2143300
1997-06-02,51.165035247802734,51.598797065237115,51.127316828895395,51.50450101796877,1479100
1997-06-03,50.995296478271484,51.5610726965955,50.90100044188414,50.93871885643908,1562100
1997-06-04,50.9387321472168,51.1461834813965,50.740710419136164,51.01416899600942,1063100
1997-06-05,51.12732696533203,51.48565201599279,50.948164440001655,51.051890112561345,1180800
1997-06-06,52.126853942871094,52.164572361064195,51.0518790243676,51.0518790243676,1511100
1997-06-09,52.390907287597656,52.42862572336986,52.10801901930609,52.1645966729644,1823400
1997-06-10,52.55119323730469,52.749214959533894,52.202297821948456,52.409749149998106,1217500
1997-06-11,52.67377853393555,52.74921538110194,52.40031996295737,52.50404562781116,1673800
1997-06-12,53.692169189453125,53.71102839886284,52.84350476601603,53.032096860113164,4273300
1997-06-13,54.14481735229492,54.31455032205134,53.65447766188752,53.748773756196634,2132900
1997-06-16,54.16367721557617,54.3145509682658,53.99394424380034,54.16367721557617,800400
1997-06-17,54.08824157714844,54.4559963577462,53.673338747756084,53.97508626004143,2048100
1997-06-18,53.8996467590332,54.088238945034014,53.69219535443231,53.78649144743271,1971900
1997-06-19,54.45598220825195,54.61628553250135,53.9373538062686,54.078797915900424,2029900
1997-06-20,54.270423889160156,54.734273665990585,54.223092279279506,54.488149294611176,1396900
1997-06-23,52.95463180541992,54.469244084445165,52.9167664984443,54.16632162864012,3991500
1997-06-24,54.298851013183594,54.4503122433459,53.31435301712867,53.465814247290965,4895100
1997-06-25,53.92015838623047,54.677463981542694,53.27644863021508,54.21361430441396,4708900
1997-06-26,53.655147552490234,54.29885786187085,53.125033180059134,53.82554145791451,2569900
1997-06-27,53.86338424682617,54.35563310110297,53.73085570913627,53.90124954330901,2617900
1997-06-30,53.503684997558594,54.204193258319265,53.238627817811306,53.863405455787046,2384900
1997-07-01,54.1284294128418,54.260957921372714,53.55098376852851,53.61724802279397,1749000
1997-07-02,55.01826095581055,55.01826095581054,54.05269615582901,54.26095523033483,1961800
1997-07-03,55.77558135986328,55.83237930422159,55.415861045593964,55.66198547114665,2539100
1997-07-07,55.20761489868164,56.04065161183048,55.07508633068069,55.96492100154422,1158600
1997-07-08,55.78506088256836,55.8513251666644,55.245480283500584,55.283345588698324,3396500
1997-07-09,55.16972351074219,55.96489454281191,54.54494627125883,55.927029255570496,5390300
1997-07-10,55.41587829589844,55.643070144053816,54.81949969449058,55.207619101756016,2072200
1997-07-11,55.60517120361328,55.85129555691494,55.35904685031162,55.49157534824328,2258900
1997-07-14,55.77558135986328,55.92704254481878,55.26439986063846,55.67145179520637,3186400
1997-07-15,56.05956268310547,56.20155752272833,55.41585274348183,55.92703416612413,2983100
1997-07-16,56.797943115234375,57.00620223999023,56.27729530334472,56.419290161132814,2621300
1997-07-17,56.513938903808594,56.83579383223899,56.21101661822704,56.72219797514591,1794800
1997-07-18,55.311729431152344,56.47608724734809,55.16973457551872,56.35302503913228,3961900
1997-07-21,55.32118606567383,55.49157986259069,54.942533183636364,55.30225342157196,3810300
1997-07-22,56.78848648071289,56.82635178258368,55.51053254257383,55.548397844444615,4243400
1997-07-23,56.74114227294922,57.242857411498825,56.665411685998336,56.91153609358871,3204300
1997-07-24,57.006202697753906,57.11033226096801,56.154233544184024,56.91153945846837,4152700
1997-07-25,56.96833419799805,57.44165036780527,56.72220978969829,57.290189193466965,2364800
1997-07-28,56.930503845214844,57.290224355044934,56.646513969033194,57.10089777092384,2794700
1997-07-29,57.11979675292969,57.23339263642905,56.59914895355761,56.72221116068192,2737100
1997-07-30,57.801368713378906,57.933897236468866,57.19552403639622,57.25232197486335,4839800
1997-07-31,57.744571685791016,58.18002255424124,57.57417786770179,57.80136962515409,2138700
1997-08-01,57.51738739013672,57.99070361289953,56.83581202935827,57.85817507052594,7077700
1997-08-04,57.6688232421875,57.88654860899156,57.19550722739608,57.42269891449596,2339500
1997-08-05,57.70668411254883,57.97174106057234,57.49842508195891,57.61202091682614,1466700
1997-08-06,58.18000030517578,58.482922532602664,57.5930884895362,57.82028016010636,2478200
1997-08-07,57.744571685791016,58.539742836874034,57.630975807064864,58.4640122510566,3641900
1997-08-08,56.57075119018555,57.40378768696204,55.9838391129112,57.138730619805884,7113100
1997-08-11,56.98722839355469,57.11975683167923,56.11632722873624,56.79790205337676,6355900
1997-08-12,56.07849884033203,57.28072189109539,56.021700900925886,57.08192910317389,6132500
1997-08-13,55.90811538696289,56.85474788589555,55.4158664875179,56.76008463600228,6982300
1997-08-14,56.11637496948242,56.53289327222487,55.567328115867376,56.40036472135227,3462700
1997-08-15,54.39348220825195,55.81343040373365,54.29881899521985,55.81343040373365,4907100
1997-08-18,55.60517120361328,55.60517120361328,54.12842508380333,54.75320228833831,5638900
1997-08-19,56.2488899230957,56.2867552141917,55.45371881007988,55.87023701213579,3802800
1997-08-20,57.100860595703125,57.13872588787534,56.10689667618242,56.30568946008656,3564600
1997-08-21,56.097442626953125,57.10087308906197,55.79452022329762,57.02514248814809,5392600
1997-08-22,56.07849884033203,56.18262839590996,54.8668094663343,55.13186651689631,8087800
1997-08-25,55.87023162841797,56.58967208991572,55.64303990373446,56.21101921544322,3888000
1997-08-26,55.04669189453125,56.07852154483287,54.95202862386137,55.73773377042132,4290000
1997-08-27,55.37797927856445,55.71876684335562,54.77213471893571,55.131854926215276,5484300
1997-08-28,54.53547668457031,55.699834197537186,54.526010363326684,55.2454507778428,4287900
1997-08-29,54.75319290161133,55.19810992553521,54.35560747597722,54.60173178708405,2652300
1997-09-02,56.53287124633789,56.5612702104603,54.8857313272383,54.94252925548311,7294000
1997-09-03,56.229957580566406,56.94939811526726,56.19209228926636,56.52341358814176,2812500
1997-09-04,56.589691162109375,56.77901766315357,56.19210550991657,56.381432010960765,2473700
1997-09-05,56.42875289916992,57.21445772900235,56.09743158538516,56.93046803147256,3663300
1997-09-08,56.67488479614258,56.94940820671351,56.5328899286059,56.77901436566948,803500
1997-09-09,56.703277587890625,57.11979582058966,56.2867593551916,56.47608582460025,1885200
1997-09-10,55.529441833496094,56.6464677687761,55.529441833496094,56.41927605312593,3623700
1997-09-11,55.24545669555664,55.68090751940784,54.67747736009856,55.60517694134676,7055900
1997-09-12,56.135318756103516,56.324645294909935,55.094022792668206,55.73773302461003,6708000
1997-09-15,56.040618896484375,56.53286757598052,55.85129248129355,56.135282104079785,2060500
1997-09-16,57.441654205322266,57.72564392617917,56.362493266066046,56.53288709858019,6979000
1997-09-17,57.441654205322266,57.858172462579056,57.252327724751,57.782441870350546,2220000
1997-09-18,57.68780517578125,58.388313476242004,57.53634392162758,57.555276578396786,5045400
1997-09-19,57.7853889465332,57.98491100636175,57.405346927812175,57.557363735300584,1566400
1997-09-22,58.10839080810547,58.497933650344244,57.899367819587106,58.07038662837486,3259000
1997-09-23,57.84235763549805,58.19389627421575,57.61433257254601,58.108386875608744,1872800
1997-09-24,57.36733627319336,58.44095485531838,57.329332075596014,57.99440553354957,2793100
1997-09-25,56.96828079223633,57.61435202203487,56.93027660224818,57.310318502129675,6327800
1997-09-26,57.44334411621094,57.652367200987094,57.27232522866681,57.424342017594924,3995800
1997-09-29,57.994415283203125,58.108427895162244,57.253333305468885,57.46235642739393,2065000
1997-09-30,57.38633728027344,58.18442541463485,57.38633728027343,57.766379249016964,4137600
1997-10-01,58.146400451660156,58.260413001565375,57.63334397708669,57.918375351849726,3567500
1997-10-02,58.46945571899414,58.48845781705036,57.95639907147615,58.0894137578697,2577500
1997-10-03,58.76397705078125,59.43855140334479,57.97539013158726,59.2675325533991,6499900
1997-10-06,59.15351867675781,59.3530406639425,58.925493548546726,59.1725207707754,2272100
1997-10-07,59.70457458496094,59.894595509801675,59.1060086717126,59.30553064279538,1832800
1997-10-08,59.286521911621094,59.818580441597184,58.82097069789202,59.809079396419044,4439400
1997-10-09,59.077510833740234,59.35304119948138,58.50744800806889,58.84948570347169,3607600
1997-10-10,58.90648651123047,58.97299383471089,58.52644466277092,58.56444884761687,2858100
1997-10-13,58.96351623535156,59.315055084966126,58.81149943551823,59.19154143510155,1760300
1997-10-14,58.98250198364258,59.286535499022186,58.48844752115073,59.26753340431096,2235700
1997-10-15,58.849456787109375,59.02047555077873,58.54542342947497,58.56442551432712,2601700
1997-10-16,57.91836929321289,59.28651974895807,57.76635257590787,59.172507210979305,9488100
1997-10-17,57.32932662963867,57.99440002441407,56.55024065290179,57.775875908987864,8151300
1997-10-20,58.146400451660156,58.22240881826364,57.2533021440693,57.671348160388426,3636400
1997-10-21,59.27701950073242,59.286520545691666,58.39342231952259,58.50743485903354,5225400
1997-10-22,58.88748550415039,59.22002212768141,58.697464576418376,59.19151898852161,4485200
1997-10-23,57.72837448120117,58.2224290356815,57.329330417967064,57.72837448120117,8054100
1997-10-24,57.15829086303711,58.46943516807353,56.95876890357504,58.46943516807353,6778700
1997-10-27,53.01585388183594,57.12030708559097,52.80683080201508,56.55974518970776,10840700
1997-10-28,56.075172424316406,56.47421634871853,51.305647423129216,51.305647423129216,19548000
1997-10-29,55.923179626464844,57.006299313419824,55.50513343149977,56.24621532257423,10134400
1997-10-30,54.68800735473633,56.28418269101077,54.57399483071672,55.10605327614154,9772900
1997-10-31,55.98017120361328,56.24620053044647,54.9920622753757,55.82815444542288,7072700
1997-11-03,57.15829086303711,57.38631595956518,56.47421557345289,56.66423648722628,5548500
1997-11-04,57.15829086303711,57.42432014231986,56.7212427613583,57.08228249752775,3455700
1997-11-05,57.34832000732422,57.93738492456313,57.063288595757,57.27231163090629,4774900
1997-11-06,57.129783630371094,57.36730975555973,56.85425332515227,57.17728885540882,3679800
1997-11-07,56.51222229003906,56.7022432123324,55.600121863031035,56.17018462991105,10606800
1997-11-10,56.170204162597656,57.06330280794343,55.94217897655193,56.93028811608342,4347900
1997-11-11,56.18918228149414,56.5882261867736,55.96115719276302,56.36020109804248,3212400
1997-11-12,55.03005599975586,56.379204472125565,54.95404763511531,55.71413128152078,6775300
1997-11-13,55.82815170288086,56.03717473512446,54.783036541662874,55.61912867063726,8589600
1997-11-14,56.588226318359375,56.78774827146306,55.704629097471624,56.132176139836666,5827900
1997-11-17,57.633331298828125,57.956366785831115,57.17728119952978,57.38630416170819,5149900
1997-11-18,57.272300720214844,57.82336134426469,57.09178086061231,57.652342529904395,3433600
1997-11-19,57.55734634399414,57.804373581522015,56.398218537132585,56.96828139296614,4387900
1997-11-20,58.43143081665039,58.69746009516522,57.9373764422657,57.956378533588186,4822700
1997-11-21,58.830482482910156,58.868486670560614,58.16540919902713,58.75447410760924,5436500
1997-11-24,57.766357421875,58.583447345934424,57.538332326788655,58.37442434210527,4337200
1997-11-25,57.91836929321289,58.26040690714918,57.55732958961346,58.146394369170416,4525000
1997-11-26,58.08940124511719,58.36493160758176,57.95638658737567,58.298424278711,2681100
1997-11-28,58.146400451660156,58.52644228467754,58.12739836000929,58.22240881826364,1564700
1997-12-01,59.64757537841797,59.64757537841797,58.39343712579752,58.507449694217556,4850900
1997-12-02,59.286521911621094,59.58105431214358,59.13450518877079,59.40053445375883,1974900
1997-12-03,59.45756149291992,59.91361182076591,58.906500680106035,59.362551007952014,3302500
1997-12-04,59.40052032470703,60.02758915730951,59.21049946634265,59.89457455645444,2872500
1997-12-05,60.16065216064453,60.198656362893836,59.05853029541478,59.210547104411994,3458800
1997-12-08,59.98961639404297,60.19863944768075,59.74258914883468,60.1796373518955,2289200
1997-12-09,59.62856674194336,59.95160231702719,59.36253744481551,59.72357720520331,1703000
1997-12-10,59.115516662597656,59.49555855692486,58.659466389405,59.32453970447762,3558400
1997-12-11,58.10839080810547,58.735459773660565,57.95637408918302,58.564440964872816,5072800
1997-12-12,58.222450256347656,58.67850078054881,57.70939341662135,58.640496570198714,4478400
1997-12-15,58.811500549316406,59.049026803554355,58.298443840162435,58.526469044230865,4674700
1997-12-16,59.17255401611328,59.476587691212124,58.906524550401784,59.115547702032245,2885800
1997-12-17,58.86845779418945,59.514528667334204,58.80195049842455,59.495526582829946,2236300
1997-12-18,58.29841613769531,58.944487242219964,57.899372220194785,58.944487242219964,4658300
1997-12-19,57.862701416015625,58.53042134663235,56.393717568658815,57.71007971758894,8556000
1997-12-22,58.234710693359375,58.549492913323476,57.729151370386724,58.263327258810655,5136800
1997-12-23,57.194984436035156,58.37780265986244,57.09959586959747,58.26333638013722,4436500
1997-12-24,57.023311614990234,57.652876447139676,56.9279230040585,57.652876447139676,2019200
1997-12-26,57.25223159790039,57.46208649546018,57.02329898238063,57.46208649546018,941800
1997-12-29,58.3778076171875,58.43504076191023,57.65285445069954,57.748243025237436,2080000
1997-12-30,59.293514251708984,59.369825080861766,58.51132825289301,58.56856137475759,3616000
1997-12-31,59.25535583496094,59.59875454875015,59.026423359101464,59.1408895970312,4359500
1998-01-02,59.56062698364258,59.61786012936677,58.931062380676465,59.408005261711395,2360900
1998-01-05,59.694129943847656,60.094761688437245,59.08364347590163,59.73228534809429,4191800
1998-01-06,58.740264892578125,59.3889069862279,58.72118718394137,59.369829277591144,3154900
1998-01-07,58.892879486083984,59.04550113684157,58.12977123229605,58.663947009947606,4424200
1998-01-08,58.3778076171875,58.797517345154205,58.22518589792688,58.797517345154205,3831000
1998-01-09,56.35554122924805,58.30146716201152,56.10753106134682,58.148845520226146,10258800
1998-01-12,57.385765075683594,57.5002313624037,55.49707134480172,55.63061534597518,12097900
1998-01-13,58.18702697753906,58.22518240506532,57.519306995829595,57.767317274750255,5224900
1998-01-14,58.45409393310547,58.58763788138606,57.824529605496956,58.41593851931101,3770400
1998-01-15,57.96760940551758,58.45409090620565,57.881759728925566,58.301469258930965,2875400
1998-01-16,58.79750061035156,59.02643312408427,58.396868711319314,58.75934519139611,4374800
1998-01-20,59.75135803222656,59.83720768457171,58.91193920929617,59.026405412423046,5091700
1998-01-21,59.17903137207031,59.636896218275886,58.702088823939505,59.3507306893974,4699400
1998-01-22,58.65441131591797,59.140892853909804,58.530406217998475,58.70210558434854,4543400
1998-01-23,58.568599700927734,59.08369813477954,57.99626810775906,58.911998656828935,6350300
1998-01-26,58.530391693115234,59.05502851565783,58.24422615354655,58.835634935321835,4362900
1998-01-27,59.12179946899414,59.52243121757397,58.396846781087795,58.49223529265442,7044200
1998-01-28,59.656036376953125,59.89450790068575,59.33171510467676,59.465259157967026,4268600
1998-01-29,59.98030471801758,60.78156833066285,59.56059520663195,59.7322945521988,8007700
1998-01-30,60.018463134765625,60.419094961157896,59.827686074578835,60.304628725045816,3649100
1998-02-02,61.01051712036133,61.353915903402765,60.89605085934752,60.99143941019236,5756300
1998-02-03,61.468387603759766,61.54469845118839,60.87697853618789,61.04867794290231,2759600
1998-02-04,61.39206314086914,61.75453958576551,61.01050898834664,61.220363772234016,3374000
1998-02-05,61.3538932800293,62.02161288973112,61.06772773301424,61.84991356152208,5076200
1998-02-06,62.04071044921875,62.04071044921874,61.46837917201193,61.6591562644142,5701200
1998-02-09,61.83086395263672,62.117029629677624,61.487465140187645,62.097951917874894,2322200
1998-02-10,62.42226028442383,62.55580423980005,61.77361821545366,61.92623987874076,3660400
1998-02-11,62.36500549316406,62.479471700860294,62.088378824564835,62.326850090598654,4073200
1998-02-12,62.63208770751953,62.841942402853896,61.58281423084772,62.0979121193957,5024700
1998-02-13,62.26964569091797,62.58442790718639,62.19333485061047,62.38411195137921,2101300
1998-02-17,62.574859619140625,62.937335940105164,62.36500490700327,62.7656366301746,3055500
1998-02-18,63.147216796875,63.175833360378114,62.44134156379815,62.46041927280022,3007400
1998-02-19,62.813377380371094,63.12815968159391,62.727527661855774,63.03277110546578,3387800
1998-02-20,63.2807731628418,63.31892858832437,62.49858694044912,62.975529758981246,3707000
1998-02-23,63.528785705566406,63.64325198611698,63.089998296789226,63.64325198611698,3227800
1998-02-24,63.032745361328125,63.54784346204115,62.84196828698996,63.433377217438256,3386800
1998-02-25,63.81496810913086,64.02482301173188,63.26171427500087,63.33802514867397,3481800
1998-02-26,64.17740631103516,64.2346394320022,63.605075101364804,63.757696757276904,3187600
1998-02-27,64.17740631103516,64.42541650189231,63.81492987824394,64.0820177760901,3442900
1998-03-02,64.04386901855469,64.55896716079508,63.872169637807886,64.25372381724522,4252300
1998-03-03,64.40631103515625,64.4826218302216,63.814902373399775,63.814902373399775,3349200
1998-03-04,63.98661804199219,64.34909441134158,63.75768559819257,64.1583173748419,4404100
1998-03-05,63.3952522277832,63.7577288429887,62.975542462808406,63.185397345295804,7268000
1998-03-06,64.67341613769531,64.67341613769531,63.757686351674856,63.833997167176555,6896300
1998-03-09,64.44450378417969,64.84513569047566,64.25372668594352,64.42542607435607,3362800
1998-03-10,65.05496978759766,65.22666912134791,64.67341571259708,64.84511504634735,5481900
1998-03-11,65.36023712158203,65.51285880779706,65.18853772459013,65.3030039892514,3439600
1998-03-12,65.62733459472656,65.6845677353615,65.01684776128725,65.37932431864184,3191300
1998-03-13,65.3792953491211,65.93254879677924,65.24575141347947,65.83716027132094,2879400
1998-03-16,66.08518981933594,66.16150066208344,65.6464024735378,65.83717958040656,3223600
1998-03-17,66.27593994140625,66.27593994140625,65.72268655674857,66.12331831805241,4581900
1998-03-18,66.52392578125,66.52392578125,65.95159490271904,66.08513877437626,1944100
1998-03-19,66.6957015991211,66.77201247051597,66.33322495999543,66.52400213848263,2554800
1998-03-20,67.26993560791016,67.4612607945083,66.65769501079608,67.078610421312,3123300
1998-03-23,67.11688232421875,67.53779777779138,66.98295467990019,67.17427988606957,4453100
1998-03-24,67.69084930419922,67.84390944960158,67.30819894069329,67.38472901339448,3333600
1998-03-25,67.4421157836914,68.2839464487928,66.84900781509724,68.20741638832904,4597600
1998-03-26,67.40388488769531,67.80566790859841,67.11689701562167,67.26995721406095,3333500
1998-03-27,67.11688232421875,67.82478558704545,66.73423191187999,67.80565306642852,2611300
1998-03-30,67.07867431640625,67.4039274434396,66.71515611560429,67.11693939017488,3108700
1998-03-31,67.3082046508789,68.07350544281614,67.19340953208832,67.44213228946792,5926500
1998-04-01,67.85350036621094,68.00656056723439,66.98297047289003,67.53781370160006,2929000
1998-04-02,68.59010314941406,68.72403082641432,67.80566961269831,67.92046476441281,3920900
1998-04-03,68.93445587158203,69.06838348498782,68.47527548276217,68.7813957419754,3787600
1998-04-06,68.37968444824219,69.4128414040914,68.37968444824219,69.33631125921369,4550500
1998-04-07,67.92042541503906,68.53266586948449,67.44211256000358,68.41787078427596,5583700
1998-04-08,67.5378189086914,68.13092723338531,67.19343342983689,68.09266218017925,4854800
1998-04-09,68.07351684570312,68.13091441471299,67.67173386263406,67.69086638563734,4481200
1998-04-13,67.88220977783203,68.18833022778843,67.34649899040832,68.18833022778843,4350200
1998-04-14,68.45616912841797,68.45616912841797,67.90132594654985,68.0352536111387,3279100
1998-04-15,68.64749145507812,68.64749145507812,68.05438325131352,68.55182884156771,3867200
1998-04-16,67.84391784667969,68.26483329863314,67.6525926412463,68.15003817537311,7177900
1998-04-17,68.7431411743164,68.83880376988321,67.61432254662793,67.7865152186482,5688800
1998-04-20,68.7239990234375,68.91532418775665,68.49440882625453,68.5709388919822,3688300
1998-04-21,69.04930114746094,69.278891508716,68.51359030453244,68.83884331631046,4573200
1998-04-22,69.24059295654297,69.45105068589416,69.06840026889199,69.1066653105922,2386100
1998-04-23,68.57099151611328,69.18323251179287,68.4179312671934,68.95364213841303,5062000
1998-04-24,67.84391784667969,68.85794143547665,67.5569300385296,68.41789346297985,11039700
1998-04-27,66.5620346069336,67.15514270489707,65.89239643181354,66.96381751200563,14510200
1998-04-28,66.46640014648438,67.23170124201097,66.19854476305007,67.2125687146228,6511400
1998-04-29,66.92554473876953,67.32732759740709,66.38983426058613,66.75335208506773,7703100
1998-04-30,68.16919708251953,68.52314884957724,67.59522124404758,67.6908838837929,8684500
1998-05-01,68.93445587158203,68.93445587158203,68.1500227073481,68.41787793415968,4008800
1998-05-04,68.76231384277344,69.37455481187993,68.66665119135055,69.01103673647295,4537200
1998-05-05,68.2839584350586,68.66660880454617,68.03523569489167,68.57094621217428,5146400
1998-05-06,67.48038482666016,68.64746831813345,67.4612523104065,68.64746831813345,5526100
1998-05-07,66.9447021484375,67.69087059193252,66.9447021484375,67.65260554354816,6940400
1998-05-08,68.03526306152344,68.18832327088569,67.34649211939328,67.34649211939328,7951000
1998-05-11,67.80569458007812,68.70492359962205,67.57610419210947,68.3031404206769,6336300
1998-05-12,68.53269958496094,68.55183210857483,67.55694088065245,67.84392873486082,6045200
1998-05-13,68.70490264892578,68.91536044038727,68.32225211899582,68.6092400164433,4441500
1998-05-14,68.3604965209961,68.99186970464929,68.16917131382846,68.28396643812904,4187500
1998-05-15,67.97786712646484,68.70490313851259,67.84393944003499,68.57097545208273,6716100
1998-05-18,67.71000671386719,68.3222475205481,67.24125984625212,67.7865368147023,4847200
1998-05-19,68.16919708251953,68.37965488995926,67.82481157943636,67.95873927507982,5918700
1998-05-20,68.8196792602539,68.87707682427413,67.88218571459016,68.62835404685315,5716600
1998-05-21,68.37968444824219,69.04932321592223,68.15009401360903,68.80060024506965,6301500
1998-05-22,68.11175537109375,68.60920077548938,67.92043021555696,68.4178756199526,4862200
1998-05-26,67.02122497558594,68.62835683340758,66.84903227653362,68.62835683340758,6899300
1998-05-27,67.11688232421875,67.2890750097712,65.86370222380931,66.44724410262592,10202600
1998-05-28,67.4229965209961,67.57605667200858,66.77249087919307,67.26993636998361,4907600
1998-05-29,66.75334930419922,67.8439027322128,66.75334930419922,67.72910763452715,4772600
1998-06-01,67.05950927734375,67.48042488479071,66.46640092139577,66.7151237803417,6092200
1998-06-02,67.11688232421875,67.55693029840833,66.82989451496468,67.346472571622,6701100
1998-06-03,66.04547119140625,67.4612779318941,66.04547119140625,67.26995269669304,6445100
1998-06-04,67.26993560791016,67.38473071986905,66.16024952564088,66.27504463759976,6566300
1998-06-05,68.57099151611328,68.57099151611328,67.26997940029418,67.57609989813396,8463200
1998-06-08,68.49444580078125,68.85796380922115,68.36051811346128,68.53271085430124,4159900
1998-06-09,68.70490264892578,68.82926407115302,68.20745696001683,68.39878222498182,2725300
1998-06-10,68.26485443115234,69.22148075445885,68.1117942194233,68.34138453701686,6186900
1998-06-11,66.98296356201172,68.49443289117451,66.96383103885776,68.22657756701908,8056600
1998-06-12,67.61434936523438,67.61434936523438,66.27507249608712,67.2699638845965,9779000
1998-06-15,65.83502197265625,67.28909394880327,65.81588944665431,66.61945553873556,10234200
1998-06-16,66.84902954101562,66.86816206234964,65.96893355965138,66.37071650766549,7471500
1998-06-17,68.2457046508789,68.43702986716957,67.30821109105466,67.44213874245813,12057700
1998-06-18,67.93959045410156,68.22657830451314,67.80566279057615,68.07351811762696,3844600
1998-06-19,67.59915924072266,68.31891178800463,67.33045162307072,68.21334808106994,3549100
1998-06-22,67.92548370361328,68.21338487783035,67.59919570616728,67.7143561758541,5438300
1998-06-23,68.7315902709961,68.82755730572242,68.17498146958339,68.23256169041919,5004600
1998-06-24,69.65287017822266,69.82561083173712,68.54924933632468,68.88513394038058,8291900
1998-06-25,69.53768920898438,70.28623181984564,69.28817500536395,69.95994401511125,5854800
1998-06-26,69.82562255859375,69.92158960444118,69.48014119354299,69.59530164855991,4833100
1998-06-29,70.0750961303711,70.43977069253955,69.89275884928686,70.17106312041543,5953400
1998-06-30,69.59527587890625,70.13269113665842,69.44172866240564,69.95995051809523,4284800
1998-07-01,70.40142822265625,70.59336232359043,69.78723909966688,70.05594684097473,3489500
1998-07-02,70.53572845458984,70.5549218500877,70.17105394013075,70.45895487259845,3503900
1998-07-06,71.2459487915039,71.2459487915039,70.3630517967816,70.49740568728282,3144400
1998-07-07,71.1115951538086,71.32272269677537,70.80450054585692,71.23635233828895,4920700
1998-07-08,71.62977600097656,71.82171002027178,71.09236074694994,71.16913435466803,6875000
1998-07-09,71.14996337890625,71.68737880232393,71.01560952305182,71.41867109061509,6942500
1998-07-10,71.53384399414062,71.82174516395874,70.67014048468627,71.26513623564371,7849700
1998-07-13,71.55300903320312,71.76413647401998,71.2843013812544,71.59139584062437,6555100
1998-07-14,72.3591537475586,72.57028125186181,71.82173828205948,71.82173828205948,6983600
1998-07-15,72.22481536865234,72.64707046780471,72.18642854145668,72.51271657261987,4977500
1998-07-16,72.7238540649414,72.83901456227306,71.89853716739786,72.28240549183673,6315600
1998-07-17,72.81978607177734,73.08849376945919,72.66623881595916,72.8581728857319,3539500
1998-07-20,72.81978607177734,73.23244432178873,72.43591793223187,72.934946513641,2338400
1998-07-21,71.55300903320312,73.08848133005297,71.41865520722877,73.08848133005297,5518600
1998-07-22,71.55300903320312,71.85050679071779,70.9580135181738,71.45704201465001,10417300
1998-07-23,70.13272094726562,71.61061353427696,69.95998025527729,71.43787284228863,15110900
1998-07-24,70.0750961303711,70.68928486665482,69.3265536080253,70.61251127461935,11540500
1998-07-27,70.5741195678711,70.63169975789111,69.30735538743065,69.78719030426416,9600000
1998-07-28,69.38414764404297,70.42059134329008,68.71237857971614,70.28623753042471,13693000
1998-07-29,69.11547088623047,70.09433481713792,68.94273019254092,69.84482048180857,7462400
1998-07-30,70.15188598632812,70.3822068158318,69.6528575224035,69.78721133961396,6821600
1998-07-31,68.6548080444336,70.32463423953165,68.36690697631325,70.22866721682486,7680500
1998-08-03,68.36692810058594,69.04829417233519,68.19418740633965,68.65482925766308,10486500
1998-08-04,65.71822357177734,68.92352244341484,65.71822357177734,68.92352244341484,15091600
1998-08-05,66.62032318115234,66.86983750018288,64.85452953878242,66.29403522549704,21718400
1998-08-06,66.90819549560547,67.25367671158966,66.063685856533,66.40916707251719,13084400
1998-08-07,67.02336120605469,67.9254511191946,66.62029975550281,67.36884244938487,12083800
1998-08-10,66.63949584960938,67.34965176736155,66.44756181778446,66.7930430750693,6273000
1998-08-11,65.64144134521484,65.98692261545281,64.79693157352202,65.58386113350852,14287100
1998-08-12,66.75468444824219,66.8698449159505,66.02533481942298,66.17888210970071,11158400
1998-08-13,65.94855499267578,67.34967388512786,65.94855499267578,66.83145182901545,9073900
1998-08-14,65.18080139160156,66.77385395800408,64.9696739430422,66.54353310503022,8628500
1998-08-17,66.56275177001953,66.90823318059057,64.79695789376758,65.10405248094183,11290000
1998-08-18,67.79109954833984,67.92545336964176,66.81223599314015,66.94658981444206,7603900
1998-08-19,67.61836242675781,68.23255135598184,67.33046136618405,68.23255135598184,6258600
1998-08-20,67.21530151367188,67.81029704391854,67.04256087585833,67.36884874728392,7402800
1998-08-21,66.67789459228516,66.77386162537711,64.79694074368298,66.44757371286448,16685400
1998-08-24,67.10013580322266,67.52239066239625,66.52433372253138,67.10013580322266,7201700
1998-08-25,67.253662109375,68.32849232573487,66.72584369955543,67.79107721755494,9688300
1998-08-26,66.86981964111328,67.33046133783736,66.17885709602714,66.50514496454005,9339700
1998-08-27,63.72214889526367,66.06374593298119,63.549408130186144,65.71826440282615,24887800
1998-08-28,63.491798400878906,64.9313041082749,62.743255433033,64.47066228190818,23735900
1998-08-31,58.96214294433594,63.88525155931712,58.34795395533244,63.72210760911306,22563100
1998-09-01,61.4572639465332,61.76435833227478,57.5034237301104,59.00050886060058,24748500
1998-09-02,61.015869140625,62.493762164792386,60.670387654456,61.30377037909916,13843200
1998-09-03,60.5359992980957,61.03502782750296,59.42278180941798,59.960197148779635,17311300
1998-09-04,60.036956787109375,61.303721220596984,58.808579154636554,61.07340041450833,17783800
1998-09-08,63.261478424072266,63.261478424072266,61.303750633036046,61.95632656338145,14746500
1998-09-09,61.72601318359375,63.33825979659807,61.6876263594746,63.10793885188316,12109700
1998-09-10,60.49762725830078,61.015849319206275,59.461183136489794,60.45924043897445,19889300
1998-09-11,62.45533752441406,62.45533752441407,59.5763268825388,60.305676245147204,20379800
1998-09-14,63.53020477294922,64.15399077147516,62.70488791336106,63.18472329684255,10686800
1998-09-15,63.91403579711914,64.06758303026537,62.820011760952234,63.184686439674536,8337900
1998-09-16,64.4898452758789,64.64339252653576,63.3574343022846,64.33629802522205,11024900
1998-09-17,62.64725875854492,63.28064097025815,62.5129049560603,62.80080596138449,12945200
1998-09-18,62.92634201049805,63.11895401542764,62.30998359472335,63.099692814934684,7019200
1998-09-21,62.8878059387207,63.73529857617973,60.98094750443791,61.40469382316741,8834600
1998-09-22,63.40786361694336,63.88939356543169,62.96485606433409,63.79308757573402,7270100
1998-09-23,65.9503173828125,65.9503173828125,63.96641472789728,64.02419830037054,13688500
1998-09-24,64.3324203491211,65.83479423751373,63.639017016016794,65.52661497835628,11129500
1998-09-25,64.2553482055664,64.97764303701388,63.25376603929259,63.56194516737684,10247400
1998-09-28,64.83319091796875,65.52659402939088,64.25535499178365,64.91023570812676,8847800
1998-09-29,64.67910766601562,65.29546604758575,63.716047694812296,64.94876445795255,10618100
1998-09-30,62.71445083618164,64.29386882407074,62.48331649649055,63.79307775474005,7908400
1998-10-01,60.903907775878906,62.589262592573846,60.460900224061945,61.65509449417722,13335600
1998-10-02,62.078861236572266,62.17516725772736,59.921606362698206,60.94245018694218,14351800
1998-10-05,60.82688903808594,61.61659849044868,59.382298576446786,61.38546401658641,12807200
1998-10-06,60.76906204223633,62.425524589187944,60.114181500418255,62.0980843182789,12621000
1998-10-07,59.86381530761719,61.65510707840496,59.01632242681437,60.78835299576571,14348500
1998-10-08,59.53638458251953,59.63269060740228,56.83981588580237,58.284406259043706,20625000
1998-10-09,60.73055648803711,60.884646069992165,57.97620521059045,59.78675779856238,12708500
1998-10-12,61.616573333740234,62.52184965342945,61.4432225491189,62.02105849785669,9508500
1998-10-13,61.40469741821289,61.886227354052075,60.865383890073,61.366175023345754,6256800
1998-10-14,61.98250961303711,62.75295721543658,60.923144159737845,60.98092772991781,8176900
1998-10-15,65.314697265625,66.10440607951195,61.59728748318159,61.712854626677235,20541100
1998-10-16,65.33394622802734,65.7962147154898,64.71758824474406,65.41099097593775,16573900
1998-10-19,65.56510925292969,65.83476598898757,65.02579578081394,65.14136295341017,7915900
1998-10-20,65.9503173828125,67.05783585521662,65.39174284890433,66.29701881765205,14611600
1998-10-21,65.71923065185547,66.33558920427616,65.25696173753995,65.87332028996065,9178400
1998-10-22,66.70154571533203,66.85563533869983,65.43030632254776,65.81553038096725,8277500
1998-10-23,65.85404205322266,66.56670644514112,65.81551965365949,66.54744524535954,6237200
1998-10-26,66.33558654785156,66.85563905563089,65.81553404007224,66.39337015982704,5838600
1998-10-27,65.9503173828125,67.16377240475093,65.50730999385084,66.8363321607358,10089700
1998-10-28,65.83477020263672,66.27777772594294,65.35324028599953,65.68068062931282,5650600
1998-10-29,67.43347930908203,67.45274051425459,65.71923204872547,66.00815012631367,9625600
1998-10-30,67.7994155883789,68.35799031907861,67.49123642661354,67.87646037882024,9872800
1998-11-02,68.95508575439453,68.95508575439453,67.91498110893718,68.30020505169915,6501400
1998-11-03,68.45428466796875,68.91655333201805,68.26167272461487,68.78172497167034,6866000
1998-11-04,69.18622589111328,69.70627825722131,68.47356153755783,69.32105428232647,8233600
1998-11-05,70.13006591796875,70.22637196839167,68.49286306077916,68.74325879187873,6841500
1998-11-06,70.34188842773438,70.61154517417147,69.84109732720833,69.93740330807873,5224800
1998-11-09,69.8410873413086,70.4189231439118,69.3402963123858,70.22631120971073,6188700
1998-11-10,69.64847564697266,70.2263114515659,69.18620700329807,69.64847564697266,14015200
1998-11-11,69.18622589111328,70.26485302081883,68.96472210554874,70.14928582835039,10922400
1998-11-12,69.10917663574219,69.7255349557934,68.83951987071978,69.2247438207518,5457400
1998-11-13,69.78328704833984,69.78328704833984,69.10914544008925,69.16692900651073,5524600
1998-11-16,70.30339050292969,70.48637193026607,69.58109539502287,70.39969651731727,6023700
1998-11-17,70.30339050292969,71.26645064680544,69.64850960509418,70.052994865522,9058900
1998-11-18,70.72710418701172,70.88119373861741,69.95665642898327,70.45744747170176,4567700
1998-11-19,71.34349060058594,71.4397966084161,70.65008734420876,71.05457257709544,5249300
1998-11-20,71.88279724121094,71.95984203996893,71.40126724897345,71.71907704385019,5562000
1998-11-23,73.57774353027344,73.73183304552008,72.21019908245945,72.40281097651776,7151300
1998-11-24,73.11549377441406,73.7511131881537,73.00955720545745,73.34662810668301,5323700
1998-11-25,73.11549377441406,73.4621952728175,72.86509824778935,73.30810571797153,4393500
1998-11-27,73.6548080444336,73.78963640643963,73.35625952856311,73.63554684986131,4557900
1998-11-30,71.57463836669922,73.57780370311922,71.57463836669922,73.35629984380354,8705400
1998-12-01,72.49913787841797,72.74953341306713,71.01602586549602,71.57460051971337,8950600
1998-12-02,72.28730010986328,72.67252419784549,71.49759072949973,72.24877770106505,7495500
1998-12-03,71.09306335449219,72.92287668927321,70.93897381051063,72.26799612735158,12145300
1998-12-04,72.96143341064453,73.03847821889231,71.80576128692788,71.88280609517565,10339500
1998-12-07,73.30809020996094,73.63553044474007,72.7302545015272,72.76877688208944,4290000
1998-12-08,72.98069763183594,73.80892935476255,72.42212274893194,73.05774244327098,10102600
1998-12-09,73.11549377441406,73.32736691232726,72.65322510987615,73.15401616312555,5327900
1998-12-10,72.04650115966797,73.25032586825753,71.94056458531209,73.25032586825753,5966600
1998-12-11,72.19098663330078,72.32581505017194,71.2279265127925,71.76724018027713,8198200
1998-12-14,70.11075592041016,71.74795763833181,70.11075592041016,71.59386806488037,9521400
1998-12-15,71.92134857177734,71.95987098665242,70.59232525858702,70.68863129577473,9631500
1998-12-16,71.82501983642578,72.19098266208738,71.34348980266053,72.19098266208738,7260000
1998-12-17,72.97103118896484,73.09622894605295,72.13316927614449,72.24873643653349,6914700
1998-12-18,73.2811050415039,73.66760876007724,72.89460132293057,73.1651539259319,4802400
1998-12-21,74.3053207397461,75.03967761571758,73.59028904472123,73.74489049229418,8580700
1998-12-22,74.63383483886719,74.96236285343497,73.70622632714642,74.45990824291955,5461100
1998-12-23,76.19918823242188,76.19918823242188,74.71114930422088,74.94305147484961,7791000
1998-12-24,75.87068176269531,76.21853511769493,75.7547306443621,76.16055955852833,1507100
1998-12-28,75.67741394042969,76.25716940984054,75.44551175266535,76.21851904521316,4203600
1998-12-29,76.87557220458984,76.98186070311303,75.5228094961129,75.88998794555664,3935800
1998-12-30,76.25720977783203,77.1461686348468,76.08328304493784,76.64371362870801,6810700
1998-12-31,76.25720977783203,76.64371362870801,75.73542957914945,76.25720977783203,6790500
1999-01-04,76.0832290649414,77.43599158324109,75.27157155396158,76.29580603210279,9450400
1999-01-05,76.952880859375,77.22343342894588,76.0252720494177,76.0252720494177,8031000
1999-01-06,78.80811309814453,79.00136496940041,77.76455299336283,77.803203367614,7737700
1999-01-07,78.42160034179688,78.67282774555325,77.78386923995377,78.15104775313615,5504900
1999-01-08,79.0013656616211,79.4651701566991,77.89982998581083,79.27191828374994,6224400
1999-01-11,78.24771118164062,78.96274336581466,77.43605302663225,78.96274336581466,7578300
1999-01-12,76.8369369506836,78.05442362771907,76.52773398508728,78.05442362771907,7768800
1999-01-13,76.29583740234375,77.37804786195147,74.44061947158768,74.45994465836638,10810600
1999-01-14,74.96239471435547,76.62436067089958,74.76914285894337,76.45043400102868,11400700
1999-01-15,76.91421508789062,77.16544242360483,75.48415179228662,75.67740358898986,7817700
1999-01-19,77.41670227050781,77.68725489951107,76.37314213006661,77.48434042775862,6535100
1999-01-20,78.03508758544922,79.11729781446981,77.32005582698919,77.97711203746597,6534400
1999-01-21,75.96728515625,77.82250249916528,75.81268371100705,77.65823846359467,6937500
1999-01-22,75.7933578491211,76.58569024886968,75.31022833707927,75.52280532237766,7522300
1999-01-25,76.56639099121094,76.68234211335816,75.38755458271426,76.23786281179383,5700300
1999-01-26,77.95782470703125,77.95782470703125,76.45045972756957,76.75966280027966,6047000
1999-01-27,77.04949951171875,78.30563632342222,76.77894696765955,78.1510348696741,7399400
1999-01-28,78.34427642822266,78.51820304091481,77.41666782719783,77.45531818557386,5961700
1999-01-29,78.94336700439453,79.3395332280396,77.5519539262265,78.7501151879823,6456800
1999-02-01,78.47959899902344,79.58113486283636,78.47959899902344,79.58113486283636,9426800
1999-02-02,77.9964370727539,78.67281846461377,77.15579162858522,78.58585514280321,9194500
1999-02-03,78.78878784179688,79.11731602264322,77.7065773637148,77.7259025508234,10290700
1999-02-04,77.60993957519531,78.8467513612542,77.16546033958039,78.76945062462552,7761100
1999-02-05,76.7209701538086,77.70655440515475,76.1991902560371,77.70655440515475,7516100
1999-02-08,76.87557220458984,77.35870174333161,76.27649157655006,77.35870174333161,8528400
1999-02-09,75.1556396484375,76.99153210577913,75.14597705655676,76.91423137073316,8985700
1999-02-10,75.63880157470703,76.0639557991944,75.03005802600921,75.52285042257411,6936700
1999-02-11,77.37804412841797,77.97712488965198,75.75472851733228,76.10258186256493,9181800
1999-02-12,76.45043182373047,77.60994292318037,75.83202590402385,77.18478885338207,10676600
1999-02-16,75.98662567138672,77.68724191225193,75.98662567138672,77.14613674470391,6915500
1999-02-17,75.90930938720703,77.52296196710311,75.60010649764611,76.17986191557284,7858100
1999-02-18,76.5083999633789,76.91422880885274,75.58079117372439,76.17987185037626,9048900
1999-02-19,76.8369369506836,77.76454584747253,76.29583176089005,76.68233546788544,5312200
1999-02-22,78.88543701171875,78.98206297572135,76.85629176766426,76.95291773166684,10695800
1999-02-23,78.84677124023438,79.46517728917738,78.28634075837977,78.90474680732278,7770700
1999-02-24,77.4553451538086,79.67774153421976,77.30074366647564,79.05933558488796,7271000
1999-02-25,76.7209701538086,77.47465222836742,75.87066217225504,77.01084787479274,11633000
1999-02-26,76.41178894042969,77.20412160268503,75.94798445520705,77.1461460420322,9621300
1999-03-01,76.62432861328125,76.87555592021003,75.67739491793427,76.46972719363276,7607200
1999-03-02,75.9479751586914,77.49398992019148,75.63877220639138,76.99153512270395,9651500
1999-03-03,76.35381317138672,76.41178873188132,75.31025308248394,76.12191092940832,7881400
1999-03-04,77.320068359375,77.60028355337923,76.22819536204815,76.72098759977973,8256400
1999-03-05,78.875732421875,79.23324829834314,78.26698917275358,78.84674464810732,10703100
1999-03-08,79.3878402709961,79.64873020372697,78.69213378371376,79.32986473038923,4802200
1999-03-09,79.19462585449219,80.35413721400158,79.00137396124062,79.2332762331425,7893400
1999-03-10,79.89031219482422,79.92896256356869,79.02067889807358,79.44583295426278,3950000
1999-03-11,80.77928924560547,81.12714264427076,79.69707867198014,80.19953358116334,6583700
1999-03-12,80.00625610351562,81.0304907831017,79.90963019034713,81.01116560046799,5286500
1999-03-15,81.14644622802734,81.1657714116968,80.08356112620751,80.35411369757983,5394400
1999-03-16,80.8372802734375,81.41703604876695,80.68267873334963,81.08850777608026,4547500
1999-03-17,80.48942565917969,80.97255546505713,80.16089739118304,80.81795392717635,4524100
1999-03-18,81.78418731689453,81.86148806105038,80.23817243377744,80.25749761981639,3506300
1999-03-19,80.39405822753906,82.21503207654838,80.39405822753906,82.02131145431335,5526700
1999-03-22,80.54903411865234,80.95584742228189,80.22939509437197,80.62652236696273,4603800
1999-03-23,78.2243881225586,80.29719880336934,77.9241211547776,80.16159436630696,9713800
1999-03-24,78.66995239257812,78.83461493760075,77.87569776364542,78.6312082643375,6280900
1999-03-25,80.2778091430664,80.2778091430664,79.19297388437631,79.38669446628526,6639600
1999-03-26,79.69664764404297,80.04534469255847,79.17360207126971,79.73539176054469,6159700
1999-03-29,81.30455780029297,81.47890638742727,80.06474562511576,80.06474562511576,5863900
1999-03-30,80.87836456298828,81.3432940838294,80.31657472530524,80.54903948572581,5401400
1999-03-31,79.58041381835938,81.58542181013158,79.54166970257634,81.30452697070456,7413600
1999-04-01,80.18098449707031,80.39407723190186,79.42547389175847,80.39407723190186,7683600
1999-04-05,82.0794448852539,82.19567728301448,80.74277231100739,81.1689577694628,5791100
1999-04-06,81.88570404052734,82.43780779381692,81.30454219495937,81.94382022508414,5381300
1999-04-07,82.54432678222656,82.67993116792842,81.4401196415115,82.2537459557226,6248600
1999-04-08,83.59040069580078,83.64851684923936,82.00189250181339,82.56368198505282,5909100
1999-04-09,83.60982513427734,83.99726639995981,82.81557053962828,83.33861624829962,4365800
1999-04-12,84.50090789794922,84.55902406569196,82.58307436243868,82.73805080975265,8213200
1999-04-13,83.95849609375,84.59777398278871,83.37733437644209,84.46216958208353,10071400
1999-04-14,82.54432678222656,84.34592790655115,82.2537459557226,84.34592790655115,11551700
1999-04-15,82.2343978881836,82.79618764996388,81.20767866837824,82.7186994069597,11150000
1999-04-16,81.53700256347656,82.38937322462957,81.32390989818832,82.38937322462957,6476200
1999-04-19,80.2778091430664,83.3967105118004,79.5804150481942,82.25375907853763,12487200
1999-04-20,81.28518676757812,81.32393089854455,79.96788631471937,80.47156001728301,9049600
1999-04-21,83.60982513427734,84.0747546530963,80.83962008464768,81.24643341361427,5772200
1999-04-22,84.404052734375,84.53965713399414,83.3095315088776,83.76477485045616,6897400
1999-04-23,84.19099426269531,84.77215621112626,83.68732057405516,84.22973839259072,4593100
1999-04-26,84.67528533935547,84.81088977709867,83.97789108810478,84.61716915175126,3606500
1999-04-27,85.08204650878906,85.2370229140874,84.21030422898589,85.00455830613988,5147200
1999-04-28,83.9197769165039,85.08210069651089,83.68731216050251,84.57842705850786,5544300
1999-04-29,83.2804946899414,84.34595810188529,82.95116963534056,84.03600510931979,9824300
1999-04-30,82.60247039794922,84.07474707483574,81.5176349518223,83.74542202869007,10991900
1999-05-03,84.11347961425781,84.21033990860865,82.5055987280341,82.71869137560591,10709700
1999-05-04,82.91241455078125,84.19097047609704,82.52497336129161,83.76478516765845,10509300
1999-05-05,83.57105255126953,83.72602900477213,81.73070716592633,83.0286349640105,10032300
1999-05-06,83.05767822265625,83.76475816554301,82.06001748132289,83.33857299448798,13507200
1999-05-07,83.68728637695312,83.76477460507994,82.71868352536802,83.37733346444588,8680700
1999-05-10,83.2707748413086,84.13283125178626,82.77678746002364,83.59041373508121,5580100
1999-05-11,84.11347961425781,84.8496178513241,83.5129457892827,83.88101490781584,7000600
1999-05-12,84.77214813232422,85.06272907884727,81.51764153126608,84.15224211307505,13865800
1999-05-13,85.14018249511719,85.54699565379693,84.81085755713835,85.08206632959151,4485700
1999-05-14,82.93183135986328,84.22976004500947,82.75748273051529,83.41613310805216,8370100
1999-05-17,83.18363189697266,83.36766648081552,82.06005233245835,82.83493479074407,6268100
1999-05-18,83.02867126464844,83.67763544742158,82.21504452803731,83.39674050263918,8218600
1999-05-19,83.62921905517578,83.6873352602176,82.60249943277033,83.35801009831397,5052400
1999-05-20,83.12551879882812,84.05537778329415,83.10614673665174,83.76479685064852,4670400
1999-05-21,82.66056823730469,83.4935666985665,82.19563886357717,83.14486966827086,6418200
1999-05-24,81.28518676757812,82.97055646461799,80.82994322872253,82.97055646461799,7952000
1999-05-25,79.96785736083984,82.04066761704378,79.61916030839431,81.44013380449871,15406400
1999-05-26,80.85896301269531,81.20766002616645,79.40605878989892,80.16156898575305,12575900
1999-05-27,79.69664764404297,80.76211084784033,79.34795059552746,80.49090203232828,14515400
1999-05-28,80.71368408203125,81.05269511561713,79.71602304033568,79.96785980814234,8748000
1999-06-01,80.43276977539062,80.68460648229816,79.58039938278051,80.66523442792067,6705300
1999-06-02,80.51026916503906,80.70398973569604,79.35763176963006,80.43278093677627,6981900
1999-06-03,80.95584106445312,81.13018960945912,80.45216748999134,81.01395724612179,6076600
1999-06-04,82.58308410644531,82.67025836834515,81.16892385784796,81.49824884724734,9787200
1999-06-07,82.79617309570312,83.18361424261798,82.38935989144254,82.71868486632016,5299100
1999-06-08,81.98255920410156,82.94147618912118,81.57574593772961,82.67995337502492,4895700
1999-06-09,81.90504455566406,82.50557823145063,81.71132401508775,82.07939304218274,7409700
1999-06-10,81.14955139160156,81.49824843744754,80.33592495129426,81.47887637934498,7040700
1999-06-11,80.4715347290039,81.96318330245921,80.02597736290687,81.34327740180247,12824800
1999-06-14,80.54903411865234,81.05270773266989,80.30688334268237,81.01396360851469,6823500
1999-06-15,81.0914306640625,81.61447620346281,80.63618732421409,80.87833803689942,5700900
1999-06-16,82.64117431640625,82.98987125445016,82.06001275299974,82.06001275299974,7865800
1999-06-17,83.41606903076172,84.03597479225367,82.21500161787104,82.36997805824403,8162800
1999-06-18,83.51246643066406,83.74563292604981,82.92955019219967,83.3570221004069,2875100
1999-06-21,83.70674896240234,84.09535968181925,83.10440234730613,83.60959628254811,4646400
1999-06-22,83.12385559082031,84.05652157220399,83.00727234314735,83.31816100360858,5862400
1999-06-23,82.71581268310547,83.08499296052595,82.15232699651631,82.69638214218861,9629200
1999-06-24,82.09402465820312,82.65751027124168,81.23908096945496,82.6186491944804,9176900
1999-06-25,81.8899917602539,82.70607425021255,81.60824899586343,82.44376202129727,4087000
1999-06-28,82.89069366455078,83.08499908804949,82.38549956345412,82.50208281755336,5028900
1999-06-29,83.66790008544922,84.05651086150796,82.56035937368176,82.69637314530233,6956200
1999-06-30,85.1834716796875,85.49436026246009,83.22098750093558,83.70675091151774,16856100
1999-07-01,85.8246841430664,86.1161422055853,84.600560280487,85.18347640552481,9939500
1999-07-02,86.67962646484375,86.73791807645428,85.74696067907543,85.88297443949998,3772800
1999-07-06,86.66020965576172,87.5151534281504,86.1744461487227,86.58248749463547,11221100
1999-07-07,86.77677917480469,86.87393186084903,86.12585617830761,86.46589057946281,3230700
1999-07-08,86.84477233886719,87.43740363013812,86.27157158173628,86.46587692313659,7101500
1999-07-09,87.35971069335938,87.41800231526331,86.77679447432006,87.04882204320508,2976800
1999-07-12,86.97111511230469,87.63175360958314,86.73794858385347,87.63175360958314,4436300
1999-07-13,86.66020965576172,87.00024411068904,86.21330722928582,86.66020965576172,6477600
1999-07-14,87.14598846435547,87.18484955174202,86.27161399815792,87.04883574588908,4382500
1999-07-15,87.69978332519531,87.90380409065772,87.24316542154136,87.53462365791623,3348600
1999-07-16,88.17576599121094,88.38950187175375,87.51512781498766,87.8260163685045,2281500
1999-07-19,87.59291076660156,88.4478548823359,87.39860528575284,88.40899378616616,4287000
1999-07-20,85.79552459716797,87.30139101236003,85.51378184851913,87.12651620285385,7060100
1999-07-21,85.69837188720703,86.36872532335002,85.37776806992126,85.86353142944516,4793700
1999-07-22,84.5713882446289,85.80522699328691,84.23135394381765,85.45547742673818,7804100
1999-07-23,84.40628051757812,85.18350225346742,84.01766964963348,84.96976627609787,4603000
1999-07-26,83.78449249267578,84.63943629362144,83.70677032895344,83.86221465639811,4333400
1999-07-27,84.48397827148438,85.3097761271739,84.1730896669895,84.5617004226081,5908500
1999-07-28,84.7559814453125,85.37775847563115,84.30907920477097,84.71712038091758,3955500
1999-07-29,83.57075500488281,84.09537960035638,82.89068608482448,83.90107419462544,7760600
1999-07-30,82.54096221923828,84.15369759216595,82.42437893926761,83.82337829891571,5994300
1999-08-02,82.73522186279297,83.78447080140049,82.38547221659046,82.54091650379158,6065500
1999-08-03,82.34660339355469,83.22097742675666,81.68596523513543,83.14325529047204,5445400
1999-08-04,81.21963500976562,83.2404106176641,81.10305180161762,82.52148083408483,6497900
1999-08-05,81.95802307128906,82.03574523636378,80.11212165076454,81.37510683322868,10322000
1999-08-06,81.06419372558594,82.07458156684444,80.52013873413905,81.588818181624,7537700
1999-08-09,80.88933563232422,81.94830003106591,80.67559969863323,81.20022426314748,5565900
1999-08-10,79.9955062866211,80.92817189307186,78.9656880128317,80.75329709186235,9793300
1999-08-11,80.96705627441406,81.16136166504141,79.9760987822146,80.63673711034758,8003400
1999-08-12,80.91845703125,81.95799057697502,80.77272802951283,81.25849136863668,7036800
1999-08-13,82.79352569580078,82.85181731210855,81.53054067579912,81.84142929610722,5857700
1999-08-16,83.16272735595703,83.29874116238032,82.23006125476873,82.77411648046191,3927000
1999-08-17,83.70674896240234,83.84276271419826,82.77408323580175,83.59016574657727,4808000
1999-08-18,83.10441589355469,83.55131829373045,82.85181888475968,83.44445032847102,4355500
1999-08-19,82.42432403564453,82.84208051060124,81.88026909151486,82.30774083333102,6448100
1999-08-20,83.2598648071289,83.39587858861078,82.50207373887265,82.73524022141304,3663700
1999-08-23,84.8531265258789,84.90170285203295,83.72615575910515,83.82330841141324,5637800
1999-08-24,85.1640625,85.78583982146932,84.17310489390829,84.60057680241844,9279500
1999-08-25,86.03841400146484,86.29101097120717,84.65884593594903,85.30005362837187,6005300
1999-08-26,85.00862884521484,86.06759347882952,84.87261503906251,85.9801560320173,4322300
1999-08-27,83.9787826538086,85.22233704757161,83.9787826538086,85.10575382315633,6247400
1999-08-30,82.42432403564453,84.25079420522269,82.07457442870403,84.15364153662811,4652000
1999-08-31,82.11346435546875,83.16271354505591,81.37510381464816,82.65751949081024,11453700
1999-09-01,83.12385559082031,83.15300140273855,82.26891177455194,82.65752260012847,6863900
1999-09-02,82.14262390136719,82.49237368971127,81.23910361481164,82.15233917326563,10896300
1999-09-03,84.54226684570312,84.87258597610463,83.74561482532303,83.86219804781767,9160800
1999-09-07,84.23139190673828,84.95032189533097,84.0759475848804,84.60057217115074,4560800
1999-09-08,83.82333374023438,84.60055519355133,83.33757033191127,83.8427642765673,6159600
1999-09-09,83.78449249267578,84.0953811475651,83.12385410103595,83.78449249267578,6177800
1999-09-10,84.48397827148438,84.78515160708879,83.90106213805647,84.71714472485553,2934500
1999-09-13,83.91075897216797,84.23136277511824,83.62901623624197,84.01762690648472,2320500
1999-09-14,83.35700225830078,83.66789084481192,82.92953045184795,83.35700225830078,3736000
1999-09-15,82.03572845458984,84.21194863149985,81.99686738000216,84.21194863149985,6984500
1999-09-16,82.35631561279297,82.57976674634189,81.02532407817546,82.38546141282109,15377600
1999-09-17,83.39695739746094,83.51386901998073,82.4032086060426,82.6954876623421,8542300
1999-09-20,83.28001403808594,83.5528077200076,82.98773509316987,83.5138371940188,2803900
1999-09-21,81.52633666992188,82.598026085994,81.15611668982424,82.46162925122117,9335200
1999-09-22,81.43867492675781,82.20834298743658,80.90283007438651,81.83812290761641,13009100
1999-09-23,79.73373413085938,82.18887843694155,79.57785195269543,82.18887843694155,12204100
1999-09-24,79.6557388305664,80.04544401075509,78.75941691613244,79.6557388305664,13792900
1999-09-27,80.18185424804688,80.90280895209979,79.98700162532988,80.27928055940538,6970300
1999-09-28,80.02598571777344,80.31826470140301,78.29179708157139,79.77267726529449,11063400
1999-09-29,79.07120513916016,80.51311474495066,79.03223460927393,80.08443891620213,7580300
1999-09-30,80.279296875,80.70797273209952,79.16863669978763,79.46091569326457,7498900
1999-10-01,80.10393524169922,80.1623910446,78.95430445131726,79.77268569192815,11127100
1999-10-04,81.52633666992188,81.60427771836349,80.27927989485616,80.55207356440178,6341600
1999-10-05,81.44837188720703,82.28623791379792,80.24028598840157,81.50682765650407,11976000
1999-10-06,82.69544982910156,82.81236139813423,81.48736361576408,81.52633413877497,10308200
1999-10-07,82.22782897949219,82.92929861059686,81.99400576912397,82.84161490670878,6535600
1999-10-08,83.4748764038086,83.4748764038086,81.82837148874748,82.1498783656529,9674300
1999-10-11,83.33848571777344,83.6307647184203,83.12414778396575,83.29951518435387,4282000
1999-10-12,82.05242919921875,83.12411849058826,81.79912082125868,83.00720693152977,8686100
1999-10-13,79.92854309082031,81.87706925100608,79.92854309082031,81.48736401896893,10469300
1999-10-14,79.90908813476562,80.55210201149015,79.03225103014127,80.11368345917796,10562200
1999-10-15,77.86316680908203,79.03228342783702,77.62934348533103,78.56463678033502,14238700
1999-10-18,78.42817687988281,78.5256031865659,76.96678227963656,77.90207482379417,9758800
1999-10-19,79.1881332397461,79.96754399997981,78.52563409354742,79.30504485378115,14392900
1999-10-20,79.9675064086914,80.72743154269213,79.2660370542292,79.65574225115265,9759400
1999-10-21,80.43516540527344,80.43516540527344,78.95428542203682,79.32450541784597,9105400
1999-10-22,81.11714935302734,81.81861881656542,80.78589988413437,80.90281146139071,8309600
1999-10-25,80.70797729492188,81.35099111692391,80.27930141358718,80.6300362255883,8114300
1999-10-26,79.69473266601562,81.48737701938322,79.69473266601562,81.17561278401494,6256300
1999-10-27,81.13662719726562,81.2535387638323,79.96751153159897,80.04545257597675,5433300
1999-10-28,83.90352630615234,84.08863626897363,82.42264660358208,82.57852867753685,10509700
1999-10-29,85.4233627319336,85.85203836608108,84.62446723193148,84.70240825632193,10988600
1999-11-01,84.52705383300781,85.42337575009365,84.52705383300781,85.11161160502031,4006500
1999-11-02,83.92303466796875,85.57928215967466,83.92303466796875,84.78038631073416,6516900
1999-11-03,84.48812103271484,85.03370853015856,84.25429781952467,84.7998853169684,7222300
1999-11-04,85.13116455078125,85.64752432660998,84.65377532407167,85.26756147269828,7907500
1999-11-05,85.96900939941406,86.73867754793555,85.28702496401526,86.4366558694018,7431500
1999-11-08,86.04692840576172,86.28075158077738,85.26751782237619,85.4233999390533,4649200
1999-11-09,85.23827362060547,86.47558768504906,84.97522259903086,86.35867611990479,4533700
1999-11-10,85.87158203125,86.29051532230329,84.8486053903059,84.95577437173814,6405600
1999-11-11,86.35865783691406,86.35865783691406,85.71564436475292,86.1638052695925,4794100
1999-11-12,87.13809204101562,87.28423150664791,85.50133002593394,86.82632784766673,11802900
1999-11-15,87.34274291992188,87.44991192963957,86.92380951829814,87.19660336121592,2187500
1999-11-16,88.07337188720703,89.16454640616358,87.35241729432504,87.64469618333125,7544800
1999-11-17,88.30723571777344,89.12561698435474,88.11238303525407,88.69694108281215,9459000
1999-11-18,88.93074798583984,89.16457116196388,88.30721951617576,88.81383639777783,4491000
1999-11-19,88.85282135009766,89.14510036769666,88.54105706465872,88.79436554657785,4832100
1999-11-22,88.83332061767578,89.16457011328896,88.22927741979292,88.81383535322794,4155400
1999-11-23,88.05388641357422,89.06711989299575,87.52778441464382,89.06711989299575,5918000
1999-11-24,88.52156829833984,88.81384730438762,87.29399647293914,87.76164288261559,4459700
1999-11-26,88.1902847290039,89.08660666836188,88.07337317169635,88.8332982941955,1693900
1999-11-29,87.8785171508789,88.49230280281964,87.5667530102106,87.83954663329537,7348600
1999-11-30,86.8458023071289,88.73587249420352,86.67043497018385,87.76160951117537,7682000
1999-12-01,87.54729461669922,87.60575041101261,86.67045770199825,86.86531034970957,6980200
1999-12-02,88.07337188720703,88.15131292427536,87.52778462772876,87.6836667018654,6698300
1999-12-03,89.69068908691406,90.62598195594988,89.18407211618633,89.18407211618633,10045400
1999-12-06,89.0281982421875,89.61275633964112,88.69694865363044,89.4958447201504,3138900
1999-12-07,88.30723571777344,89.35944020337797,88.15135357175795,89.33995493512603,10714200
1999-12-08,87.74215698242188,88.58002346037972,87.60576011391711,88.13186232100692,4611400
1999-12-09,88.1707763671875,88.67739298277797,86.90423482821133,88.42408467498274,6474700
1999-12-10,88.46309661865234,89.04765452582406,87.83956818433585,88.71640504509342,5127300
1999-12-13,88.61898803710938,88.98920808387831,88.09288586538511,88.1903121934822,4210800
1999-12-14,87.76161193847656,88.84304387954793,87.68367089767862,88.30719922406212,5739000
1999-12-15,88.22926330566406,88.66768168560607,87.31345602311852,87.52779389775684,6879100
1999-12-16,88.61898803710938,88.95023755263946,88.01494480290745,88.6579585683482,5854900
1999-12-17,89.18811798095703,89.57877990816226,88.79745605375177,89.38344894455965,4775400
1999-12-20,88.5434799194336,89.50060114512347,88.19188436713935,89.10993942035209,4608700
1999-12-21,89.89130401611328,90.04756877754937,88.34818949693185,88.50445425836794,7981300
1999-12-22,90.12565612792969,90.12565612792969,89.36386579654926,89.77406059036949,5377500
1999-12-23,91.56134796142578,91.56134796142578,90.63352630208333,90.64329284586589,5721700
1999-12-27,91.43441772460938,91.74694724471058,90.67262701936268,91.57114938965366,2691000
1999-12-28,91.37580108642578,91.57113199939377,90.9363065322478,91.18047017345779,4084500
1999-12-29,91.76646423339844,91.76646423339844,90.82887583765489,91.45393476815059,3001000
1999-12-30,91.65899658203125,92.23522255947822,91.37576686430307,91.96175938374067,3641300
1999-12-31,91.80557250976562,92.19623452044547,91.41491049908576,91.78603940923162,3172700
2000-01-03,90.906982421875,92.66496016531478,89.930328119964,92.66496016531478,8164300
2000-01-04,87.35197448730469,90.04754078409539,87.28360867542956,89.71547826927335,8089800
2000-01-05,87.50829315185547,88.4654151082039,85.78938025065831,87.46922694955555,12177900
2000-01-06,86.10188293457031,88.44585433932268,86.10188293457031,87.27386863694649,6227200
2000-01-07,91.10234832763672,91.10234832763672,87.54732530112946,87.70359004954736,8066500
2000-01-10,91.41487884521484,91.8250738143921,90.6530881881714,91.41487884521484,5741700
2000-01-11,90.32099151611328,91.317178922541,89.69593275129589,91.14138114493612,7503700
2000-01-12,89.4224624633789,90.37958362124382,89.3052639542526,90.37958362124382,6907700
2000-01-13,90.63355255126953,91.10234678860368,89.55923242404543,90.30148996649118,5158300
2000-01-14,91.86414337158203,92.17667288337138,91.23908434800333,91.59068004876636,7437300
2000-01-18,91.14142608642578,91.64928658326399,90.750764165781,90.8484296459422,6488500
2000-01-19,91.88365936279297,91.88365936279297,90.6335415483332,90.82887245684253,6157900
2000-01-20,90.47728729248047,91.86413690339715,89.89129449913538,91.86413690339715,5800100
2000-01-21,90.28192901611328,90.94605398074933,90.04753196977114,90.94605398074933,6244800
2000-01-24,87.72313690185547,91.16096190624793,87.13714400337948,91.04376332655274,7896900
2000-01-25,88.71929168701172,88.7192916870117,86.88318129102336,87.83053612299608,9942500
2000-01-26,88.01615142822266,88.4751792929726,87.56689011378656,88.1333500319886,5158100
2000-01-27,87.66452026367188,88.89510510694534,86.33626995664653,88.66070799394086,10922700
2000-01-28,84.92988586425781,87.54732024921884,84.71502184758191,87.15665840071719,11916200
2000-01-31,87.23478698730469,87.30315280782764,84.3829556169181,84.89081599794585,10768700
2000-02-01,88.09424591064453,88.56304012391625,86.59019780973108,87.35198840629764,8419900
2000-02-02,88.17237091064453,88.91462835295833,87.74264291772602,88.30910254475496,6205900
2000-02-03,89.50060272216797,89.53966889533348,87.5082278907273,88.05515431504435,7997500
2000-02-04,89.1295394897461,90.00852903106508,88.83654297597309,89.5006684071919,4925400
2000-02-07,88.99275970458984,89.24668987933956,88.40676699362898,89.10995824678201,5845800
2000-02-08,90.20382690429688,90.36009165423935,89.77409884195505,89.98896287312597,4936400
2000-02-09,88.3091049194336,90.30148021290456,88.29933837387736,90.30148021290456,8511500
2000-02-10,88.48491668701172,89.1099757011363,88.05518861480107,88.52398287539451,6690600
2000-02-11,86.68788146972656,88.71932348704327,86.27768644699914,88.6607241980822,9849800
2000-02-14,87.19569396972656,87.37149173982682,86.45343671819215,87.37149173982682,8528800
2000-02-15,88.18216705322266,88.2700659903673,86.13119185318092,87.03948087034226,11078300
2000-02-16,86.88319396972656,88.09424568423265,86.75622887062512,87.7426500251825,8845400
2000-02-17,86.43394470214844,87.78172824665651,86.39487851245255,87.78172824665651,7584200
2000-02-18,84.57831573486328,86.80508894358715,84.1485875717762,86.80508894358715,9409200
2000-02-22,84.36341094970703,85.22286686121133,83.46488886040707,84.5001425719918,16415400
2000-02-23,85.359619140625,85.92607885574586,84.07043496138444,84.7736263318793,12119000
2000-02-24,83.64070129394531,85.65260980241715,83.19144017069432,85.43774578694928,17375000
2000-02-25,83.33792114257812,85.45726122085534,83.21095606876429,84.50013989518176,10559900
2000-02-28,85.08615112304688,85.43774678884459,82.95704403571627,83.36723897914693,13397800
2000-02-29,85.90657806396484,85.90657806396484,84.85179061161057,85.0471216213058,8242500
2000-03-01,86.53157806396484,86.88317364074845,85.76978764760037,86.02371778638853,6868000
2000-03-02,86.5901870727539,86.96131577890829,85.84792966044517,86.6878525217419,7600200
2000-03-03,88.2114486694336,88.58257743930056,87.3324594776434,87.78172062011394,12770300
2000-03-06,87.35197448730469,88.34816203177081,86.72691563587496,88.01609951694877,11967100
2000-03-07,85.66241455078125,87.60595810289679,84.51972814074347,87.50829259776536,20062000
2000-03-08,85.55494689941406,86.16047277929576,84.4024944183489,85.30101669172174,11808500
2000-03-09,88.05516815185547,88.05516815185547,85.0861385247299,85.78932975220701,5500900
2000-03-10,87.58634948730469,88.75833453842829,87.21522088778221,87.62541565567547,7924600
2000-03-13,86.62925720214844,87.80124264344019,84.81267976814624,85.4377386701685,10540500
2000-03-14,85.3986587524414,87.56683147008115,85.10566243924684,87.05897119387726,8263900
2000-03-15,87.3910140991211,87.78167576250563,85.04704411881386,85.55490428121377,10300800
2000-03-16,91.47346496582031,91.78599442118079,88.05517404781507,88.52396823085579,25601400
2000-03-17,92.07803344726562,92.74384653471928,91.13806202968402,91.37305488407942,10272900
2000-03-20,91.60803985595703,92.33260109466383,90.72681672780011,92.03886005194487,12502300
2000-03-21,93.48799896240234,93.84048827562465,90.55058801888322,91.19681842645743,13612600
2000-03-22,94.0558853149414,94.52587100046267,93.17466215458906,93.72297878769719,8260000
2000-03-23,95.66165161132812,96.17080267415199,93.46838549454844,93.46838549454844,11654500
2000-03-24,96.22958374023438,97.6003755314058,95.0742020876756,95.79876346300907,11462900
2000-03-27,95.21126556396484,96.36664702597099,95.13293461738814,96.11207144959675,8798600
2000-03-28,94.66294860839844,95.86728690782263,94.3692075597584,94.78044502785447,6334400
2000-03-29,94.76089477539062,95.55399587859445,93.78175761094145,94.97630495156943,6747500
2000-03-30,93.17466735839844,95.20148074040647,92.19553045887764,94.09505604394798,9491900
2000-03-31,94.23213195800781,95.44626167151499,93.01800224450065,93.76214626245665,9249100
2000-04-03,94.78044128417969,94.78044128417969,93.17465694837334,94.07546279528908,8508200
2000-04-04,94.07540893554688,95.8770195979262,88.6020374123401,95.09371061428301,19585500
2000-04-05,93.48799896240234,94.50630142282232,92.5088619812293,92.66552389821699,8387200
2000-04-06,94.3006591796875,95.05459446749104,93.37047927915066,94.15378866907642,6378500
2000-04-07,94.89797973632812,95.3288001148257,94.31049740201325,94.97631071423677,6023600
2000-04-10,94.52588653564453,95.94563519399013,94.19297995368763,95.09378599898277,9624200
2000-04-11,94.25172424316406,95.01545107580137,92.97884618876853,93.99714863228495,9006400
2000-04-12,91.66680145263672,94.72170874308989,91.58847049647125,94.23214026705573,10779200
2000-04-13,90.39390563964844,92.84174753846906,90.10016461178995,92.41092736427663,12225800
2000-04-14,85.22406768798828,89.4931041668443,83.65744879666497,89.37560774999505,29604000
2000-04-17,88.20063018798828,88.20063018798828,84.40157995342574,84.7149036841113,23918200
2000-04-18,90.53096008300781,90.53096008300781,87.5935506059472,88.08311885212397,11069200
2000-04-19,89.68891906738281,90.94221400631567,89.31684713238712,90.55055933789916,6553700
2000-04-20,90.11976623535156,90.19809719253136,89.21896022778395,89.96310432099199,8537600
2000-04-24,89.1406021118164,89.80641504498904,88.04396904541446,88.67061651192986,12893100
2000-04-25,92.84176635742188,92.84176635742188,90.51142039738534,90.62891683234517,14102000
2000-04-26,91.7940444946289,93.2137923828125,91.4905121875,92.7242241455078,7711100
2000-04-27,91.49055480957031,92.33261257001799,89.61061190252435,89.61061190252435,15595300
2000-04-28,90.92266082763672,92.65573329872133,90.90307808785046,92.117207954599,8743400
2000-05-01,92.15635681152344,93.04737131108237,91.3926300976158,91.84303303145876,7328300
2000-05-02,90.31558227539062,92.19552501139182,90.31558227539062,91.17722269605784,9411900
2000-05-03,88.20063018798828,90.2372344374445,87.593565459785,90.2372344374445,12630700
2000-05-04,88.8664321899414,89.2091299782455,88.20061934409345,88.98392857450281,5963600
2000-05-05,89.94348907470703,90.23723005796865,88.31812230065941,88.39645322952919,7862400
2000-05-08,89.26790618896484,89.84559692771101,88.88604281928517,89.45394218957802,5064100
2000-05-09,88.55313873291016,89.86518214182325,87.89711702845362,89.64977202991214,5620300
2000-05-10,86.55567169189453,88.33770022672765,86.32067891807037,88.04395925944746,10293900
2000-05-11,88.5335464477539,88.67062559509615,87.1823377096661,87.80898524037349,7091100
2000-05-12,89.49312591552734,89.90436347443895,88.74898176130633,88.86647820670964,5960800
2000-05-15,91.04014587402344,91.24576461604909,88.98395845376693,89.45394414982556,4441300
2000-05-16,91.92135620117188,92.56758644289295,91.05971587887713,91.84302526278145,8192200
2000-05-17,90.96185302734375,91.60808363012144,90.53103262549196,91.29475970150196,5907200
2000-05-18,89.84559631347656,91.6863735701171,89.84559631347656,91.25555336111613,4325600
2000-05-19,88.43563079833984,89.75746540393948,87.98522789569108,89.33643660363737,6518400
2000-05-22,87.7697982788086,88.65102115309381,85.85069068592075,88.5139420393161,10839400
2000-05-23,86.47735595703125,88.23980207028596,86.20319767274718,88.00480925518534,7979200
2000-05-24,87.88732147216797,88.16147978335566,85.5373930905592,86.47736444320272,11081500
2000-05-25,86.37945556640625,88.86646324197497,86.30112461599464,88.16148468827045,8278900
2000-05-26,86.47735595703125,87.53482362498407,86.05632716330929,86.98650705641595,4814000
2000-05-30,89.29730224609375,89.57146063018263,87.39777629919219,87.73068290844299,5362700
2000-05-31,89.49312591552734,90.23727006974836,89.04272287481463,89.33646398832292,6056500
2000-06-01,91.05974578857422,91.13807675269341,89.61062295236894,90.04144325502456,8961600
2000-06-02,92.64595031738281,93.42925997975765,92.42074878945004,93.33134627196078,8962200
2000-06-05,92.19550323486328,92.8808988621403,92.03884137719996,92.41091328915034,6998100
2000-06-06,91.78427124023438,92.60674604119231,91.43178203982383,91.88218490701509,4858900
2000-06-07,92.42071533203125,92.74383045078928,91.49053544469753,91.8821901341012,4919500
2000-06-08,92.05843353271484,92.58716735645092,91.52969970897877,92.43050548275134,5723100
2000-06-09,91.86260986328125,92.72425020307753,91.25554507842477,92.43050917814699,3085300
2000-06-12,90.7855453491211,92.09758839018906,90.7855453491211,92.09758839018906,3678900
2000-06-13,92.4892578125,92.5871714879314,90.62889797930342,90.74639438982109,6558700
2000-06-14,92.64595031738281,93.29218078884205,92.23471274463603,92.90052595765464,6420500
2000-06-15,92.84176635742188,93.21383840146132,92.01929131270309,92.8221836182619,5881200
2000-06-16,92.07888793945312,93.15847413358442,91.62742462190731,93.15847413358442,5567900
2000-06-19,93.25660705566406,93.68844148109547,91.8629595917718,92.00036145440906,5106900
2000-06-20,92.92291259765625,93.51177769650072,92.3340474988118,93.07994329068144,6480000
2000-06-21,92.88368225097656,93.23700141423048,92.26537371528218,92.29481697888667,3115000
2000-06-22,91.47042846679688,92.76593238928798,91.07785152058744,92.6874170000461,7490500
2000-06-23,90.68524169921875,91.78445675011838,90.37118025610458,91.58816834817202,4863300
2000-06-26,91.85314178466797,91.86295620306574,90.99928738406255,91.31334877279099,5201300
2000-06-27,91.17597198486328,92.15741409449582,91.08764219499635,91.69613630296853,4159500
2000-06-28,91.4311294555664,92.32424160460639,91.27409874804289,91.47038713244727,5347700
2000-06-29,90.56745910644531,91.54890101267034,90.14543908676856,90.92077819268633,6345700
2000-06-30,91.25447845458984,91.4507668573745,90.3809950621981,90.41043832261579,7420200
2000-07-03,92.51073455810547,92.60887877045228,91.19560211265818,91.35263285241308,1436600
2000-07-05,90.84229278564453,92.11816768431932,90.68526202888457,91.94150808296435,2748200
2000-07-06,91.54893493652344,92.00039838067869,90.5871215120188,91.03858495617405,5963200
2000-07-07,93.02111053466797,93.45294519003042,91.86300850437773,92.13781237597202,3034800
2000-07-10,92.8640365600586,93.53141708067622,92.66774817164165,92.88366539890029,2816100
2000-07-11,93.06031036376953,93.66880427249698,92.43218761927668,92.62847597693069,5431600
2000-07-12,93.6688232421875,94.296946113887,93.39401948581897,93.76696744089055,5883000
2000-07-13,94.08104705810547,94.45399508525006,93.7080990309609,94.208634541076,5356000
2000-07-14,95.00361633300781,95.00361633300781,94.01235959234317,94.49326632791315,5341900
2000-07-17,94.84658813476562,95.46489681155475,94.65029966594366,94.83677371132453,4208300
2000-07-18,94.0711669921875,94.61095981269563,93.8061777893926,94.61095981269563,4262100
2000-07-19,93.3155517578125,94.1595922974814,93.11926326021509,93.88478840084501,8506800
2000-07-20,94.61103820800781,94.61103820800781,93.47256513413552,93.590338210743,4538900
2000-07-21,92.76593017578125,94.06143406736008,92.76593017578125,94.06143406736008,5656900
2000-07-24,92.23595428466797,93.50201494680056,92.05929465739365,93.04073703113984,5628500
2000-07-25,92.53036499023438,92.8640553179463,92.19667466252247,92.80516878952655,4757100
2000-07-26,91.62744903564453,92.43223168570053,91.48023269721965,92.31445861496063,12062500
2000-07-27,91.31338500976562,92.0985387931686,90.881550428894,91.66670421229696,7652600
2000-07-28,89.25236511230469,91.64708438736542,88.8892314517422,91.52931130826408,6229500
2000-07-31,89.82158660888672,90.52822496507552,89.23272131206272,89.78232892243179,5265500
2000-08-01,90.37122344970703,90.9012023882696,89.90013105987363,90.21419265309589,3946600
2000-08-02,90.82266235351562,91.3330123040649,90.21416818170691,90.37119893572206,7439800
2000-08-03,91.45079803466797,91.58819996346014,89.58605757248866,89.74308834825112,4607100
2000-08-04,91.94147491455078,92.15739212720239,91.33298095162357,91.90221723952322,3686600
2000-08-07,93.04071044921875,93.23699886788799,91.94149530467102,92.15741256520718,4159800
2000-08-08,93.39398956298828,93.4725048967949,92.64809389182527,92.64809389182527,3658700
2000-08-09,92.60888671875,93.72773083553014,92.56962903044192,93.67865872514506,5383800
2000-08-10,92.15740203857422,92.8738546848805,91.88259828382661,92.66775186881979,4193400
2000-08-11,92.58924865722656,92.96219665902586,91.43114696742873,92.09852760222748,5089400
2000-08-14,93.76697540283203,93.94363497549804,92.37332766291136,92.82479101528003,2966700
2000-08-15,93.68848419189453,94.1006899677231,93.31553610900201,93.8062572707027,5564600
2000-08-16,93.35477447509766,94.17918585608044,92.86405341498886,93.78660900799339,5191600
2000-08-17,94.33625793457031,94.49328874261786,93.17815572521957,93.39407308628496,5652200
2000-08-18,94.02215576171875,94.45399029757634,93.72772312363404,94.45399029757634,4626400
2000-08-21,94.53250122070312,94.66990311201229,93.84549176415732,94.2380685964692,2380600
2000-08-22,94.37545776367188,95.04283828862297,94.27731356882613,94.57174615336338,3075300
2000-08-23,94.74845123291016,95.02325511052788,93.76700881284687,94.10069923566839,5483200
2000-08-24,95.04287719726562,95.16065027929446,94.5325271751407,94.9447329622416,4529000
2000-08-25,95.00361633300781,95.23916248920536,94.80732786950986,94.94472979395843,2822200
2000-08-28,95.32749938964844,96.04395233471632,95.00362340078213,95.00362340078213,5518700
2000-08-29,95.34705352783203,95.39612560890657,94.78763180358227,95.12132195488915,3561900
2000-08-30,94.43437957763672,95.16064689095465,94.43437957763672,95.04287381311931,3964800
2000-08-31,95.69062042236328,96.16171270751953,94.78769354248047,94.88583776855468,4863100
2000-09-01,95.78878021240234,96.47578990654867,95.47471863793545,96.25987257410269,3191200
2000-09-05,95.02320098876953,95.60225168680066,94.72876843044861,95.39614889597603,3470800
2000-09-06,93.94367980957031,95.44528689386452,93.92405095879522,94.96438004987488,4322200
2000-09-07,94.74845123291016,94.89566759591966,94.11051365986903,94.37550311328611,4265500
2000-09-08,94.10066986083984,94.53250439086455,93.79642280559516,94.3951024949476,3518200
2000-09-11,93.96327209472656,94.96434309469127,93.39403564376624,94.06141631040938,3937500
2000-09-12,93.2762451171875,94.375460126986,93.23698743826613,94.061398695615,4769100
2000-09-13,93.52164459228516,93.80626288310016,92.74630511040976,92.96222243447633,7691600
2000-09-14,93.99270629882812,94.17918029064997,93.06033633971894,94.13992260816116,3397100
2000-09-15,91.93636322021484,93.35319073559488,91.93636322021484,93.3138344157232,4085700
2000-09-18,91.09017944335938,92.54636291253384,90.80484619602113,92.17247796774579,5109300
2000-09-19,91.91667938232422,92.13313912824705,91.11971395415377,91.38536909687726,6588200
2000-09-20,91.23777770996094,91.95603046234174,90.14563996319013,91.73957072874752,6508100
2000-09-21,89.85047149658203,91.66086207426174,89.81111517967595,90.97212652840533,5972300
2000-09-22,91.48374938964844,91.50342754610998,89.68319807341854,89.81110609041848,7791300
2000-09-25,90.83436584472656,91.97569886443934,90.49983720101764,91.89698624239017,9726300
2000-09-26,89.6733627319336,91.30664978630061,89.6733627319336,90.91308664067,5302400
2000-09-27,90.14561462402344,90.65724657779437,89.49623560577572,90.4014306009089,7186200
2000-09-28,91.306640625,92.14296222555225,89.97836514176993,90.1653076171875,7036400
2000-09-29,90.4407958984375,91.91665745030495,90.4407958984375,91.60180698590656,9333600
2000-10-02,90.57855987548828,91.24761723715818,90.13580132732436,90.85405408323471,5517800
2000-10-03,89.732421875,91.77895079495613,89.59467473615679,91.01150244997258,9347200
2000-10-04,90.48013305664062,90.83433975412204,89.26008776531576,89.96850116027859,6148900
2000-10-05,90.79499053955078,91.20823171885952,90.24400230047245,90.3030367546594,4566900
2000-10-06,88.82720947265625,91.08035867173005,88.00072679701346,90.59824377760509,10014900
2000-10-09,88.15816497802734,88.98464777469636,87.76460174151829,88.98464777469636,4508000
2000-10-10,86.70191955566406,88.9452284138905,86.70191955566406,88.21713694236088,6104700
2000-10-11,85.97386169433594,87.29229811766405,85.08834469359319,86.66259713935808,10346000
2000-10-12,83.82896423339844,86.64294120179656,83.61250446659858,86.44615959561487,12336900
2000-10-13,86.62323760986328,86.68227207438613,83.67151438372073,83.71087069340263,11778800
2000-10-16,87.01680755615234,87.0463247907372,86.07225604943699,86.52485364640476,5659000
2000-10-17,84.85222625732422,87.25296178686818,84.6357664964637,87.17424914655527,7831700
2000-10-18,84.537353515625,85.71804281053596,81.95951522173607,83.51408946003549,10897300
2000-10-19,87.72518920898438,87.81374088046047,85.91479948102867,86.17061542084849,8767300
2000-10-20,88.09917449951172,88.90597953736741,87.13494408841588,87.13494408841588,7373500
2000-10-23,88.49268341064453,88.8075339631396,87.4890972745665,88.11879837955664,5290000
2000-10-24,87.9023208618164,89.37818252840164,87.52843590628149,88.76815970621308,5750700
2000-10-25,85.83609771728516,87.8826254941301,85.71802880708256,87.37099354991886,9137600
2000-10-26,86.0722427368164,86.68226549055241,84.39959970237895,86.34773688366492,9345800
2000-10-27,87.70552062988281,87.70552062988281,86.0328777639326,86.82000381849741,9762900
2000-10-30,88.49268341064453,88.84689028220149,86.99714328629297,87.17424672207144,10154100
2000-10-31,90.01777648925781,90.48021342170891,88.19754601046093,88.79773011428044,7752400
2000-11-01,89.71270751953125,90.20466138835955,88.92558132940594,89.57496043625932,6753600
2000-11-02,89.86028289794922,90.61789176504021,89.74221398359738,90.14561610763285,11395100
2000-11-03,89.90949249267578,90.51951531326517,89.6536764711383,90.34241191373923,5187100
2000-11-06,90.53922271728516,90.86391238797309,90.06694683264814,90.14565948008764,4042500
2000-11-07,90.51948547363281,90.67691066576086,89.77171581102454,90.13576156782067,5231300
2000-11-08,88.51236724853516,90.71632125739151,88.51236724853516,90.71632125739151,6123300
2000-11-09,88.17784118652344,88.92561131932591,86.42648482285449,88.1581630251339,10635300
2000-11-10,86.03287506103516,87.82358677891122,85.97384060879747,87.52841451772287,8569500
2000-11-13,85.36383056640625,86.25918655782431,83.76006104331678,85.40318687372134,17285300
2000-11-14,87.60712432861328,87.92197473051306,86.26901012053922,86.56418237232027,7668900
2000-11-15,87.88263702392578,88.22700472386279,86.74130407556311,87.56778655541194,8837700
2000-11-16,86.50519561767578,88.0794484951585,86.46583929573872,87.26280481496434,6684100
2000-11-17,86.04271697998047,87.52841741039524,85.48188966518815,86.46579723499924,6551100
2000-11-20,84.81285095214844,85.87547135850947,84.57671308406822,85.48190824504242,5458500
2000-11-21,85.24579620361328,85.75742840612804,84.07494558631988,84.93094561745035,7684300
2000-11-22,83.20909118652344,84.93093001325178,83.19925210751357,84.596401326916,5736900
2000-11-24,84.91123962402344,84.98995224476413,84.14379157180167,84.14379157180167,3411600
2000-11-27,85.65899658203125,86.07223777849866,85.20639908113836,85.93449071300952,5992000
2000-11-28,84.18313598632812,86.01320415994395,84.15361875772142,85.0883309969338,5336100
2000-11-29,84.02572631835938,85.58030064602926,83.91749646010388,84.616070999753,6914100
2000-11-30,83.29763793945312,84.06508605654234,81.70370723472935,83.43538503739221,11201600
2000-12-01,83.25827026367188,84.41928135928913,82.4908222513147,83.86829304272501,7587200
2000-12-04,83.96669006347656,84.30121870914779,82.80567888144115,83.04181674897377,6996600
2000-12-05,86.7216567993164,87.05618554122437,84.63577170271384,84.9309441220444,8883400
2000-12-06,85.33436584472656,87.11523984655932,85.02935427535189,86.76103286276938,12888000
2000-12-07,84.16346740722656,85.56061638686488,84.16346740722656,84.9309154382955,6529100
2000-12-08,84.36023712158203,87.82359185295559,84.30120266593362,86.30837415797966,10276300
2000-12-11,87.29228210449219,87.88262666335935,86.0919148347956,86.50515602600262,6405600
2000-12-12,86.91844177246094,87.41039582369741,86.5052003694223,87.01683258270823,5022900
2000-12-13,85.7279052734375,87.78427302302416,85.65903171244656,87.68588222160852,6070500
2000-12-14,84.63573455810547,85.95417078581835,84.3995967262763,85.56060773276972,7678400
2000-12-15,82.72415161132812,84.08610972661842,82.46755080699806,84.08610972661842,9065300
2000-12-18,83.82945251464844,84.30317675772626,83.22742795573701,83.41494380195533,7235400
2000-12-19,82.12210083007812,85.25065580702017,82.12210083007812,83.67157443064563,9616600
2000-12-20,79.74360656738281,81.44111898441126,79.64491398499744,81.24373381964051,9994300
2000-12-21,80.2962417602539,81.39172883441667,79.28957796237462,79.58565554998617,14331500
2000-12-22,82.7043685913086,82.81293041165517,81.38188823435927,81.4805807983107,10182900
2000-12-26,83.59264373779297,83.59264373779297,82.28990123798322,82.64519464702224,4665300
2000-12-27,84.20449829101562,84.47096822231632,82.90175640465674,83.21757261953162,4854100
2000-12-28,84.46109771728516,84.5597902829749,83.75051124431899,83.88868083628464,8358700
2000-12-29,82.86227416992188,84.81638687664466,82.86227416992188,84.67821729132083,8774600
2001-01-02,81.36216735839844,83.47418868478093,80.57262667563863,83.37549609943595,8737500
2001-01-03,85.2703857421875,85.90201822916666,80.63183466593424,81.04634348551431,19431600
2001-01-04,84.35254669189453,85.5664654052563,84.00712266776719,85.23091063896116,9219000
2001-01-05,81.5989990234375,84.4018673982145,81.5989990234375,84.30317484980687,12911400
2001-01-08,82.23065185546875,82.23065185546875,80.65157068685677,82.03326670939225,6625300
2001-01-09,82.01351165771484,83.05965272097812,81.74704176424213,82.77344431687779,5702400
2001-01-10,83.45443725585938,83.45443725585938,81.36215477025836,81.48058585434899,8746100
2001-01-11,83.53341674804688,84.31308828905534,82.80309150710222,82.80309150710222,7245100
2001-01-12,83.37549591064453,84.46111434698105,82.92151001908563,83.80974328517914,7244000
2001-01-16,83.90845489501953,84.1255786315157,83.06956773128432,83.37551481452893,8542200
2001-01-17,84.29331970214844,85.29998386437993,83.78011836454023,85.17168352997787,7851400
2001-01-18,85.13220977783203,85.71449593327976,83.96763746693658,84.28345368684043,8107000
2001-01-19,84.64862823486328,86.0204551352534,84.5598049103776,86.0204551352534,7782500
2001-01-22,85.2112045288086,85.76388317759401,84.36244803245957,84.79669554221954,7050900
2001-01-23,85.88230895996094,86.31655644263599,84.73747468745398,84.93485990685173,8463100
2001-01-24,86.13892364501953,86.73107939876623,85.80336871789639,86.05996954451996,6199900
2001-01-25,85.9217529296875,86.6915549890162,85.68489075758637,86.05992253007983,10818300
2001-01-26,85.82305908203125,85.98096719441769,84.92495669283336,85.36907325892022,7136800
2001-01-29,86.28099060058594,86.47047261221786,85.50407580111242,85.58619109811669,6705900
2001-01-30,87.03897857666016,87.11477140832116,85.76939081864393,86.09152962910134,7069100
2001-01-31,86.54627990722656,87.60741778364303,86.28099543812245,86.78629368139912,9706900
2001-02-01,87.1210708618164,87.13370621113239,86.0599328300171,86.59682433954855,8239100
2001-02-02,85.1440658569336,87.1589751433272,85.11248230325756,86.78630463066585,8276600
2001-02-05,85.76937103271484,85.86412168838237,85.11247748797551,85.14406103986468,4352900
2001-02-06,85.51675415039062,86.34419147708314,85.40937774382256,85.45990951831644,7106700
2001-02-07,85.07457733154297,85.52303097958604,84.4366223805164,85.09352553425204,5748700
2001-02-08,84.08290100097656,85.52302208476418,84.07027529244795,85.14404843205163,5943300
2001-02-09,83.27439880371094,84.22816972993188,82.90805091894352,84.22816972993188,9913000
2001-02-12,84.22815704345703,84.32289801751322,83.1859581391268,83.1859581391268,5804400
2001-02-13,83.53970336914062,84.74612364733247,83.37548240376354,84.44925562834398,6587600
2001-02-14,83.4133529663086,83.78601367879622,82.5290716760086,83.78601367879622,8400100
2001-02-15,84.22184753417969,84.33554635851372,83.369149722422,83.90603138805967,5929800
2001-02-16,82.36487579345703,82.92702834419133,81.67008581231819,82.74385915622169,6434900
2001-02-20,81.09529113769531,82.83228040234862,80.91212196502833,82.76911330118263,5760000
2001-02-21,79.3456802368164,81.37953293761585,79.26988259830618,80.78580163569404,10910800
2001-02-22,79.46569061279297,79.92678450067234,77.70343519696684,79.806772772531,21281600
2001-02-23,78.92878723144531,79.29513519441399,76.93283127477346,79.00458485725802,20173000
2001-02-26,80.60892486572266,80.60892486572266,78.63823013474472,79.45935414406199,11503700
2001-02-27,79.86357879638672,80.74786004209575,79.27616064375351,80.09096677927515,11415000
2001-02-28,78.29084777832031,80.11626534883372,77.86133747825988,80.05942073597468,14825800
2001-03-01,78.70143127441406,78.70143127441406,76.90127909311357,78.35403619042972,14672000
2001-03-02,78.07610321044922,79.3646342455084,77.2486660768421,77.37499066462327,12564300
2001-03-05,78.78985595703125,78.81512184148309,78.20243739570644,78.41719500405972,5293200
2001-03-06,79.6362533569336,80.69107882771644,79.26358755158822,79.80679206854917,6917000
2001-03-07,80.20469665527344,80.24259306305304,79.43410423726486,80.1541648989183,6371700
2001-03-08,80.29312896728516,80.36892178675974,79.67412696739133,79.9646773529827,6055000
2001-03-09,77.91815185546875,79.64882280696467,77.7602437988257,79.64882280696467,10020300
2001-03-12,74.5831527709961,77.3749667409318,74.37471292852831,77.27390324677555,13972900
2001-03-13,75.80855560302734,76.07384500319064,74.23579150715452,75.41694640764725,12888000
2001-03-14,74.3115463256836,75.3474229855844,73.11144390683098,73.9325678826176,19883400
2001-03-15,74.33053588867188,75.07586266301803,74.12841361862758,74.81689094444329,10370300
2001-03-16,72.83967590332031,74.3533423472607,72.71300632377381,74.18233962286052,58514600
2001-03-19,74.3216552734375,74.53699108917456,72.71932293801282,73.31465773404857,10067800
2001-03-20,72.32665252685547,75.02465342444258,72.26965485581127,74.66998836385896,15083900
2001-03-21,71.09799194335938,72.99799169190062,70.86999158697849,72.31399062275796,19004600
2001-03-22,70.37601470947266,71.31334550965974,68.42534652363898,70.94601094896039,28624800
2001-03-23,72.50398254394531,72.61798270643376,70.61664759429163,71.72498062828275,12861700
2001-03-26,73.42865753173828,73.63765382905515,72.68765396724498,73.27665407484525,9943800
2001-03-27,74.92961883544922,75.14495454838082,73.01062079395108,73.22595650688268,12880700
2001-03-28,72.858642578125,74.0683063226115,72.76997632803482,74.03664256583542,10953300
2001-03-29,73.1373062133789,73.78330382900062,71.02197121330794,72.64330235208237,12060300
2001-03-30,73.90365600585938,73.90365600585938,72.51665468873327,73.18165651167158,9183600
2001-04-02,72.32665252685547,74.34065238021783,72.07332310183806,73.65665616794215,10561000
2001-04-03,69.91364288330078,72.29497677265957,69.70464179357565,72.18731130169144,12836000
2001-04-04,70.20498657226562,70.99665309841194,69.2233229790136,70.02765404352068,14884300
2001-04-05,72.86494445800781,73.14360761914325,71.24994379911608,71.75661199891044,21522800
2001-04-06,71.75665283203125,72.45331837922646,70.9713161922596,72.19364945028208,14937800
2001-04-09,72.55462646484375,72.8269598463615,71.42729450524146,72.19996153335916,9034300
2001-04-10,73.8783187866211,74.5749843406107,72.94098352405315,73.11831604703791,17873600
2001-04-11,73.92898559570312,75.3603151299905,73.5553164999741,75.22731573956284,12722300
2001-04-12,75.27164459228516,75.32864708891421,73.44131215877735,73.65664794433924,9233200
2001-04-16,74.47997283935547,75.29697313185432,74.04297627877101,74.9169742318881,7350000
2001-04-17,75.53132629394531,75.78466056552048,74.11265630590407,74.29632353199733,10924700
2001-04-18,78.53333282470703,79.79999948317004,76.43700105117469,76.67133129054245,32481600
2001-04-19,79.57832336425781,79.69865339532977,78.26732373769028,78.69165585304494,13809900
2001-04-20,78.84999084472656,79.41999174493372,78.31799322583275,79.10332511503522,7626700
2001-04-23,77.41866302490234,78.46366396039774,77.20966670336304,78.31166531783741,8451800
2001-04-24,77.00064849853516,78.31164797618545,76.69664644878424,77.59597839670985,10044700
2001-04-25,78.00765228271484,78.32431889569845,76.60165174795577,76.89931913727222,8249000
2001-04-26,78.35596466064453,79.30596422281151,78.21663061841508,78.36229934400431,10590400
2001-04-27,79.66065216064453,79.69865060786992,78.65998450681764,79.11598520131845,7938700
2001-04-30,80.21798706054688,80.6043158750002,78.95765048794652,80.0849828337306,10766900
2001-05-01,80.46495056152344,80.52828288803353,78.91328198631896,79.21094923605784,10578000
2001-05-02,80.31929016113281,80.87029160579341,79.79995729897294,80.69295914046282,9572900
2001-05-03,79.29962921142578,79.89496381414439,78.67263085593451,79.88229444747722,9926200
2001-05-04,80.64863586425781,80.65497054829986,78.17864060215801,78.31163997535198,12145300
2001-05-07,79.95198822021484,80.67398773950018,79.94565836671092,80.34465657517411,7185200
2001-05-08,79.91397857666016,80.4966439260487,79.52131027670775,80.34464532011008,6952600
2001-05-09,79.57832336425781,80.14832425231961,79.20465423632594,79.3249890993471,9507400
2001-05-10,79.81261444091797,80.74994931192873,79.65428120697301,80.59795076028668,6872400
2001-05-11,79.26160430908203,80.11026797839524,78.78660468857049,79.79993624593925,7734400
2001-05-14,79.41996765136719,79.44530155390747,78.82463302154038,79.10330111753555,7914000
2001-05-15,79.78730773925781,80.11663883211524,79.07163822878496,79.51497430726202,9782200
2001-05-16,81.66830444335938,81.82663772442983,78.92597568749984,79.06530491600529,14909000
2001-05-17,81.79498291015625,82.38398784015617,81.42131862323807,81.69998679107474,11824600
2001-05-18,82.16866302490234,82.16866302490234,81.12999683480288,81.75699059557152,6683100
2001-05-21,83.3782958984375,83.4986307295462,81.79496320257735,82.23196457285809,11531500
2001-05-22,83.27063751220703,83.6569711093884,83.0109782725776,83.49230797402623,8342700
2001-05-23,81.85832214355469,82.99832392049994,81.85832214355469,82.99832392049994,12330800
2001-05-24,82.09898376464844,82.33331395036768,81.41498276600845,81.99764813583568,7902800
2001-05-25,81.12993621826172,82.14326290832896,81.00326675804394,82.11159433528806,7425000
2001-05-29,80.48397064208984,81.28830637633041,80.36997049203795,81.20596998176913,9003900
2001-05-30,79.35663604736328,80.49029799688606,79.16663419252207,80.17363146011596,10041800
2001-05-31,79.76834106445312,80.28134441232918,79.33134429723708,79.4390098172794,9874200
2001-06-01,80.26233673095703,80.49666697555485,79.24266966158017,79.92666600013456,8848300
2001-06-04,80.64863586425781,80.7056383567399,79.85063962509395,80.30664023715796,5623500
2001-06-05,81.57332611083984,81.84565477493685,80.60432216075681,80.74365625156415,9115400
2001-06-06,80.89562225341797,81.59228755290263,80.66128731539573,81.59228755290263,12064900
2001-06-07,81.1869888305664,81.2883244673643,80.43332073571669,80.46498933020331,7355300
2001-06-08,80.43328857421875,80.98429000710217,79.88862182408953,80.87661972806943,8170600
2001-06-11,79.86331176757812,80.42697790230083,79.42631516601978,80.24964538781934,7012200
2001-06-12,79.7239761352539,80.26864303731892,78.55864544466269,79.07797844059112,9364400
2001-06-13,79.03999328613281,80.16732572302867,78.94499233013555,79.90765676543278,7629400
2001-06-14,77.26666259765625,78.7233311203919,77.10832927266105,78.64732938489234,12603000
2001-06-15,77.39111328125,77.74043908360248,76.47017048696091,76.79409033589775,16821100
2001-06-18,77.01637268066406,77.7658312132857,76.79407668490538,77.26407462532221,11368300
2001-06-19,77.35302734375,78.05167428854959,76.7814053541171,77.7277543534757,7732300
2001-06-20,77.75950622558594,78.03261421647031,76.91477629497949,76.9719409117972,8787200
2001-06-21,78.64234924316406,78.95356377414406,77.58167584984041,77.62613506855185,12259100
2001-06-22,78.02623748779297,78.4962354509684,77.58799817370203,78.43272299848894,12212000
2001-06-25,77.30860900878906,78.40104164543416,77.16887857679575,78.29941775100485,8406800
2001-06-26,77.2005844116211,77.73409495510634,76.57815059853095,76.78774610305331,8005800
2001-06-27,77.15615844726562,77.63885728631811,76.79413189512987,77.23237150306718,10105100
2001-06-28,77.58167266845703,78.71856389539049,77.44194231661062,77.4864015334989,10269300
2001-06-29,77.86746215820312,78.76300382352709,77.65151882782686,77.9944919222686,9824200
2001-07-02,78.8392333984375,78.95991048822845,77.88018391814342,77.99450830697404,8522200
2001-07-03,78.8201675415039,78.8201675415039,78.15327941800611,78.74395452492716,3303100
2001-07-05,77.28316497802734,78.53438069930178,77.2704644203249,78.16600153194037,5517900
2001-07-06,75.6127700805664,77.16249508677416,75.6127700805664,77.0481706739997,11665900
2001-07-09,76.02558898925781,76.55910442780691,75.70802177569252,75.89221134104332,8339300
2001-07-10,75.1109848022461,76.62260271448777,75.07922614849332,76.40030667528902,8630700
2001-07-11,75.18721771240234,75.51113765276578,74.36789365483102,75.00938083398839,15328600
2001-07-12,76.97193908691406,77.14977594268002,75.77788331987249,75.89856040586692,12002800
2001-07-13,77.63880920410156,77.68962110696297,76.60989482245157,76.74962028678581,10433800
2001-07-16,76.66704559326172,77.66420605302001,76.40029040303855,77.3402862673552,6915300
2001-07-17,77.3847885131836,77.45465369887164,76.10817160166627,76.34316827562432,7469800
2001-07-18,76.85759735107422,77.25773018621763,76.25421690300611,76.57178402966623,7709300
2001-07-19,77.53086853027344,78.10884325350972,76.69884388257765,77.60073371320732,10082900
2001-07-20,77.06723022460938,77.44831486208575,76.80047485492987,76.94655794538815,6705800
2001-07-23,75.54925537109375,77.41019986014176,75.54925537109375,77.35939277712804,8065200
2001-07-24,74.81885528564453,75.70803981899151,74.151962039942,75.5810148415683,12269000
2001-07-25,75.64453125,75.88588550357969,74.60291087494015,74.89507221470645,12088500
2001-07-26,76.43844604492188,76.7560133362142,75.3015545606123,75.61912185190462,12898200
2001-07-27,76.7305679321289,77.07354101192047,76.1589509781661,76.74327333083775,8478800
2001-07-30,76.75598907470703,77.07355626562074,76.4066680721164,76.97193728428756,8547700
2001-07-31,77.07353973388672,77.91826944349438,76.72421880622299,76.85124371706621,11918100
2001-08-01,77.55622863769531,77.93095544670467,77.20055507718624,77.46731024756805,11940800
2001-08-02,77.8738021850586,78.28028767253875,77.41650480022112,78.26758712104404,11070100
2001-08-03,77.44830322265625,77.71505855224603,76.7877627548446,77.71505855224603,10816300
2001-08-06,76.40660858154297,77.17512000370438,76.27957889666898,77.07349625580518,8550100
2001-08-07,76.7052230834961,76.9783312250154,76.15901164615119,76.38765570245941,8865100
2001-08-08,75.2824478149414,76.95285368166243,75.21893537094306,76.29231360356404,15183800
2001-08-09,75.50477600097656,75.56194061694285,74.85694104273456,75.39045161473493,14118500
2001-08-10,75.76520538330078,76.11452649836001,74.5266900325662,75.45399079279905,11173300
2001-08-13,75.78423309326172,76.12085353520025,75.46031320666262,75.96206994215825,7431600
2001-08-14,75.75244903564453,76.43839509054558,75.4539400511995,76.30501749859633,13178100
2001-08-15,75.0982894897461,75.96842535513323,74.99667050633006,75.72707602954064,8520600
2001-08-16,75.35873413085938,75.4222466325692,74.31076089272081,74.81887059778596,10734700
2001-08-17,74.15196990966797,74.86332245753346,73.6819716284906,74.72359206012302,11604600
2001-08-20,74.83789825439453,74.8823574749469,74.02492688104161,74.18371050382747,10417400
2001-08-21,73.56127166748047,75.28883814355743,73.54857111060842,74.81884000823074,14480800
2001-08-22,74.32341766357422,74.58382506655423,73.53585244587907,74.15193352542649,11752300
2001-08-23,74.056640625,74.64096287770022,73.986775481124,74.28528930574166,8744100
2001-08-24,75.59369659423828,75.66356176814712,74.14559089083887,74.44410484377826,11687700
2001-08-27,75.14273834228516,75.70800748809867,75.11098453433587,75.5619293110135,7425100
2001-08-28,74.0439682006836,75.25707236339169,74.0439682006836,75.12369472324205,12046600
2001-08-29,73.38345336914062,74.42507374115078,73.14845181915702,74.39331507239616,16180000
2001-08-30,71.97343444824219,73.51045862796786,71.16046314146799,72.94518936479858,17692600
2001-08-31,72.50061798095703,72.89439834486775,71.85277795372875,72.02426701504496,15985400
2001-09-04,72.03694152832031,73.78356110512367,72.00518771615658,72.31004951052083,24473400
2001-09-05,72.21472930908203,72.52594843835708,71.1032448791535,72.21472930908203,21477100
2001-09-06,70.35389709472656,71.96079260723279,70.35389709472656,71.54795391580937,21653000
2001-09-07,69.05181121826172,70.6587004394621,68.99464660376495,69.87748301261173,33133900
2001-09-10,69.89652252197266,70.08705987966671,68.40395323541026,68.40395323541026,23408700
2001-09-17,66.2445068359375,67.57828784460477,63.513427514536446,64.1485617896818,32388700
2001-09-18,66.08573913574219,66.8796571703105,65.64749483003932,66.26357600017491,22029200
2001-09-19,64.75192260742188,66.37151657700227,62.59881829463644,66.11746195589511,42771800
2001-09-20,62.694122314453125,64.66303818228579,62.598851175784,63.76750110845531,36210900
2001-09-21,62.017730712890625,63.10788556559283,59.79917149598346,60.10517731575523,49782100
2001-09-24,64.19801330566406,64.4912756495817,63.15248494589613,63.57324885022537,25549600
2001-09-25,64.8674087524414,65.02678813512553,63.688002293353385,64.22989122170488,25466200
2001-09-26,64.6379165649414,65.2818107774385,64.02590018168755,65.24993294819527,18587500
2001-09-27,65.19893646240234,65.21168954084146,63.75177334751837,64.54867051436236,20536800
2001-09-28,66.58232879638672,69.88466961812401,65.34554329849311,65.65155383648263,21687200
2001-10-01,66.47393798828125,66.50581580422818,65.55591622824623,66.23805966021261,20457400
2001-10-02,67.30911254882812,67.30911254882812,66.07870332826171,66.30183352600721,19833100
2001-10-03,68.43751525878906,68.77539881780946,66.5249624064864,66.68434181084496,32045800
2001-10-04,68.49488830566406,69.47028939570866,68.05499963216434,69.03677725970294,32674100
2001-10-05,68.36099243164062,68.60962382667431,67.27083340557387,68.37374063944185,29796100
2001-10-08,67.91473388671875,68.4056250521656,67.49397489449365,67.74897798608598,12970300
2001-10-09,67.55136108398438,68.05500054757971,67.32185436984288,67.96574847695503,15976300
2001-10-10,69.05590057373047,69.20253174980856,67.27084949458457,67.44935849359747,19987400
2001-10-11,70.12692260742188,70.3181797964456,69.45752730971117,69.45752730971117,23006300
2001-10-12,69.80819702148438,70.05682856697148,68.40565984879437,69.58506677090297,31360500
2001-10-15,69.68067932128906,69.77630307526213,68.89015395337222,69.25353881009057,16873000
2001-10-16,70.12055206298828,70.51581468427452,69.4575332452853,69.99942703920325,15877100
2001-10-17,68.62877655029297,70.86008834333815,68.62877655029297,70.809085763596,28542300
2001-10-18,68.48214721679688,68.95391379646482,68.05501154352555,68.7371552585872,16510000
2001-10-19,68.43751525878906,68.79452843198617,67.58324398608646,68.21438506546177,21912500
2001-10-22,69.7890625,69.8528132964056,68.34827115463831,68.40565027611515,17540600
2001-10-23,69.43203735351562,70.30543326713443,69.0941489729401,70.10142784966075,22062500
2001-10-24,69.24713134765625,69.77626701371075,68.99212345314879,69.47663796632585,16065200
2001-10-25,70.49029541015625,70.50942015303784,68.04860271559507,68.50123946465496,27467900
2001-10-26,70.33094787597656,71.26809961198897,69.9165604252663,70.09506459138795,18623300
2001-10-29,68.50123596191406,70.47754359906168,68.50123596191406,70.22891222657147,18727500
2001-10-30,67.67887115478516,68.66064398443905,67.29635670140244,68.43751379588134,26178600
2001-10-31,67.44935607910156,68.7626406239394,67.44935607910156,68.150624383708,28124200
2001-11-01,69.17705535888672,69.4958142474546,67.38562709770046,67.95939406989758,29806800
2001-11-02,69.64878845214844,69.731663978031,68.76901603322072,69.13240082189441,17575900
2001-11-05,70.56044006347656,70.82181972026073,70.09505012879077,70.2034318048942,15929500
2001-11-06,71.656982421875,71.7079849994887,70.03131052352127,70.35006933779663,23245800
2001-11-07,71.56133270263672,72.11597462691613,71.17244667478657,71.25532219106516,19716000
2001-11-08,71.78448486328125,72.72801310496077,71.33822446349107,71.9566173488243,22563500
2001-11-09,71.86100006103516,72.01400295596258,71.04497813625643,71.56136594655796,15895800
2001-11-12,71.42108154296875,71.81634412623215,70.12692185424186,70.76443932564406,26068800
2001-11-13,73.02764892578125,73.02764892578125,72.15424799222087,72.32000394349757,15296200
2001-11-14,73.09779357910156,73.5695553911298,72.49214874832053,73.42292415643023,17571300
2001-11-15,73.23165130615234,73.42928021338568,72.63238318244682,72.91289249377681,19470200
2001-11-16,72.90647888183594,73.37824032237089,72.29446285695711,73.36549211646282,18134900
2001-11-19,73.805419921875,73.85642250377637,72.96389677599795,73.26353086482614,13625400
2001-11-20,73.18701171875,73.8245292254852,73.08500658301352,73.55039650303415,16209700
2001-11-21,72.7025146484375,73.10414902389688,72.36463106630717,72.99577218885013,11470200
2001-11-23,73.74803924560547,73.79266528491614,72.67700943827595,72.70251072700682,6717100
2001-11-26,73.90741729736328,74.16879699028446,73.35915175938413,73.79266393211478,13726000
2001-11-27,73.58866882324219,74.52582062705478,72.73439257001795,73.70979874353402,19261400
2001-11-28,72.2562484741211,73.42290694672755,72.19887421999637,73.14877416131522,20195500
2001-11-29,73.23165130615234,73.26352426906581,72.03949159687336,72.46025556386834,16354700
2001-11-30,72.70885467529297,73.25711997757743,72.68972506941404,72.93198477183401,13680300
2001-12-03,72.27538299560547,72.72801997640802,72.04587623577966,72.45388717238686,15220400
2001-12-04,73.49942016601562,73.50579670524299,72.2626342051196,72.62601911909043,17239900
2001-12-05,74.84456634521484,75.22707592800633,73.67153144559795,73.70340927077775,25204000
2001-12-06,74.80634307861328,75.1888576842862,74.54496328620371,74.80634307861328,17972900
2001-12-07,74.30904388427734,74.6469274067061,73.76077840354932,74.52580237994495,18857800
2001-12-10,72.91928100585938,74.20069308938508,72.90015625092049,73.8564329088614,13862700
2001-12-11,72.77265930175781,73.77356207326942,72.61327984856248,73.25079766134377,20833300
2001-12-12,72.85550689697266,73.17426568099083,72.10961250969967,73.02763936411138,16171500
2001-12-13,71.44025421142578,72.48578317676245,71.42750599354997,72.32640370199924,19026700
2001-12-14,72.1224136352539,72.35192051723993,71.40202000583349,71.61240212496678,16721900
2001-12-17,72.8682632446289,72.90651274398951,71.97573763651994,72.03311188556084,13925900
2001-12-18,73.30177307128906,73.41014989194265,72.89375734764809,73.07863802846057,13663700
2001-12-19,73.81816101074219,73.90103654496697,72.67700396136821,72.73437820878388,20143400
2001-12-20,73.09137725830078,73.82452330502511,73.02762648551436,73.63326612279366,14867900
2001-12-21,73.53472900390625,73.61149603029953,73.05494607030808,73.58590702150178,14037700
2001-12-24,73.39397430419922,73.59228296090701,73.31720730131093,73.45794436630467,5728800
2001-12-26,73.79698944091797,74.34074228495082,73.34279565916803,73.34279565916803,10304800
2001-12-27,74.24479675292969,74.25759369566875,73.72663282588152,73.75862030212552,9407300
2001-12-28,74.20640563964844,74.68618843473237,74.1552276368281,74.39192223941991,10593800
2001-12-31,73.118896484375,74.45588880110965,73.07411695416386,74.30235968047184,14619500
2002-01-02,73.9057388305664,74.04647589393946,72.80543620485288,73.63706164445576,18651900
2002-01-03,74.7437744140625,74.81414296133418,73.91215367087591,73.9825222181476,15743000
2002-01-04,75.24274444580078,75.47304059690168,74.55825446352961,74.95487181662297,20140700
2002-01-07,74.71177673339844,75.47942724607095,74.56464119682468,75.29391064804446,13106500
2002-01-08,74.53905487060547,74.88449907788579,74.18721707325552,74.71177941454718,12683700
2002-01-09,73.93132019042969,75.34507938716024,73.78418467194535,74.64139902362318,16610300
2002-01-10,74.2575912475586,74.43031092401257,73.75861787046543,74.00810455901201,12823400
2002-01-11,73.5283203125,74.38552996847008,73.37478629124293,74.34075043242095,13708400
2002-01-14,73.06771087646484,73.46432813686866,72.90138483273942,73.34278649929438,12301100
2002-01-15,73.66263580322266,73.81616489569456,72.86299799572046,73.27881063174198,20219900
2002-01-16,72.17210388183594,73.18284715955996,72.08894331364401,73.11887711628913,17067000
2002-01-17,72.71588134765625,73.08051608720675,72.5431616839126,72.77345782263956,17283400
2002-01-18,72.38325500488281,72.83105047040621,72.07619177094924,72.28729743924079,17028000
2002-01-22,71.8842544555664,72.88220104906176,71.66035192650035,72.76705298976594,11689300
2002-01-23,72.43438720703125,72.63909427330204,71.6603335795746,72.05055718724726,12438900
2002-01-24,72.65830993652344,73.08691474222279,72.49198386244491,72.69669099954035,12142800
2002-01-25,72.63910675048828,73.04212248376557,72.31285312987204,72.36403112538092,12810700
2002-01-28,72.83743286132812,73.04853848301012,72.23610347130186,72.86302186522322,10589200
2002-01-29,70.54725646972656,73.01014033596094,70.40012582267141,72.83102221923154,27720800
2002-01-30,71.56439971923828,72.53675731882392,69.34460398948238,70.61762623911832,34711800
2002-01-31,72.40238952636719,72.47915649560944,71.4044433292216,71.74348890232359,19909200
2002-02-01,72.06340789794922,72.47922080926054,71.75634462911168,72.34487727372813,15838500
2002-02-04,70.27220916748047,71.79472353496156,70.0099303566568,71.79472353496156,24243400
2002-02-05,69.83719635009766,70.68161404191486,69.42778200743501,69.98433191727514,33614000
2002-02-06,69.53652954101562,70.20182904805871,69.12711521062047,70.14425744562993,29486000
2002-02-07,69.1014633178711,70.2785321069975,69.08867126695205,69.54926318962762,23445400
2002-02-08,70.42571258544922,70.84792377410616,69.2806353132858,69.49173602701144,19277800
2002-02-11,71.28927612304688,71.417216156739,70.25294427998269,70.40007971126812,18792400
2002-02-12,71.06544494628906,71.46206725708434,70.38735330323667,70.98228432912742,13942500
2002-02-13,71.82028198242188,71.99300651759981,71.23174960607354,71.3149150787899,16781100
2002-02-14,71.68594360351562,72.26808239186296,71.38527894409252,71.9738162028071,20453800
2002-02-15,70.9375,71.80110823595518,70.82235190983238,71.74353663117337,18366800
2002-02-19,69.57490539550781,70.55366153962306,69.47894785811154,70.4641024728807,15988100
2002-02-20,70.74555969238281,70.74555969238281,68.97356430989801,69.76041012589667,29242800
2002-02-21,69.28064727783203,70.77116899432234,69.25505827283342,70.32337360835592,26288600
2002-02-22,70.13786315917969,70.32977827326816,69.00557765174908,69.31263597756575,26572900
2002-02-25,71.2957534790039,71.5260497147215,70.17625978672324,70.20184879964799,17458700
2002-02-26,71.14859008789062,71.67315241048466,70.73277735984101,71.39167827815515,22346500
2002-02-27,71.42363739013672,72.19768606609433,70.78392725655843,71.62194596975368,28597900
2002-02-28,71.10379791259766,72.12733337460917,71.02703092272102,71.5388010940278,23755400
2002-03-01,72.76065063476562,72.83101916061163,71.33409935029287,71.46843793219821,26273600
2002-03-04,74.04650115966797,74.20003033546,72.70310989012751,72.86303753842053,27184600
2002-03-05,73.8097915649414,74.46229897123241,73.54751281266627,73.77780897010975,22718900
2002-03-06,74.68621063232422,74.9420958418749,73.61149665669485,73.63068719330539,20143200
2002-03-07,74.52625274658203,75.16596307058703,73.93132195003328,75.07640401567453,19330800
2002-03-08,74.83972930908203,75.42186820117641,74.51348047125262,75.08921601123569,19930100
2002-03-11,74.99960327148438,75.4218142380305,74.48143970399614,74.77570573495244,15621800
2002-03-12,74.95490264892578,75.00608067702298,74.16806120950413,74.27041238509315,17153600
2002-03-13,74.23198699951172,74.68618074643013,73.97610189235421,74.60941375010214,17175300
2002-03-14,74.12960815429688,74.48145067825993,73.96968062169566,74.23196411785011,11168100
2002-03-15,74.8359603881836,75.02842027031771,74.35480334097441,74.39971113626397,21220100
2002-03-18,74.84881591796875,75.41978876041654,74.483136626799,75.12467958636589,17548900
2002-03-19,75.3492202758789,75.5352683255345,74.94504996464504,75.25299274552641,17912000
2002-03-20,73.931396484375,74.79106644647537,73.89932227870283,74.7397418438997,17114500
2002-03-21,73.96347045898438,74.35481196098296,73.21286655301981,73.96988725750752,25846800
2002-03-22,73.8030776977539,74.38046714502374,73.58495062008188,74.09818677200677,15235400
2002-03-25,72.88568115234375,74.00838110244814,72.68680444173478,73.83516179775107,17499600
2002-03-26,73.30913543701172,73.79029281158924,72.7959038408806,72.82797806243421,19947600
2002-03-27,73.50154876708984,73.78382912836074,72.98190073346161,73.15511511314354,19020300
2002-03-28,73.46949768066406,74.27142638126529,73.45666897507157,73.75819494963112,17532900
2002-04-01,73.50154876708984,73.84156562339388,72.8150982568395,73.28342659307688,17711000
2002-04-02,73.09739685058594,73.74535163118254,72.98833084179294,73.12305915297348,15669500
2002-04-03,72.58417510986328,73.27062592863292,71.95546570666063,73.14231928561577,25658500
2002-04-04,72.28263854980469,72.75096702807672,72.00036299750776,72.237730741854,23549000
2002-04-05,72.29545593261719,72.8985028048898,71.96826775117614,72.61622731590919,19404900
2002-04-08,72.44942474365234,72.51357804132115,71.35880399953405,71.41654049906111,16470100
2002-04-09,71.94261932373047,72.60982451696522,71.80789590412304,72.60982451696522,15122700
2002-04-10,72.75736999511719,72.8407687955745,71.91052881547498,71.9169456138434,17199300
2002-04-11,70.94821166992188,72.52641117100168,70.89047517076625,72.42376197972571,25453700
2002-04-12,71.4806900024414,71.62824698437171,70.59536279460733,71.22407193080494,14950600
2002-04-15,70.93537902832031,71.76296973233019,70.69800645761617,71.60900084855099,17394900
2002-04-16,72.62266540527344,72.69965232707278,71.6411054016088,71.66035090841248,15040900
2002-04-17,72.46868896484375,72.92418385892123,72.23773311790531,72.74455262121,12920100
2002-04-18,72.15431213378906,72.78943807047361,71.30747592001545,72.43017570541286,25204800
2002-04-19,72.4173812866211,72.64833718755646,72.21208769629912,72.62267487694305,10499200
2002-04-22,71.21128845214844,72.12869533700008,71.10863920047392,72.09661622220537,13922900
2002-04-23,70.90332794189453,71.51921350945906,70.67878887798273,71.26900724443219,16967000
2002-04-24,70.19120788574219,71.73090686091906,70.18479108654691,70.92897827193791,18902700
2002-04-25,70.22970581054688,70.4029202492145,69.74854860975616,70.06290327712253,25451500
2002-04-26,68.895263671875,70.57610714959836,68.83111038683437,70.43496698575981,19769800
2002-04-29,68.55528259277344,69.45344373528465,68.4077255551372,69.24173337916572,17724400
2002-04-30,69.19680786132812,69.69721046987304,68.41412485018527,68.657909355876,19473500
2002-05-01,70.04363250732422,70.08854030074964,68.51676263627745,69.26736642406625,24575600
2002-05-02,69.77422332763672,70.51199881235297,69.14550898646866,69.99234561473308,15666800
2002-05-03,69.01720428466797,69.77422529909575,68.77341478680731,69.67157605903122,18185500
2002-05-06,67.66355895996094,69.28024559562543,67.56090970330366,69.05570646492008,23630400
2002-05-07,67.4261245727539,68.20880730805666,67.29781801383737,68.06766715649958,21910000
2002-05-08,69.93458557128906,70.15912458384365,68.51035969939517,68.67716220640001,27917400
2002-05-09,69.12627410888672,69.99235637866559,69.01721294856632,69.7036639202679,18085600
2002-05-10,67.82392120361328,69.31871744622609,67.74693428785072,69.26739283571771,18958900
2002-05-13,69.20320892333984,69.2545286165742,67.86879900760479,68.14466254889058,14677700
2002-05-14,70.71084594726562,70.80707834311762,69.92816297305777,70.32592125844062,34201200
2002-05-15,70.43497467041016,71.1535042671718,70.11420331562802,70.24892669728662,29535300
2002-05-16,70.80065155029297,70.87763843502333,70.13986336374973,70.37723102614936,28092000
2002-05-17,71.14710998535156,71.3716490258419,70.6338736974445,70.99314105681304,27823700
2002-05-20,70.37727355957031,71.0124047296355,70.24255010080701,70.98032561796485,13833800
2002-05-21,69.73570251464844,70.87765284469101,69.49191800531348,70.64028023945043,16877200
2002-05-22,69.88966369628906,70.00514157872009,69.28661198864009,69.42775216656494,15844200
2002-05-23,70.63387298583984,70.80067551191678,69.59457661044527,70.09497929409213,13879800
2002-05-24,69.72931671142578,70.69804320728208,69.67799209195938,70.55690784562717,11877000
2002-05-28,69.35077667236328,70.01156498248453,68.93377286760638,69.96024527764897,24236900
2002-05-29,68.83756256103516,69.2994693874622,68.72849653637425,69.04285611541977,14773300
2002-05-30,68.64506530761719,68.9722534379776,67.93936935346464,68.35637306555819,18217900
2002-05-31,68.78622436523438,69.64588942489993,68.5488517514274,68.90170227268325,19826300
2002-06-03,66.95783233642578,69.03001310370102,66.80385852069139,68.70282486349514,26056300
2002-06-04,67.12464904785156,67.49032839867662,66.43178625837285,66.81671111799106,25856200
2002-06-05,67.75333404541016,67.79182504631744,66.944988764276,67.32991345709793,19695900
2002-06-06,66.3740234375,67.74692476073304,66.175146717978,67.7084337555568,22998500
2002-06-07,66.29703521728516,66.6691312418853,65.25773894147689,65.2962299458895,24011600
2002-06-10,66.5536880493164,67.01559992154074,66.09177617709206,66.23291645967016,18759900
2002-06-11,65.41170501708984,67.06688665922269,65.26415291018455,66.8038517549206,19990700
2002-06-12,65.80943298339844,65.95698502227322,64.65465448768674,65.25128922804095,31266000
2002-06-13,65.14868927001953,66.07892460024755,65.0139609417557,65.52078046536015,21043900
2002-06-14,65.05245208740234,65.15509640787309,63.19197666849927,64.35316776994797,39267500
2002-06-17,66.79743957519531,66.93857488286653,65.34113464602433,65.38604244723409,17647200
2002-06-18,67.34271240234375,67.38120338344535,66.48304296595732,66.55361302769728,21628500
2002-06-19,65.77095794677734,66.99630689968606,65.59132676709247,66.39967197025697,21540700
2002-06-20,64.93055725097656,66.1109987490554,64.77017152368101,65.60417926345141,25691000
2002-06-21,63.91530990600586,64.97756172075835,63.529037858381926,64.68141965385615,31190700
2002-06-24,64.25005340576172,64.82302441345149,62.60839181006692,63.483944006209036,37169700
2002-06-25,62.80800247192383,64.95181928691277,62.795128863492344,64.57198644173046,33355000
2002-06-26,62.91098403930664,63.18781316331282,61.282200670134,61.28863501573554,37913600
2002-06-27,64.0118408203125,64.05046652843403,62.17060675359299,63.41311778586577,31616400
2002-06-28,63.709320068359375,64.7007551142424,63.65781580089907,63.88958009275314,28184200
2002-07-01,62.46674728393555,64.25004274966896,62.3766173591381,63.85089243148562,20270200
2002-07-02,61.14058303833008,62.57622837056369,61.01182241571382,62.35734267968936,34213900
2002-07-03,61.488224029541016,61.700670442966775,60.33584234337961,60.915252815711476,30565800
2002-07-05,63.934627532958984,64.07626177370248,62.228592119592065,62.30584358784056,19013500
2002-07-08,63.13629913330078,64.18567197411346,62.80796582513449,63.7221486652894,19118600
2002-07-09,61.546142578125,63.31012063125193,61.16630994933873,62.91741440136846,28620400
2002-07-10,59.30577850341797,61.84874026109464,59.25427426187502,61.803675277673264,50522500
2002-07-11,59.78861999511719,60.097635622385155,58.146957898218545,59.07401460345212,59476500
2002-07-12,59.13195037841797,60.44527901111117,58.919499074957024,60.084759159212304,39018600
2002-07-15,59.447391510009766,59.48602213643863,56.582536395304174,58.99674179928534,77317200
2002-07-16,58.301475524902344,59.47317020824716,57.85726487197269,58.66200036635005,53282400
2002-07-17,58.4173583984375,60.0654600524963,57.780009253815095,59.52467523909265,48880600
2002-07-18,56.52461624145508,58.64911474218614,56.49242486089389,58.3915984328419,32656700
2002-07-19,54.5352897644043,56.36365053599995,54.271339195545664,55.85505734383776,77572600
2002-07-22,52.919403076171875,55.307862297527606,52.436561789302736,54.14260198525015,78134000
2002-07-23,51.470882415771484,53.58894691526752,51.342126695953866,53.144736243695654,74484100
2002-07-24,54.54172897338867,54.799245197409896,50.00946013044077,50.29916281264375,107022800
2002-07-25,54.078216552734375,55.26922391113615,52.533123668884706,54.25203723049933,87176600
2002-07-26,55.10826110839844,55.32071236302678,53.94944546006047,54.49666436997396,41206800
2002-07-29,57.79287338256836,58.15983251616462,56.20272041146119,56.3314761064471,53492900
2002-07-30,58.546112060546875,58.84225410171998,57.11690118796548,57.50317320202974,47532200
2002-07-31,58.687744140625,58.93882118620657,57.458106122563755,58.256402244112465,44669900
2002-08-01,57.155540466308594,58.81007666337577,56.86583761500635,58.507495291912896,66571900
2002-08-02,55.87436294555664,57.2391953186245,55.1211321396149,56.975239872328295,51772900
2002-08-05,53.93014144897461,55.9645147485579,53.78851215480509,55.68124633678941,47191300
2002-08-06,55.74562454223633,56.58899052498809,54.79282064293181,54.8700770043814,64730000
2002-08-07,56.717742919921875,56.975259198075285,55.21771514301419,56.56967437539094,43289400
2002-08-08,58.552528381347656,58.64909758306262,56.52459970390158,56.923745200476766,48339800
2002-08-09,58.77143096923828,59.189894321467186,57.522480170445284,58.00532136646757,41879200
2002-08-12,58.34009552001953,58.758553971343716,57.6512422590347,57.93450576138596,25841700
2002-08-13,57.27785110473633,59.00964336275858,57.071839026257926,58.037521565072055,49690500
2002-08-14,59.37015151977539,59.634102140709906,56.66623799930947,57.31002623108025,57423600
2002-08-15,60.194190979003906,60.50964579174238,59.35726443386169,59.76928844976483,45551500
2002-08-16,60.01392364501953,60.56758176868888,59.22850142717636,59.7564074390805,36517300
2002-08-19,61.41740036010742,61.642725266467004,59.936685412519516,60.168449576693526,33669900
2002-08-20,60.76715850830078,61.41738586610253,60.27144383129436,61.043987588417295,30508300
2002-08-21,61.64274597167969,61.66205883989544,60.239286911312746,61.1985303558526,39628900
2002-08-22,62.241458892822266,62.54404020814735,61.204959239426515,61.47534917203878,38399800
2002-08-23,60.90238952636719,61.9002636399808,60.61268667362328,61.810133645273076,33716400
2002-08-26,61.32726287841797,61.571900616512,60.194194316013096,61.10193799968478,33830100
2002-08-27,60.61913299560547,61.964648724572065,60.194230189584296,61.61056305288775,35335700
2002-08-28,59.292911529541016,60.18777702576248,59.09977795373046,60.052582049180366,38970600
2002-08-29,59.31865692138672,59.9045066651185,58.46241725518576,58.75855930051608,42965700
2002-08-30,59.086891174316406,60.12339076158688,58.84225338113841,59.02251332471326,30366700
2002-09-03,56.83362579345703,58.58473061530532,56.74993508936668,58.41090994935936,76586400
2002-09-04,57.64484786987305,58.10193731362665,56.692038315651295,57.04612410884283,51099500
2002-09-05,57.155540466308594,57.57400396063562,56.331491997815164,56.96884121770987,67250900
2002-09-06,57.94096374511719,58.30792298570095,57.51606098669581,57.780016623602975,38622200
2002-09-09,58.365867614746094,58.81007833861538,57.16842061494525,57.3615542174095,33998400
2002-09-10,59.0353889465332,59.08689319266109,58.30147063021426,58.674869047068526,41416600
2002-09-11,58.668399810791016,60.08473638531583,58.64908695629009,59.53107830162992,27711200
2002-09-12,57.58684158325195,58.48170661828172,57.29069965692751,58.423768048913416,43601700
2002-09-13,57.72850036621094,57.87657384838001,56.81432208484717,57.09759053158002,41131000
2002-09-16,57.8701286315918,57.8701286315918,56.94951118620701,57.49673024692612,28167600
2002-09-17,56.543922424316406,58.707051308485454,56.49241818618988,58.513912871368234,47609700
2002-09-18,55.97737121582031,56.97524469781192,55.54603438392489,56.0160018403262,54719400
2002-09-19,54.52885437011719,55.88081341522713,54.52885437011718,55.35934167347674,48510500
2002-09-20,54.54698181152344,55.096654036140386,54.35298246187069,54.91558600297093,46325600
2002-09-23,54.10079574584961,54.35946162136987,53.4735206368688,54.094327618841,46893800
2002-09-24,53.22774124145508,54.0942870627255,52.930271760640345,53.31181202833056,69507000
2002-09-25,54.54698181152344,54.81858386127762,53.05316560414158,53.91324369543036,59294400
2002-09-26,55.43939208984375,55.59459254650123,54.61164480895884,54.98024897710385,53638000
2002-09-27,53.512306213378906,55.37472669577882,53.512306213378906,54.96732360286655,64648300
2002-09-30,52.891517639160156,53.544660385291145,52.315977623394055,53.02731871699686,73096400
2002-10-01,55.43293380737305,55.465264569144736,52.684567436323164,53.30537430691218,67198100
2002-10-02,53.77098083496094,55.31006423065958,53.415307918394184,54.76686006761339,56749100
2002-10-03,53.22774124145508,54.70862545710111,52.99493818103805,53.7644819048461,55547000
2002-10-04,52.251277923583984,53.62222408547766,51.46233460127697,53.54462633819019,68483700
2002-10-07,51.171348571777344,52.50996451521145,50.796281132210616,51.77275602078308,53188000
2002-10-08,51.97321701049805,52.58108751794935,50.56992998278979,51.61107603541195,79531000
2002-10-09,50.505279541015625,51.5399577968348,50.298343889851786,51.14548594090763,79956400
2002-10-10,52.141361236572266,52.42589958487743,49.839201680240606,50.40181025064361,76749000
2002-10-11,54.424102783203125,54.792706878113286,52.91088259680754,53.09195058255533,82308300
2002-10-14,54.72805404663086,54.87032320753975,53.699844093445385,53.803309434457326,40631900
2002-10-15,57.36001968383789,57.37295593526515,56.16367298100118,56.2542070060547,82320300
2002-10-16,55.96967697143555,56.77802005343933,55.562268900515484,56.525817406552925,62977800
2002-10-17,57.081932067871094,57.7480106686004,56.81033007557341,57.46994055256244,68534100
2002-10-18,57.32121658325195,57.62515433090341,56.21540398675879,56.68101032922622,47448700
2002-10-21,58.31061553955078,58.52401922468698,56.62926348779808,56.98493629635842,45859100
2002-10-22,57.890281677246094,58.20715563933714,57.243607371525705,57.58634889789358,40966800
2002-10-23,58.32999801635742,58.375265003035764,56.7003815622057,57.405253916730054,54905800
2002-10-24,57.140132904052734,58.782685969773794,56.97199623002688,58.68568385269224,54987400
2002-10-25,58.32999801635742,58.45286766608356,56.86851819861018,57.043118023303336,43672100
2002-10-28,57.94851303100586,59.034926588794924,57.45703893888476,58.94439253679049,39416100
2002-10-29,57.275936126708984,57.87087523185476,56.260657786982854,57.60574136414682,59508200
2002-10-30,57.83207702636719,58.17481358147825,57.056069917954694,57.34707135017616,41688600
2002-10-31,57.24361038208008,58.39469485113623,57.03021159960668,57.98082366840755,41620600
2002-11-01,58.375274658203125,58.7309474221688,56.939662157357375,57.133661446466746,51878900
2002-11-04,58.931400299072266,60.101883603050794,58.78266804081279,59.36467563205472,49080600
2002-11-05,59.397037506103516,59.5393066511724,58.74389503725711,58.74389503725711,37270800
2002-11-06,60.16658401489258,60.18598345660742,58.71156668147254,59.80444794625844,65013100
2002-11-07,58.69215774536133,59.63630158137988,58.342953049781904,59.50696376798022,51572000
2002-11-08,57.97438049316406,59.21599457568566,57.890309635229215,58.543452380885846,37905400
2002-11-11,57.07544708251953,57.916120299613816,56.77797764258793,57.883789560724196,33505100
2002-11-12,57.52812576293945,58.15540041209752,57.146590422616256,57.33412649851013,37724500
2002-11-13,57.58635711669922,58.03255909639013,56.551674132888465,57.1142826353055,63891500
2002-11-14,58.67277526855469,58.84737519995311,58.03903213401969,58.24596776154927,31896800
2002-11-15,59.106040954589844,59.20304310102131,58.16836011739782,58.20069581078634,39152100
2002-11-18,58.51109313964844,59.591038042178255,58.42702232262113,59.591038042178255,28934800
2002-11-19,58.433502197265625,58.91203989654045,58.0454985239689,58.2136303243657,32806600
2002-11-20,59.73331832885742,59.765649089821075,58.16836247293413,58.187766849993494,36688400
2002-11-21,60.8455696105957,60.91024097386256,59.77209306587201,59.88202648945394,55128200
2002-11-22,60.41230010986328,60.96197217064266,60.31529799708283,60.45110391521491,32513800
2002-11-25,60.451133728027344,60.95553904276545,59.991990496678724,60.41879802990933,33846400
2002-11-26,59.299991607666016,60.43167087448201,59.24826144796071,60.18593658125908,42284700
2002-11-27,60.968414306640625,61.20768542501448,59.77206858223194,59.83026686485432,37764000
2002-11-29,60.774444580078125,61.40171442102633,60.6386386539505,61.304717236267585,19385700
2002-12-02,60.87145233154297,62.11307078304767,60.28298126234528,61.7379984910959,49911900
2002-12-03,60.05665969848633,60.399396377580665,59.72038621179156,60.302394220505846,34407700
2002-12-04,59.785011291503906,60.231217944963646,59.125405960665866,59.345272759701466,64040800
2002-12-05,59.12541580200195,60.011361134728396,58.91201215537169,59.966094143055194,36724900
2002-12-06,59.51343536376953,59.603969371564,58.18775600178864,58.27829000958311,49824100
2002-12-09,57.87735366821289,59.144834787781576,57.86442235220248,58.89263218884225,36789600
2002-12-10,58.653358459472656,58.91202917249484,58.04548795766404,58.21361972745499,33319900
2002-12-11,58.70512771606445,59.24833702257,58.30419256484996,58.472324432381555,39201000
2002-12-12,58.69862365722656,59.16422993958644,58.33001950598055,58.97669380176186,34465600
2002-12-13,57.773868560791016,58.511081661040876,57.72860156578494,58.14247757778216,36862200
2002-12-16,59.267723083496094,59.358257125169835,57.98084211936062,58.08430748110121,37098400
2002-12-17,58.75035858154297,59.325898308096676,58.679224014554684,59.08663197707546,32353900
2002-12-18,58.071346282958984,58.459349823892616,57.76740861354562,58.40761470277275,35612600
2002-12-19,57.65745544433594,58.6533290494591,57.2953146541965,57.78032014777108,39264200
2002-12-20,58.48019027709961,58.49968504721859,57.90182229300503,57.9668065127277,31176900
2002-12-23,58.49969482421875,58.792131298812606,58.038300341703795,58.22025817052896,22599300
2002-12-24,58.064292907714844,58.39571891697463,57.99930867950164,58.220256047022296,10937000
2002-12-26,58.09025573730469,58.883075777514634,57.7328352411523,58.29170822169453,17485600
2002-12-27,56.784095764160156,58.02531611513554,56.784095764160156,57.810863652718865,22205700
2002-12-30,57.25848388671875,57.492431100476935,56.68011576325527,57.05053135870918,29968000
2002-12-31,57.33646774291992,57.46643621322792,56.60863141844883,57.18049962897511,34036600
2003-01-02,59.182029724121094,59.33149788654896,57.53790472730452,57.73935728894479,44516300
2003-01-03,59.36397933959961,59.38347410636632,58.811606129974315,59.07804783039226,32222600
2003-01-06,60.41025161743164,60.754672442835925,59.2470157442882,59.29250519371937,40984500
2003-01-07,60.26081848144531,60.67672364322331,59.91639252617797,60.37129220548433,38640400
2003-01-08,59.38996124267578,60.04631301121011,59.16901398953176,59.91633966408754,38702200
2003-01-09,60.312774658203125,60.553221731412336,59.402985641688886,59.66942243710283,34804900
2003-01-10,60.475242614746094,60.852158071120826,59.656432433215905,59.75390629436567,37768900
2003-01-13,60.45572280883789,60.9951010877532,60.07231255913591,60.7871486734454,31649900
2003-01-14,60.65068817138672,60.97561417043029,60.05282552306111,60.23478328924914,30733000
2003-01-15,60.04635238647461,60.80667837331287,59.72792615367542,60.787183597954886,33511800
2003-01-16,59.799415588378906,60.390783651437026,59.428999919181955,60.11134692148281,44812100
2003-01-17,58.91559982299805,59.981356979931306,58.58417382968997,59.13004726998227,35618300
2003-01-21,57.999298095703125,59.08454987855957,57.80434048866086,59.05206024937113,36826200
2003-01-22,57.297454833984375,58.35671686292495,57.186981173903995,57.68736507766545,42286500
2003-01-23,57.64837646484375,58.083776161301145,57.1544875040088,57.67437114256957,55919800
2003-01-24,56.13421630859375,57.62887795391685,55.99774797787812,57.57038869333729,68633900
2003-01-27,55.36740493774414,56.407172414379474,54.912510385200264,55.71183076521739,57884400
2003-01-28,55.77681350708008,56.14722904942019,55.32191400867626,55.646840096973854,46929100
2003-01-29,56.19921875,56.654113293149216,55.08796715834652,55.51037206725861,53712200
2003-01-30,54.86701965332031,56.45915550815743,54.84752488123329,56.40067119189634,49845900
2003-01-31,55.926265716552734,56.02374451543929,54.68505088186203,54.68505088186203,55317000
2003-02-03,56.03672409057617,56.413634374552764,55.83526665685627,55.978234849181405,39696000
2003-02-04,55.48435592651367,55.72480292517322,54.78251961108694,55.43886648979178,43633400
2003-02-05,55.13995361328125,56.23820532690849,54.89951149229427,55.72482153645488,55270600
2003-02-06,54.88002395629883,55.165960550707524,54.360145098622446,54.82803954111685,53638000
2003-02-07,54.210662841796875,55.230930475290116,53.918231370010105,55.17894607357969,43165000
2003-02-10,54.594078063964844,54.672057145365244,53.710278782920035,54.23665741428561,45455900
2003-02-11,54.2171630859375,55.15944668571451,53.82725280182212,54.828025671104484,46861000
2003-02-12,53.35286331176758,54.34064140785942,53.34636340169391,54.04170999819388,35873600
2003-02-13,53.515342712402344,53.716800322423175,52.6380429875394,53.38537421908199,57934100
2003-02-14,54.68503952026367,54.717529141157236,53.17088337168265,53.52830390734826,59580900
2003-02-18,55.6468391418457,55.757317778034384,54.841023844932785,54.932002751456245,39492700
2003-02-19,55.35438919067383,55.54284685076117,54.76952144522638,55.445368066857114,31432000
2003-02-20,54.80204772949219,55.51038438355421,54.620089871860834,55.373915990330694,29280100
2003-02-21,55.35438919067383,55.71830469540696,54.23664304559135,54.83450564850345,60955800
2003-02-24,54.457603454589844,55.23742392683648,54.32113016186792,55.19193448192172,30628600
2003-02-25,54.89302444458008,54.906019309038356,53.43085677303477,53.90524617444535,56770600
2003-02-26,54.09366226196289,54.931971676102506,53.98968855245974,54.60054587098318,37787200
2003-02-27,54.80852508544922,55.074966832847686,54.04170434820255,54.392620127833524,51126000
2003-02-28,55.17244338989258,55.38689576934131,54.691554231898614,54.89300679308974,43666800
2003-03-03,54.64606475830078,55.74431647523134,54.40562263659061,55.40639553970262,42923100
2003-03-04,53.77528762817383,54.59410306367723,53.71030337792319,54.55510854714246,31440500
2003-03-05,54.230159759521484,54.28864903098175,53.521823298134144,53.684286335110514,43974700
2003-03-06,53.77528762817383,54.27567180888228,53.59332974427984,53.853271703262884,41217700
2003-03-07,54.14567184448242,54.581071521930696,52.917451883932735,53.03442544960307,63538000
2003-03-10,52.845951080322266,53.846723502248246,52.7029828831934,53.6777606367345,41014100
2003-03-11,52.32611083984375,53.2878945324281,52.3001211079724,52.94997348031908,48102700
2003-03-12,52.6770133972168,52.703008078028525,51.58526159301642,52.2351137393743,62459800
2003-03-13,54.496604919433594,54.52909951204722,52.98244813044747,53.4048530445309,72117800
2003-03-14,54.67205810546875,55.08796307350204,54.16517423555182,54.717547556410565,63951800
2003-03-17,56.39414596557617,56.50461959646161,54.080674834203826,54.23663789886423,88217500
2003-03-18,56.7255859375,56.764575473877066,56.06923397994596,56.63460704730174,50792300
2003-03-19,57.16099548339844,57.29096889037827,56.32918551064163,56.71909581562407,49630800
2003-03-20,57.28445053100586,57.570382018314845,56.11471503481521,56.75157212895832,67321600
2003-03-21,58.50718688964844,58.64420546813383,57.371886540792076,57.93953920420443,71165300
2003-03-24,56.562870025634766,57.508953617873956,56.34102667959554,57.43065508786496,65398900
2003-03-25,57.10436248779297,57.587195480770994,56.39969632300968,56.59543498846207,61040100
2003-03-26,56.817283630371094,57.31968506288847,56.63459220036478,57.130467516676745,45740800
2003-03-27,56.86296463012695,57.19572691269732,56.1060943369032,56.37361038198123,53120200
2003-03-28,56.575904846191406,56.947814070470336,56.27576801413923,56.419312798592756,32583000
2003-03-31,55.2905387878418,56.49761236548432,55.068700444889664,55.68854755887659,61119500
2003-04-01,56.13873291015625,56.367097283105714,55.401440798070816,55.623279052373164,53574000
2003-04-02,57.4958381652832,57.91994101044723,57.091303706948835,57.117403185999436,50431200
2003-04-03,57.2218132019043,58.063502985110965,57.1891925768305,57.98520950255935,48755500
2003-04-04,57.56110382080078,57.80251537213752,57.16962145871369,57.69812239863284,36250100
2003-04-07,57.4501953125,59.27711499806003,57.39799632714906,58.944352688909284,69776200
2003-04-08,57.54152297973633,57.841659584306974,57.228334143941744,57.61329531756492,39712700
2003-04-09,56.784637451171875,58.13525429413789,56.61499333707946,57.65242640722321,55647300
2003-04-10,57.09789276123047,57.17618630672001,55.9234397991661,56.823850418100704,41812400
2003-04-11,56.86296463012695,57.87429375618015,56.673747056821014,57.521963078127804,47730100
2003-04-14,58.037410736083984,58.07003634319462,56.7650917062689,57.07175449242144,36711700
2003-04-15,58.57896041870117,58.57896041870117,57.691597720924385,57.96563488342263,49709800
2003-04-16,57.58066940307617,58.76164244604231,57.43712472820275,58.66377560223556,51788000
2003-04-17,58.435447692871094,58.53984570406737,57.54156336736603,57.613335755570674,37403100
2003-04-21,58.49414825439453,58.826910552877166,58.10918697223442,58.63116685307113,32052700
2003-04-22,59.59682846069336,59.74037318958611,57.998273022684856,58.13529163354534,59763600
2003-04-23,60.14491271972656,60.25583184534903,59.53158700256951,59.779529728043165,44227100
2003-04-24,59.609886169433594,60.07966715149615,59.34889618184663,59.72080529631782,49692400
2003-04-25,58.8725700378418,59.68163418907278,58.73554649234048,59.57071510744594,43917200
2003-04-28,59.89044189453125,60.15143184882291,58.918259417213406,59.00960515452008,46432900
2003-04-29,60.099246978759766,60.54945463121049,59.63599206561605,60.11882035878449,52017100
2003-04-30,59.96873474121094,60.399363894068266,59.642498573482804,59.96873474121094,48709100
2003-05-01,59.962223052978516,60.50377641643593,59.04876056793577,59.975270312520955,50240400
2003-05-02,60.81694412231445,60.98658831871103,59.69469093963804,59.74036380274842,50201500
2003-05-05,60.69948196411133,61.18883606569619,60.35367252879947,60.98657129665733,35437800
2003-05-06,61.27365493774414,61.58031263142724,60.67990296021471,60.70600244056438,44401000
2003-05-07,60.93440628051758,61.42376065474465,60.66036902566324,60.953979659011445,41413100
2003-05-08,60.32107162475586,60.895250524902124,60.21015251103465,60.36674449381573,40570700
2003-05-09,61.15624237060547,61.201915241076165,60.42547146510494,60.56901619457554,33608100
2003-05-12,61.90658187866211,62.063178844766625,60.862626994479776,61.00617172442414,35662300
2003-05-13,61.79564666748047,62.102309423774564,61.502036143947294,61.67820146247355,39253600
2003-05-14,61.66520309448242,62.141505430524205,61.27372042675668,62.04363351909972,32195100
2003-05-15,62.05663299560547,62.200177679909395,61.49550649039993,61.91308831130155,43879200
2003-05-16,61.90007400512695,62.27850430939509,61.502065342422505,61.913121266113876,38905000
2003-05-19,60.451576232910156,61.60645033154077,60.24278523854875,61.43028495234863,41606000
2003-05-20,60.32759475708008,60.69950380901073,59.75994200288314,60.562485208611974,55404600
2003-05-21,60.451576232910156,60.60164211556088,59.96874799181877,60.099240496555915,49333800
2003-05-22,61.05185317993164,61.365042178210594,60.47115303838776,60.647318427565125,38421800
2003-05-23,61.17582702636719,61.319371782304465,60.77129225763217,61.02575615116809,26155900
2003-05-27,62.24586868286133,62.532953157196395,60.725606778386265,60.875677622446176,43719200
2003-05-28,62.42207717895508,62.94405745695236,62.26548508674503,62.53952249260582,37727100
2003-05-29,62.25893020629883,63.17239278187006,62.037091926301684,62.559066985220554,50844200
2003-05-30,63.257198333740234,63.348544073156,62.350262079562626,62.57210528812196,52529500
2003-06-02,63.51818084716797,64.23589942041896,63.07449946003608,63.635626066643134,50305500
2003-06-03,63.77919387817383,63.837914020195846,63.19196756810035,63.387711330781734,38254500
2003-06-04,64.69914245605469,64.82310878274164,63.66170912219143,63.720434205752696,49360700
2003-06-05,65.01886749267578,65.01886749267578,64.11845250781971,64.32072231144453,46262400
2003-06-06,64.76438903808594,66.16067908472769,64.6795644700211,65.50820691422341,60356800
2003-06-09,64.10541534423828,64.6600159063299,63.792226391944574,64.44469881275107,37808500
2003-06-10,64.75787353515625,64.76439965176172,64.0662545140279,64.2424198386285,29965900
2003-06-11,65.44298553466797,65.50170566287883,64.40555180121721,64.69916737618003,37610200
2003-06-12,65.64524841308594,65.83446600601235,64.99930213238501,65.73659415064085,36442000
2003-06-13,64.96017456054688,65.73661859647338,64.56216585120399,65.64527282494923,48628300
2003-06-16,66.33038330078125,66.35647783061684,65.11678356656945,65.22117661982817,36326300
2003-06-17,66.33038330078125,66.66966694633723,66.04981981431354,66.59789454435905,36801800
2003-06-18,66.27159881591797,66.64350775767325,65.89968987416269,66.08890740284066,35521000
2003-06-19,65.26026153564453,66.37599328049674,65.14281635081626,66.3172681990989,43551700
2003-06-20,65.11619567871094,65.81031280209915,65.10309630131758,65.73828121428166,41545000
2003-06-23,64.44827270507812,65.26026430908172,64.12085818615867,65.12274581470035,34237500
2003-06-24,64.51376342773438,64.8870158304826,64.18634886406227,64.31731768710097,36213600
2003-06-25,63.865501403808594,65.11622777610934,63.865501403808594,64.52033070969561,47743400
2003-06-26,64.69713592529297,64.81500539746749,63.49224743240332,64.02920725098701,33477300
2003-06-27,63.95061492919922,64.95250269397432,63.898227400020836,64.664376279443,54208800
2003-06-30,63.930973052978516,64.61199602108398,63.826202978781694,64.3173248792082,33349000
2003-07-01,64.52033233642578,64.72987751975478,63.1451917585823,63.6821516031098,51322800
2003-07-02,65.33232116699219,65.3454205515477,64.54652795600867,64.67749182585545,34662100
2003-07-03,64.65782165527344,65.38468233032,64.10776762872435,64.87391644968173,30792800
2003-07-07,65.94132232666016,66.07229121166944,65.25375441518185,65.25375441518185,31391100
2003-07-08,66.23599243164062,66.32766814467377,65.59425744445697,65.81035233772866,30952500
2003-07-09,65.86275482177734,66.39971483242496,65.5025965846558,66.08539446221408,36528500
2003-07-10,65.02456665039062,65.5091390465138,64.58582712016533,65.37817015840466,49777700
2003-07-11,65.64008331298828,65.7775968574236,65.08347944381174,65.08347944381174,39976300
2003-07-14,65.9609603881836,66.72710950268907,65.77760397979864,66.26872597565364,42114900
2003-07-15,65.8169174194336,66.43900347417691,65.45020948560705,66.38661591277986,42573600
2003-07-16,65.4305648803711,66.05265592613563,64.97873590577366,66.01336275742291,39894200
2003-07-17,64.50069427490234,65.40435702559186,64.27805468256864,64.92633437336869,52253500
2003-07-18,65.16206359863281,65.35196469094093,64.47449085048099,64.84119365165478,35698100
2003-07-21,64.35660552978516,65.14894817058718,64.07502880652909,65.1227544061041,34786000
2003-07-22,64.93940734863281,65.09656994593304,64.12087088917353,64.62509214593248,49968300
2003-07-23,64.9852066040039,65.12272004802716,64.35657157592028,64.96556253999303,37275400
2003-07-24,64.49411010742188,65.70554282014832,64.41553382081308,65.47635365762424,40896200
2003-07-25,65.63352966308594,65.6728178144357,64.19945218741832,64.60544806984959,43241100
2003-07-28,65.3912582397461,66.12466889850168,65.26683906654122,65.72522260174523,34382800
2003-07-29,65.09002685546875,65.65318039635606,64.61854900766072,65.57459908973786,53472100
2003-07-30,64.93285369873047,65.31920045625563,64.78224081274394,65.2209750954774,28363300
2003-07-31,65.08348083496094,66.07882412445967,64.93941759601104,65.46983270268571,54937200
2003-08-01,64.50721740722656,65.17514090516674,64.33041074874703,64.95250140450324,49321000
2003-08-04,64.50721740722656,64.82808227416206,63.518424046401215,64.37624858688068,55214100
2003-08-05,63.138614654541016,64.67091720158774,63.08622713246527,64.44172803744267,61415600
2003-08-06,63.5053596496582,64.21257162967377,63.13865177547944,63.31545851744735,50096900
2003-08-07,64.17327117919922,64.21910903020346,63.36128424885932,63.62976166304101,43427400
2003-08-08,64.35660552978516,64.5334121910586,64.01609658340443,64.38279929426825,27357300
2003-08-11,64.59890747070312,64.8542904823184,64.0684923730823,64.34352445908786,34631400
2003-08-12,65.18829345703125,65.21448224651206,64.44833275737803,64.6382339548132,43285600
2003-08-13,64.85429382324219,65.38470395223595,64.52032948471414,65.36505987278449,36152000
2003-08-14,65.03111267089844,65.31923923464825,64.46795893045234,64.8935990825503,35525100
2003-08-15,65.23408508300781,65.34540484521605,64.90667049113637,65.06382809636861,12567000
2003-08-18,65.7972412109375,65.8758175187196,65.31266399851273,65.43708314710157,22873800
2003-08-19,66.04606628417969,66.09845381347495,65.48291283413019,65.93474653138962,37437700
2003-08-20,65.77759552001953,66.06572198590239,65.58769943581562,65.67282543893981,21295300
2003-08-21,65.98714447021484,66.47826643112906,65.74486083357243,66.17050086555494,46494200
2003-08-22,65.33232116699219,66.67472331470302,65.30613238978394,66.62888546066151,52040300
2003-08-25,65.43708038330078,66.02642764652681,65.01144041564031,65.29301716385108,23473000
2003-08-26,65.55496215820312,65.73831356434877,64.71678144670808,65.15551588226391,45065800
2003-08-27,65.57457733154297,65.71864051456633,65.20132499186829,65.51564511809646,18919500
2003-08-28,65.98058319091797,66.13774078004424,65.26027216181039,65.74484430925371,27402400
2003-08-29,66.42587280273438,66.45206656912694,65.79723739716292,65.88236339097621,28706600
2003-09-02,67.31641387939453,67.36879639522185,66.17046328803484,66.5568099464953,49419100
2003-09-03,67.68313598632812,67.90577548164948,67.30333391036275,67.46704118490477,44912400
2003-09-04,67.71591186523438,67.80758758320066,67.29027174841836,67.51291135035022,28381000
2003-09-05,67.33607482910156,67.80755256138795,67.05449812764994,67.40810642686473,31637300
2003-09-08,67.8927001953125,68.02366405340489,67.40157823353968,67.47360985427578,32632800
2003-09-09,67.44741821289062,67.74863909277387,67.23787303575658,67.689706853557,35053200
2003-09-10,66.76640319824219,67.31646247709152,66.49792574948074,67.13965574619463,45904900
2003-09-11,66.96280670166016,67.29022116138437,66.68777475857121,66.8580316764933,38396300
2003-09-12,67.08726501464844,67.21168419004862,66.36695372770566,66.7336615615295,42524800
2003-09-15,66.85152435302734,67.20513279312908,66.75984864588446,67.13310116666662,21312800
2003-09-16,67.82720184326172,67.8664899919864,66.90389038063383,66.94318352530824,37892600
2003-09-17,67.69623565673828,67.9647180060098,67.48014583438916,67.76172256842885,31885800
2003-09-18,68.49513244628906,68.56061436626295,67.55872650240674,67.70933941470192,30243600
2003-09-19,68.14675903320312,68.75808832631586,67.96927860010004,68.54116389631103,34331600
2003-09-22,67.41056823730469,67.68007642567987,67.06874685798473,67.60776824986728,36677400
2003-09-23,67.6668930053711,67.89696206247915,67.28563284494672,67.43681893313374,32489200
2003-09-24,66.46394348144531,67.85093745301754,66.43764916265621,67.78520416360902,41694700
2003-09-25,65.91840362548828,66.97015219450655,65.86581494325418,66.6612049704299,52673100
2003-09-26,65.701416015625,66.16813385360383,65.63568273348633,66.02351762382199,42914700
2003-09-29,66.34561920166016,66.38505817088095,65.59624869569512,65.93149497945684,36771600
2003-09-30,65.701416015625,66.2338671357425,65.24127802552637,66.04981193970305,70764500
2003-10-01,67.1015625,67.16729578507818,65.86575467396634,65.89204899102324,65797600
2003-10-02,67.34476470947266,67.41707281530664,66.80574383924584,67.00294867608893,44591500
2003-10-03,67.96269226074219,68.54772712860178,67.75891753590746,68.14674749802893,48806900
2003-10-06,68.27165985107422,68.35711265499073,67.83781096550523,68.0218712599204,20226500
2003-10-07,68.53459167480469,68.56745582008641,67.64717951012234,67.87724858761337,42602900
2003-10-08,68.36368560791016,68.62004902772941,67.97585556797388,68.58061004472032,30920800
2003-10-09,68.54773712158203,69.16564123551987,68.25193473498148,68.94214197542605,40066500
2003-10-10,68.7383804321289,68.75809992634164,68.30453651405635,68.54117545973997,22682800
2003-10-13,68.95527648925781,69.21163983866363,68.698913139852,68.83037972386005,23825600
2003-10-14,69.19850158691406,69.30367888357465,68.60032201132792,68.88955456201502,38484400
2003-10-15,69.01443481445312,69.60604447160611,68.78436578531826,69.58632498555579,39021700
2003-10-16,69.29051208496094,69.50086159592838,68.79093011574028,68.81064959877973,32772200
2003-10-17,68.53459167480469,69.43514849457378,68.35053641281188,69.32997620849063,32790300
2003-10-20,69.04732513427734,69.04732513427734,68.32424867171211,68.65949006759249,27657000
2003-10-21,68.92900085449219,69.20508376482604,68.5740349632929,68.90270652753705,26729100
2003-10-22,68.061279296875,68.48855315243863,67.8312103023801,68.38337588916785,33914500
2003-10-23,67.9364242553711,68.33082920449814,67.60117779180415,67.634046960536,45830500
2003-10-24,68.08759307861328,68.08759307861328,67.1673118224017,67.59458580012094,51723600
2003-10-27,68.12045288085938,68.48199353476845,67.88380900105145,68.1927610116412,32460200
2003-10-28,69.04732513427734,69.11963328204689,68.24536568820074,68.35054299954925,34956200
2003-10-29,69.13935089111328,69.30368667427193,68.27823299220358,68.86983779947064,30955400
2003-10-30,69.28392791748047,69.65861309013192,68.8895232644464,69.54029119270896,39123100
2003-10-31,69.21818542480469,69.50741279043743,69.16559680737089,69.28391868903365,25761600
2003-11-03,69.67178344726562,70.07933791435879,69.48772820894263,69.51402253086435,37589300
2003-11-04,69.52059936523438,69.85584069534083,69.40227742074703,69.67178545172257,31421600
2003-11-05,69.57316589355469,69.65862367503468,68.9552670154558,69.34309689558553,33558800
2003-11-06,69.94129943847656,69.96759376150843,69.08675149289395,69.41542300809814,28392300
2003-11-07,69.42198181152344,70.15163280799406,69.39568749456355,70.09904417407427,31723200
2003-11-10,69.13935089111328,69.57319475078447,69.02760376219662,69.50746144054703,25530800
2003-11-11,69.11962890625,69.23795086646129,68.88955982115303,69.0801849094263,26558600
2003-11-12,69.89527130126953,69.98729890545445,69.1261813169549,69.17219511904734,28000000
2003-11-13,69.91500854492188,70.0333304968045,69.53374836495237,69.68493947601945,29714800
2003-11-14,69.32340240478516,70.30284221503614,69.21165528193119,69.94130652077979,49158500
2003-11-17,68.97501373291016,69.1130551861959,68.38997875773867,68.96186907717676,44382100
2003-11-18,68.2585220336914,69.31684508850297,68.16649437806701,69.17880360506639,41155000
2003-11-19,68.83695220947266,69.02758226037177,68.31107586112138,68.3833839843979,29827000
2003-11-20,68.21906280517578,69.17878308278874,68.19934331555346,68.3636790825789,53578700
2003-11-21,68.50172424316406,68.5806072210645,68.11389421919583,68.5214437338567,30016000
2003-11-24,69.40885925292969,69.53375605348529,68.81067960764105,68.81725444323085,28906400
2003-11-25,69.67178344726562,69.95444113901284,69.31681762401594,69.50087787746804,37580000
2003-11-26,69.92160034179688,69.97418398806666,69.27740177746684,69.95446449382413,33053600
2003-11-28,69.97417449951172,70.1122209707517,69.80983871626708,69.8624273705366,10507500
2003-12-01,70.73011779785156,70.78270645040534,70.20424631770368,70.23711046420233,38699000
2003-12-02,70.55260467529297,70.84183210007123,70.38169414124607,70.5854688065647,35352000
2003-12-03,70.44088745117188,71.04564188621558,70.38172396560795,70.76298415883845,39078600
2003-12-04,70.73011779785156,70.80900077668223,70.29627395210781,70.44746005928747,36089500
2003-12-05,70.23709869384766,70.86157755423096,70.0859126120038,70.41458411269109,28824400
2003-12-08,70.71039581298828,70.75640962856745,70.12536086556895,70.1647998460283,32482900
2003-12-09,70.16477966308594,70.94701931804985,70.03331308928469,70.9272998334925,43596100
2003-12-10,70.15826416015625,70.32260001219761,69.65210692739481,70.18455348316652,36915400
2003-12-11,70.94703674316406,71.05878385985388,70.11878308243169,70.12535791727507,45304000
2003-12-12,71.08505249023438,71.12449145478028,70.59204537289959,70.97330541393582,34142200
2003-12-15,70.73011779785156,71.8015902793324,70.65123983415084,71.7621462823521,38693400
2003-12-16,71.0982437133789,71.32173799661248,70.67753944675978,70.78271676719723,32894200
2003-12-17,71.32168579101562,71.32168579101562,70.86154788873729,71.03245338665381,23198800
2003-12-18,72.1236801147461,72.13025494947017,71.2494126562354,71.35458995130261,29353100
2003-12-19,71.9228744506836,72.23328618911012,71.71153103881386,72.18705497522687,41465100
2003-12-22,72.42485046386719,72.42485046386719,71.8436520331107,71.8502579349584,27611300
2003-12-23,72.47105407714844,72.61634859063251,72.23989295002532,72.30594186567467,24741200
2003-12-24,72.39842987060547,72.5701430032298,72.2729429331421,72.332380931629,8055800
2003-12-26,72.45124816894531,72.70222199607359,72.40501694376258,72.45785406935018,8308400
2003-12-29,73.41551208496094,73.48815683807968,72.504089254683,72.71543272975127,22483700
2003-12-30,73.42875671386719,73.48819473493187,73.2108072256397,73.369313653974,19559500
2003-12-31,73.49476623535156,73.6532725894872,73.20416705374775,73.45514090652418,31501800
2004-01-02,73.46173858642578,74.09576897083953,73.13151411295036,73.79856392141629,38072300
2004-01-05,74.26089477539062,74.31372687129192,73.69950903685412,73.76555797467714,27959800
2004-01-06,74.33351135253906,74.45239233312945,73.9702625121728,74.07593673439726,20472800
2004-01-07,74.58450317382812,74.67035972686045,73.89763563309212,74.22786012159064,30170400
2004-01-08,74.8816909790039,74.90150867769373,74.47881676566932,74.79583443998138,36438400
2004-01-09,74.22785186767578,74.96095055373017,74.14859618527184,74.51845099766498,54084300
2004-01-12,74.77603149414062,74.79584415657928,74.20804498971309,74.33353190359205,31564100
2004-01-13,74.34016418457031,74.7826690009663,73.81180782053937,74.69020147246242,54239700
2004-01-14,74.9609603881836,75.06663464525272,74.41278651699584,74.4722295463037,30112800
2004-01-15,75.14588928222656,75.33081420307329,74.35335246750456,75.00719559159153,38408700
2004-01-16,75.4431381225586,75.49597024570923,75.04686444653966,75.31765112256399,31922700
2004-01-20,75.42327117919922,75.72047624222876,75.17230238184554,75.64122055098906,29863000
2004-01-21,76.01768493652344,76.14977777032195,75.10626705803249,75.37704854937324,30725000
2004-01-22,75.8195571899414,76.20261383082652,75.67425758461442,76.04410746084555,29888500
2004-01-23,75.57518005371094,76.19600373256041,75.25816231334656,75.95163578605398,44245300
2004-01-26,76.52619934082031,76.56582465384416,75.54212706425213,75.54873296269749,30460600
2004-01-27,75.74029541015625,76.9423124503163,75.72048274535119,76.44697567488507,35322800
2004-01-28,74.87509155273438,76.1365462969365,74.59109833197289,75.93841465566749,52621300
2004-01-29,74.94778442382812,75.19214742577145,74.34016727364381,75.00061653524713,60117100
2004-01-30,74.94778442382812,75.10629083574109,74.69020457608109,74.97419796012363,30984400
2004-02-02,75.27140045166016,75.74031880592219,74.71001960719592,75.09307633567889,38832400
2004-02-03,75.14588928222656,75.3836513344084,74.9213390322916,75.11947071655901,25093500
2004-02-04,74.53166961669922,75.11286796914673,74.49204428860546,74.75622489982469,39332600
2004-02-05,74.74961853027344,74.98738057499764,74.48543792071032,74.74301262935721,37226800
2004-02-06,75.58837890625,75.7534911406794,74.76281773410298,74.90811730661294,37216000
2004-02-09,75.60821533203125,75.86579007842572,75.4827283903628,75.73369723487293,24851300
2004-02-10,75.85255432128906,76.0440851048373,75.4628918932195,75.47609865399086,27908100
2004-02-11,76.6583251953125,76.86966870123764,75.40347092439524,75.85257650433952,42965700
2004-02-12,76.38093566894531,76.7904108659721,76.33470443577046,76.59227916900555,27814700
2004-02-13,76.0374755859375,76.74415566596105,75.7865068326256,76.49318691264915,44739900
2004-02-17,76.72438049316406,76.89609869186947,76.46019981180822,76.51303695584487,23984300
2004-02-18,76.38755798339844,77.00837681387684,76.18281530206677,76.7441961223321,28618000
2004-02-19,76.10356903076172,76.86968753791537,75.99128882914175,76.83006219547767,51146200
2004-02-20,75.87236022949219,76.32146563812698,75.50251049490754,76.26863356091826,46728800
2004-02-23,75.68089294433594,76.12339786375948,75.40350541072401,76.09697928358278,36357000
2004-02-24,75.54877471923828,75.94504318497064,74.65056350953725,75.46951901056104,43953000
2004-02-25,75.86576080322266,75.9912426576432,75.50251192215704,75.59497435755104,31213600
2004-02-26,75.91202545166016,76.14318164194357,75.5157519382291,75.69407602703849,29683000
2004-02-27,75.96485900878906,76.44038320295678,75.7072842434194,76.07713919378715,39312000
2004-03-01,76.71778106689453,76.83665708496352,76.11676987957695,76.23565093647342,33130800
2004-03-02,76.2686767578125,77.25274466687223,76.10356445581057,76.57248278883672,38556400
2004-03-03,76.40736389160156,76.52624494033462,75.89881522358844,76.11676465273692,31346200
2004-03-04,76.60551452636719,76.67816435401951,76.2951025425488,76.42719542865683,21060000
2004-03-05,76.863037109375,77.23949276094378,76.1365443655015,76.22900680351314,55905600
2004-03-08,75.92524719238281,77.02159539514595,75.89222775230235,76.83666536761764,39281600
2004-03-09,75.62141418457031,76.09033239275871,75.44969602533226,76.01768259611285,39746100
2004-03-10,74.35334777832031,75.79972762591157,74.34013597690667,75.76670820002917,67671800
2004-03-11,73.38906860351562,74.80902941764623,73.37585680646998,74.23444221676569,89134800
2004-03-12,74.35334777832031,74.43920433220559,73.69289879476194,73.79196715006087,54012200
2004-03-15,73.44194030761719,74.20145780523526,73.24380859443002,74.14862066618792,57677200
2004-03-16,73.83161926269531,74.00993833586669,73.20418947738837,73.82501335959186,59832600
2004-03-17,74.65716552734375,74.80246513294553,74.03634177207311,74.08917890844224,41607300
2004-03-18,74.67697143554688,74.80905922568917,73.9240599463182,74.43260348107482,60014300
2004-03-19,73.60659790039062,74.60737335972384,73.59334483990168,74.50133370634201,48636200
2004-03-22,72.67210388183594,73.2818458022582,72.30758150740408,73.26196368301467,62752100
2004-03-23,72.54619598388672,73.16919618405083,72.47992055028216,73.06978050539826,54080200
2004-03-24,72.6058349609375,72.99686349168255,72.14189689229336,72.6257170819597,51584300
2004-03-25,73.56686401367188,73.76569539846786,72.76491952624785,72.95712184981939,49873600
2004-03-26,73.58673095703125,74.09043331981998,73.4342979757671,73.54033765101724,37409500
2004-03-29,74.62065124511719,74.72006692957332,73.95126275319551,73.98439794368637,44113600
2004-03-30,74.87246704101562,74.93874244490056,74.37539392714483,74.42841627284845,39059900
2004-03-31,74.95864868164062,75.15748001376728,74.48145752972927,74.88574419696023,48517600
2004-04-01,75.40933990478516,75.46899133592069,74.92552467770105,74.93877774212474,45103800
2004-04-02,75.97927856445312,76.11182936629747,75.48883452984226,76.09194725166971,50987700
2004-04-05,76.39685821533203,76.46976271153542,75.846767548286,75.86002061282679,30251800
2004-04-06,76.15161895751953,76.33719215217944,75.96604576285961,76.10522565885455,28420900
2004-04-07,75.97268676757812,76.20465836930771,75.62805147986596,76.18477118843748,45890500
2004-04-08,75.80033111572266,76.48960637903014,75.38278650109567,76.48960637903014,46929700
2004-04-12,76.09860229492188,76.27092244135473,75.93291120779162,75.93954026709423,23085200
2004-04-13,75.03155517578125,76.41673536531512,74.90562832496246,76.39022418322216,56210300
2004-04-14,75.15086364746094,75.31655476672185,74.59414391386026,74.63390816440555,62322300
2004-04-15,74.86588287353516,75.40934960163895,74.46822515529936,75.19063608683697,61602500
2004-04-16,75.44246673583984,75.5882757010314,74.87911805291027,75.14421974617782,47059200
2004-04-19,75.44246673583984,75.54850640184873,75.07131526358204,75.25689352795628,28277600
2004-04-20,74.17658233642578,75.76721773407093,74.08379573507479,75.60815571125357,53299400
2004-04-21,74.67365264892578,74.85922584433834,74.14344424153138,74.36215261813027,50177300
2004-04-22,75.72086334228516,75.99922328937241,74.52126091091407,74.5477721044214,62071500
2004-04-23,75.79373931884766,75.93291923998065,75.41596380248919,75.83350356588815,29395700
2004-04-26,75.68767547607422,76.17812466271036,75.29001793659111,75.88650677406076,35515200
2004-04-27,75.75395965576172,76.29742616618098,75.5286171699102,75.70756635815849,43485500
2004-04-28,74.7730712890625,75.56176245752657,74.56098690634407,75.4822289178232,50165800
2004-04-29,74.116943359375,75.10446089014847,73.67289242916375,74.70680326523555,69687600
2004-04-30,73.54032897949219,74.48145310851291,73.50056473802358,74.34227320688228,48681400
2004-05-03,74.32901000976562,74.42179659820039,73.79879659886141,73.81205471520343,33758000
2004-05-04,74.26936340332031,75.06468357112192,74.00426173720993,74.39529023426586,51185100
2004-05-05,74.74657440185547,74.86587220597681,74.335663676042,74.50135478973878,34405000
2004-05-06,74.10366821289062,74.62062351214448,73.56683079543313,74.2428480968059,54997000
2004-05-07,72.87757873535156,74.38205687715991,72.87757873535156,73.71266336298333,60950000
2004-05-10,72.12863159179688,72.73837346330761,71.81713159799537,72.53291817228524,75279400
2004-05-11,72.7384033203125,72.93723469139299,72.46004344599325,72.54620100999917,48300600
2004-05-12,73.20234680175781,73.26199824411891,71.61833983923142,72.61911578401968,90830500
2004-05-13,72.89743041992188,73.44089684285828,72.65883491165815,72.74499749083023,57393700
2004-05-14,72.9305648803711,73.39449774501209,72.42023367277702,72.87091347978068,54123100
2004-05-17,72.3075942993164,72.57270106794043,71.8502903063433,72.16841438349928,55020400
2004-05-18,72.67210388183594,72.86430612867363,72.46001951575472,72.56605917055026,30193100
2004-05-19,72.42024993896484,73.68613212843846,72.3407214623002,73.23545222020833,54804100
2004-05-20,72.65222930908203,72.81792039530887,72.267824775478,72.53955552751486,38082900
2004-05-21,72.77813720703125,73.26858636933738,72.55279979988224,72.8841819090941,47480400
2004-05-24,73.08300018310547,73.40775825544449,72.69197176392755,73.25532027694973,40961500
2004-05-25,74.13018798828125,74.21635058581151,72.63896827215203,72.83779959023211,48668000
2004-05-26,74.38867950439453,74.42181974906887,73.90486429369405,74.00427997122569,35977000
2004-05-27,74.80619049072266,74.91223012401565,74.26934809755669,74.5874771104139,45306900
2004-05-28,74.79962921142578,74.81288228141295,74.46824684031597,74.71347161527497,23367200
2004-06-01,74.70018005371094,74.79959573184512,74.14346034654582,74.53448894231778,41044700
2004-06-02,74.97853088378906,75.21050245701535,74.53447997225393,74.9122554585062,39774200
2004-06-03,74.28926086425781,75.01830576608839,74.27600780081144,74.76645205218648,38688300
2004-06-04,74.87911224365234,75.27676980919335,74.7001630524402,74.87911224365234,32739500
2004-06-07,76.0190658569336,76.09197033701297,75.17072833218133,75.17735739123141,31643800
2004-06-08,76.12508392333984,76.16484815073731,75.66777508231388,75.80033093445337,32846500
2004-06-09,75.41595458984375,76.01906750774509,75.36956128846671,75.89314572200209,36737600
2004-06-10,75.787109375,75.787109375,75.50874953598031,75.58165402569848,21711000
2004-06-14,75.03815460205078,75.45569417801929,74.80618817095717,75.43581206342397,34633000
2004-06-15,75.56838989257812,75.85337876884667,75.23038371058973,75.48886140575298,37445000
2004-06-16,75.55511474609375,75.68766555638592,75.3562834741662,75.55511474609375,26633400
2004-06-17,75.44246673583984,75.60152876309851,75.11108456276472,75.45571979790695,28402400
2004-06-18,75.5848159790039,75.97727696969349,75.28548536784369,75.34534946009634,31799800
2004-06-21,75.29878997802734,75.92406425649438,75.25222732377652,75.66464302924713,25284000
2004-06-22,75.6779556274414,75.75112624847337,74.94625449207126,75.25223841868244,37334000
2004-06-23,76.32980346679688,76.38966754334523,75.44510823041445,75.57149471416827,35580000
2004-06-24,76.09037017822266,76.44957001892807,76.00389811608869,76.20345019984768,35272100
2004-06-25,75.7244873046875,76.45619321561806,75.61806058351864,76.10364677214098,32837900
2004-06-28,75.46507263183594,76.23668799515954,75.43846975546764,76.17681883596136,40824500
2004-06-29,75.77769470214844,75.94399055871475,75.44510298901582,75.51827357190074,28418100
2004-06-30,76.1834945678711,76.35644376497464,75.59813469106973,75.87751064988748,52230600
2004-07-01,75.12583923339844,76.0970067040022,74.88637272558401,75.99722814658814,57734700
2004-07-02,75.08594512939453,75.35867292196244,74.89969447834798,75.27220085539071,34615100
2004-07-06,74.42738342285156,74.7998845689475,74.25443428718667,74.74667374446773,38698200
2004-07-07,74.64688110351562,74.87969427585509,74.33424409711128,74.37415347667046,29839800
2004-07-08,74.1280517578125,74.71341141788966,73.96840406192538,74.37416640781382,45291100
2004-07-09,74.32096862792969,74.46065658013646,74.08815029930342,74.31431537069652,27412900
2004-07-12,74.35424041748047,74.52718961731459,73.83539789292747,74.18129121764635,35691300
2004-07-13,74.40743255615234,74.51385928553303,74.23448341159249,74.44734194530163,26752000
2004-07-14,74.1812973022461,74.76000905207276,73.91522783446122,74.00835316317588,54089400
2004-07-15,73.70233154296875,74.44068561105314,73.63580913507508,74.32760056260223,38403500
2004-07-16,73.64250946044922,74.28108539979466,73.46291203920693,74.21456802433272,40871200
2004-07-19,73.32987213134766,73.80880535405889,73.1635761554035,73.66911734325984,39592800
2004-07-20,74.26112365722656,74.43407287699827,73.33651852356044,73.52276918718384,46679800
2004-07-21,72.89081573486328,74.5404681219658,72.80433862408236,74.38082548852475,56241100
2004-07-22,73.0903549194336,73.429599896486,72.35200089140908,72.74446176191027,72477100
2004-07-23,72.47840881347656,72.9772965435321,72.29881146363387,72.9174324519007,49610500
2004-07-26,72.3387680053711,72.79109337842574,71.97956799662607,72.6314506217452,49679100
2004-07-27,73.01717376708984,73.24333874404148,72.48503013445847,72.53824602020546,51295100
2004-07-28,73.23672485351562,73.41632729570951,72.23229603869302,72.87087686099471,65862300
2004-07-29,73.54938507080078,73.74894227471731,73.17023044331978,73.52943036539924,52200500
2004-07-30,73.72894287109375,73.7688573353966,73.23670846090599,73.3830496551383,41581700
2004-08-02,73.88195037841797,74.07485425263744,73.20346526473973,73.2965905729907,38263100
2004-08-03,73.30988311767578,73.87528815628991,73.27662698302086,73.78881611624946,40948800
2004-08-04,73.30321502685547,73.66906795866059,72.93071391443355,73.09700977890006,40763200
2004-08-05,72.10592651367188,73.42298762453572,72.01944936981079,73.36312351720089,50772000
2004-08-06,71.07488250732422,71.81323687410415,70.92189308715137,71.5937250191265,74729000
2004-08-09,71.17466735839844,71.49395781877847,71.08819529045891,71.18796880156232,37476300
2004-08-10,72.09260559082031,72.11256536422691,71.34760311533356,71.38085925444707,55870600
2004-08-11,71.94627380371094,72.05935381845721,71.24117560746268,71.62698338419015,52933200
2004-08-12,71.16134643554688,71.80657028884093,70.928528106838,71.62697294306801,50015900
2004-08-13,71.30101776123047,71.40744447743997,70.90190361934023,71.24114860996808,41634700
2004-08-16,72.03938293457031,72.26554291325424,71.24115960257008,71.26776755446488,45731900
2004-08-17,72.44514465332031,72.69125932492413,72.19237165011916,72.33871284672028,40701600
2004-08-18,73.19013214111328,73.28325741550866,72.16574904781737,72.18570373876683,43165400
2004-08-19,72.97730255126953,73.1835078726845,72.6247560049992,73.04381990576319,39881600
2004-08-20,73.48949432373047,73.58926781458266,72.84426534982676,72.91078270204443,44870900
2004-08-23,73.30321502685547,73.68236939484122,73.2034415681332,73.5360332970662,33745100
2004-08-24,73.40302276611328,73.65579582864179,73.07043090484865,73.59592665464065,30453100
2004-08-25,73.90188598632812,74.0149659635723,73.10366781467268,73.38969692325622,38551400
2004-08-26,73.90188598632812,74.04157391262045,73.73559011098763,73.80876070213323,26629500
2004-08-27,74.1347427368164,74.25447604037991,73.8686732399645,73.9684467638088,24902900
2004-08-30,73.52277374267578,74.06157106367749,73.46955781407183,73.98175224572185,26726500
2004-08-31,73.90856170654297,73.94182292169963,73.2367247449799,73.60923106992864,44125300
2004-09-01,74.04825592041016,74.2611145204978,73.4895039982861,73.80213610236065,52778300
2004-09-02,74.88636016845703,74.96617894104547,73.99501163328942,73.99501163328942,42736600
2004-09-03,74.58041381835938,75.0460404754465,74.50724319010997,74.7201018154855,30480500
2004-09-07,75.07266235351562,75.25225979026814,74.7134624050597,74.85980368868444,37338800
2004-09-08,74.88636016845703,75.20564540870558,74.70675778023825,74.91296811763564,32963100
2004-09-09,74.8198471069336,75.08591646402367,74.52051146778575,74.87971118979456,34314800
2004-09-10,75.20565032958984,75.34533826570711,74.55377329437587,74.84645060459638,27900600
2004-09-13,75.45173645019531,75.65794163425852,75.1723607024428,75.37191263300367,44398100
2004-09-14,75.60478973388672,75.62474443499474,75.292152549996,75.36532317069168,28048900
2004-09-15,75.03272247314453,75.40522371660924,74.95289860313831,75.36531431908055,38295000
2004-09-16,75.25888061523438,75.4118750935263,75.0327206016144,75.0659767404092,23911700
2004-09-17,75.5788345336914,75.71910396226897,75.27157696213003,75.44524096166013,33683000
2004-09-20,75.12461853027344,75.47195158818573,74.99770592446262,75.25820699191513,37149400
2004-09-21,75.45188903808594,75.79254612824113,75.17135030316825,75.3116196706271,40920800
2004-09-22,74.51010131835938,75.15801094444005,74.45666389680437,75.1446541370878,49042100
2004-09-23,74.10930633544922,74.61027056510589,74.10930633544922,74.54347635369933,44068700
2004-09-24,74.45001220703125,74.6303623016462,74.22958657853519,74.25630529981426,34981100
2004-09-27,73.97575378417969,74.27633042929749,73.86220306011955,74.20953618550176,39355100
2004-09-28,74.32976531982422,74.48339666176513,73.74864981300081,74.08262611662768,41662900
2004-09-29,74.70379638671875,74.71047733783516,74.14271879868139,74.28298819569072,33325700
2004-09-30,74.65036010742188,74.7973104477551,74.3163839143272,74.51009071785079,43536700
2004-10-01,75.91281127929688,75.91281127929688,74.95095793914265,74.98435760637113,62824300
2004-10-04,76.03968811035156,76.44046357102724,76.01297450264008,76.21335713690624,33082400
2004-10-05,76.07978057861328,76.25344963225145,75.83931730313658,76.04638091965778,36910600
2004-10-06,76.60079193115234,76.60079193115234,75.93283943963412,75.99295271775568,42297800
2004-10-07,75.77922058105469,76.41377860995078,75.71910729305158,76.40041670412303,39388800
2004-10-08,75.15129852294922,75.9929145706127,75.04442373184054,75.57878749524288,51872600
2004-10-11,75.4585952758789,75.49198984347201,75.23816972625706,75.33168266923484,20229100
2004-10-12,75.1646957397461,75.36508353278782,74.77060620179017,74.94427018661484,41754700
2004-10-13,74.50343322753906,75.52539988484517,74.35648284093251,75.47864340693161,54212600
2004-10-14,73.90228271484375,74.76394226733493,73.86220718554281,74.59695410048178,64082200
2004-10-15,74.31642150878906,74.63703596254877,73.85553249842528,74.15610918583435,63482200
2004-10-18,74.5969467163086,74.74389710396501,73.94235092476838,74.0692635497578,43535100
2004-10-19,73.96903228759766,74.96428483011744,73.86883842878456,74.82401037013628,55851900
2004-10-20,73.8221206665039,74.02250848915929,73.30779939593032,73.72860770821781,57118500
2004-10-21,74.30302429199219,74.35646170758383,73.61503412848514,74.00244774741593,53218300
2004-10-22,73.46810150146484,74.30972316374815,73.38126950224203,74.26964764042587,48752400
2004-10-25,73.38126373291016,73.55493281377534,73.0406065232328,73.30778854854694,43990900
2004-10-26,74.50343322753906,74.54350875258672,73.39462947119787,73.56161762032826,54337400
2004-10-27,75.3984603881836,75.54541072241594,74.22286790646892,74.39653185049619,73896000
2004-10-28,75.62559509277344,75.85269653337686,75.1379874466632,75.33169431451117,54413300
2004-10-29,75.61222839355469,75.90612915318583,75.41184568150281,75.55879606131838,48820200
2004-11-01,75.81930541992188,76.03972591760143,75.61223663666492,75.85269999420098,36720900
2004-11-02,75.84602355957031,76.52733300335284,75.62559796749466,75.92617461408933,56210000
2004-11-03,76.80117797851562,77.0549980849606,76.30688947680855,76.83457254469174,76960200
2004-11-04,77.84989166259766,77.93004272762113,76.60081823987521,76.66761249275305,55350300
2004-11-05,78.33748626708984,78.57794962966739,77.80980306010437,78.18386001082183,63287200
2004-11-08,78.22393798828125,78.30409414367475,77.96343685334547,78.13710597532749,33863800
2004-11-09,78.07028198242188,78.48441434375815,77.99013094840849,78.2038755325656,44658100
2004-11-10,78.13042449951172,78.517838270546,77.99015505056643,78.19053779359922,45265400
2004-11-11,78.7248764038086,78.89854546823648,78.21723111336628,78.27066853258606,37863200
2004-11-12,79.34610748291016,79.48637694834883,78.60467952553788,78.79838643383177,55583700
2004-11-15,79.541015625,79.567808402792,79.20604967967833,79.38692904123516,35297900
2004-11-16,78.97157287597656,79.32664108690236,78.87108717693381,79.29314244643815,40028700
2004-11-17,79.44055938720703,79.81571977363997,79.09889254317592,79.29987424229468,54494000
2004-11-18,79.54773712158203,79.58793652368661,79.20607542633945,79.40705199215691,31854300
2004-11-19,78.66339874267578,79.53431221586442,78.47581863735503,79.52091071624179,54276500
2004-11-22,79.03857421875,79.13236428345978,78.40213579544765,78.49592586015744,37560200
2004-11-23,79.15914154052734,79.22613369626073,78.62989482123811,79.00505498228411,41968800
2004-11-24,79.34678649902344,79.44727225919885,79.0855133002113,79.23289411886125,29724800
2004-11-26,79.28644561767578,79.70850601923047,79.25295208672989,79.39363718352307,15487700
2004-11-29,78.9246826171875,79.72860403635268,78.70360895475417,79.5812181872803,61460800
2004-11-30,78.97827911376953,79.21275427978566,78.81079612216153,79.05197203897106,53685200
2004-12-01,79.8759994506836,80.05687885273055,79.11897297364331,79.1591723716794,49898300
2004-12-02,79.94297790527344,80.30474175842369,79.72859989353717,79.78889131347472,60163500
2004-12-03,79.88939666748047,80.48563578088456,79.78220508651187,79.92959095475574,49067900
2004-12-06,79.86262512207031,80.15069620199957,79.61474834267801,79.86262512207031,33030500
2004-12-07,79.11898803710938,80.13728779496707,79.07879374259653,80.05019334195349,52047200
2004-12-08,79.58125305175781,79.60135020158582,79.05870671151973,79.19269111782477,43895100
2004-12-09,79.86262512207031,80.03010818921109,78.87112822685631,79.14579779915485,60922800
2004-12-10,79.94297790527344,80.09705938589717,79.62140833208154,79.66830336242464,47828600
2004-12-13,80.63973236083984,80.65982950695975,79.95639872570376,80.23107335247992,38541000
2004-12-14,80.92107391357422,81.03496110862456,80.5124150502292,80.5124150502292,41500700
2004-12-15,80.98138427734375,81.13547089759632,80.5995232136993,80.86079630402573,46699200
2004-12-16,80.93449401855469,81.22256502120781,80.41864855905668,80.87420258392265,51641800
2004-12-17,80.39466857910156,80.75140899552783,80.20620233157977,80.40812825307309,70761900
2004-12-20,80.41484832763672,80.96678731160127,80.2129173017856,80.60331454626082,47187400
2004-12-21,81.03408813476562,81.09466949081214,80.40810817731865,80.50234127755206,33094200
2004-12-22,81.22930145263672,81.4985411314979,80.97352658214446,81.0273704096609,31500700
2004-12-23,81.28987121582031,81.63315190743526,81.21583531696153,81.35718498166902,25646100
2004-12-27,81.12162017822266,81.68702413341956,81.03411944714301,81.5793261856408,29944100
2004-12-28,81.56584167480469,81.66680718627528,81.17544443595534,81.20236891470212,23422900
2004-12-29,81.6869888305664,81.71391330587508,81.41101681014139,81.49852263872424,22650600
2004-12-30,81.5322036743164,81.82836787379937,81.47162743459695,81.71394266411565,21076900
2004-12-31,81.35719299316406,81.88893995675178,81.31007643362186,81.64662475472903,28648800
2005-01-03,80.9735107421875,81.95623101277026,80.7042711159947,81.82160863201449,55748000
2005-01-04,79.9841079711914,81.13510308434098,79.72160058408652,81.08125409844205,69167600
2005-01-05,79.43213653564453,80.26677493777883,79.42540413130315,79.9234942108472,65667300
2005-01-06,79.83602905273438,80.19950201925235,79.6004461490622,79.72160380456819,47814700
2005-01-07,79.72157287597656,80.25331987243968,79.51290941197195,80.07831329675456,55847700
2005-01-10,80.09850311279297,80.40812696236873,79.65425684906252,79.65425684906252,56563300
2005-01-11,79.54654693603516,79.923479343919,79.4186569539379,79.8561707189853,63099700
2005-01-12,79.80908966064453,79.99082354231797,79.10233594623638,79.69466443383824,72720500
2005-01-13,79.16963195800781,79.91676967049396,79.08885850911307,79.85618829999291,55537500
2005-01-14,79.58695220947266,79.7821508683171,79.26386866990413,79.40521836038039,42032500
2005-01-18,80.41484832763672,80.51581384056229,79.39173866179263,79.45905242728922,57391700
2005-01-19,79.57350158691406,80.44852431349385,79.56676918127214,80.38794806867901,54378900
2005-01-20,79.08885192871094,79.56001750309456,78.94750225639585,79.35135919662747,72049300
2005-01-21,78.604248046875,79.425427012212,78.51674730650944,79.28407729224239,63160400
2005-01-24,78.44940185546875,78.98114358986778,78.32824427584542,78.81286945901978,58441900
2005-01-25,78.67155456542969,79.06868436006388,78.56386174447003,78.69175178372326,68245000
2005-01-26,78.9071273803711,79.15616986954632,78.77923736572207,78.96770361763419,57195100
2005-01-27,79.04174041748047,79.25713114170969,78.73884897679936,78.88019865813854,55878800
2005-01-28,79.04174041748047,79.12251386481141,78.48980136568561,79.08212457348597,60738900
2005-01-31,79.5331039428711,79.59368017741828,79.23020736417519,79.39174912495434,52532700
2005-02-01,80.03792572021484,80.15235091910122,79.49271393758454,79.59367946291015,49841200
2005-02-02,80.2802505493164,80.49564131312329,80.0312080277615,80.13890084200449,52468900
2005-02-03,80.07160186767578,80.20622432089948,79.80909450304146,80.13891052662687,48837100
2005-02-04,80.9264144897461,81.06103176894622,80.0850436564453,80.09850333023729,50024600
2005-02-07,80.81874084472656,81.12163238160787,80.74469977832062,80.9398984865434,45412000
2005-02-08,80.9129638671875,81.20912809573858,80.81873072816141,80.88603937956277,39263500
2005-02-09,80.30715942382812,81.10141367382406,80.26677526825338,81.05429711388022,55279400
2005-02-10,80.5965805053711,80.78504672016659,80.27349703295572,80.54273668351466,45858600
2005-02-11,81.28987121582031,81.47161016710089,80.408116344651,80.56965808498538,53133000
2005-02-14,81.22930145263672,81.35045905135827,81.09468418086601,81.23603385682118,32432100
2005-02-15,81.5322036743164,81.73413474402214,81.22931220507824,81.31008566002463,43852700
2005-02-16,81.58605194091797,81.75432611911522,81.22257909977345,81.39758568298829,55523000
2005-02-17,80.9264144897461,81.66681979598681,80.91968208519009,81.59951115638675,58124000
2005-02-18,81.03408813476562,81.09466949081214,80.70427228394868,80.93312263156731,47723300
2005-02-22,79.82927703857422,81.08796986522181,79.81581736252255,80.70430490623825,80697600
2005-02-23,80.4013900756836,80.48216351967352,79.84272377787575,80.05138208903338,68292600
2005-02-24,80.93314361572266,80.9869925827661,80.08504549372908,80.26004693364006,68563600
2005-02-25,81.7341079711914,81.8956496928491,80.89273734855101,80.95331356842811,60899900
2005-02-28,81.19562530517578,81.6466038427945,80.7985008529373,81.54563834525841,69381300
2005-03-01,81.59950256347656,81.7946960571657,81.29660601419305,81.32353049426177,47294400
2005-03-02,81.55913543701172,82.0706904266785,81.2091273716529,81.28316842813048,64226500
2005-03-03,81.59275817871094,82.05046400203163,81.24274512453226,81.88892228065926,61230800
2005-03-04,82.60914611816406,82.67645474958516,81.97643368510298,82.15144023505339,56168500
2005-03-07,82.6495361328125,82.95915996756871,82.38702885692528,82.56203541929001,43442400
2005-03-08,82.33992004394531,82.79089359773252,82.19183794919243,82.5687704556032,44362000
2005-03-09,81.42452239990234,82.31300998884588,81.41778999387336,82.0976192138087,73263600
2005-03-10,81.60624694824219,81.78125353773534,81.04084815416975,81.57932246252628,65149000
2005-03-11,81.03408813476562,81.92930772230183,80.87927881380452,81.6533356892477,57976500
2005-03-14,81.5389175415039,81.55238234859395,80.96005408429399,81.18217718340648,36336400
2005-03-15,80.8658218383789,81.75430910898537,80.82543768731658,81.72738462983737,62438500
2005-03-16,80.17928314208984,80.87930434718919,80.0312010420257,80.56967533688028,74874200
2005-03-17,80.34081268310547,80.59658754906421,80.08503781714673,80.30715579809947,62584200
2005-03-18,80.1022720336914,80.7712536228931,79.83873367565769,80.48744387662455,60232000
2005-03-21,79.80493927001953,80.2644429428332,79.57519001135772,80.21714132160929,61244300
2005-03-22,78.99405670166016,80.3658089393244,78.99405670166016,79.98739595113848,92472400
2005-03-23,79.0616683959961,79.54820256485031,78.89273320711577,79.0278792960229,70817300
2005-03-24,79.15625762939453,79.73063613846654,79.10219714123691,79.37249442653312,51932500
2005-03-28,79.27111053466797,79.69683031765463,79.27111053466797,79.34544239660244,46765500
2005-03-29,78.7440414428711,79.66980780504211,78.55483492341797,79.15624356974723,71160300
2005-03-30,79.8590087890625,79.87252133001924,78.90621225365692,78.9129711018806,62002100
2005-03-31,79.71036529541016,80.04823561549354,79.64955111243128,79.86578791106497,64575400
2005-04-01,79.3521957397461,80.40634911879195,79.00081299856085,80.16308216124442,95255300
2005-04-04,79.48735046386719,79.6427730420133,78.88594185169825,79.30490280346937,71581200
2005-04-05,79.86576080322266,79.99414797554294,79.51437290252768,79.58870476015584,46853900
2005-04-06,80.14281463623047,80.37932275760765,79.85900489057786,80.04145253978585,53268200
2005-04-07,80.5752944946289,80.58881219148876,79.95361448183672,80.01443380672444,46734600
2005-04-08,79.73738861083984,80.5550340957327,79.73738861083984,80.5280038538158,63772900
2005-04-11,79.7982177734375,80.02121344450846,79.62252890122322,79.93336900840131,44945000
2005-04-12,80.21039581298828,80.45366280702036,79.10894064675311,79.66304765416155,86144800
2005-04-13,79.26433563232422,80.27794603603431,79.14945586839868,80.11576465948852,65949000
2005-04-14,78.23047637939453,79.39950972719824,78.23047637939453,79.33193670746476,96119800
2005-04-15,77.13578033447266,78.52104528823824,77.10199124673822,78.21020527194707,128677300
2005-04-18,77.37232971191406,77.68316989384417,77.00742902299775,77.11555003697016,100035200
2005-04-19,77.98722839355469,78.068313969443,77.5952975917884,77.77774529302893,64930100
2005-04-20,76.8992691040039,78.13587027094962,76.73033398308604,77.96693515003177,107735900
2005-04-21,78.39266967773438,78.52781573765509,77.29120918296289,77.56826530793957,86952200
2005-04-22,78.09535217285156,78.72379122749676,77.21688720425335,78.21022685406278,88845800
2005-04-25,78.60888671875,78.72376135637292,78.19668463740615,78.29128788668272,52284100
2005-04-26,77.84530639648438,78.90621881422419,77.81152246353827,78.35887063888123,72626000
2005-04-27,78.1493911743164,78.43320095178588,77.33174577418333,77.6155555516528,84131900
2005-04-28,77.16952514648438,78.16962286383836,77.16952514648438,77.89256692024108,72481500
2005-04-29,78.21697998046875,78.2980707141794,77.01416245230008,77.75747613375906,103993800
2005-05-02,78.65620422363281,78.66296307294299,78.06154921613349,78.43320859582056,56026400
2005-05-03,78.79132843017578,78.9602635276485,78.17640735622992,78.43318684841203,86000300
2005-05-04,79.39949035644531,79.56842544231009,78.57508631254686,78.825112095603,81055700
2005-05-05,79.37246704101562,79.7373674769418,78.88593312644738,79.51437190684968,96906700
2005-05-06,79.12244415283203,79.73061156846099,79.10217276489279,79.6900687925825,67415400
2005-05-09,79.61576843261719,79.7914624567534,79.09545036618486,79.20356619646628,43750500
2005-05-10,78.79132843017578,79.39949581217556,78.64942356695751,79.30489257003005,74613500
2005-05-11,79.22383117675781,79.33195215377579,78.2845520997549,79.01435322815041,91647400
2005-05-12,78.35211944580078,79.46033360234047,78.35211944580078,79.27788591122972,95086800
2005-05-13,78.19667053222656,78.80483785036743,77.57499067612233,78.58860115452728,85267000
2005-05-16,78.92650604248047,78.9535311302985,78.15616215237252,78.18318724019055,49207000
2005-05-17,79.45356750488281,79.53465306361083,78.49401725300224,78.66295237433998,61071800
2005-05-18,80.27123260498047,80.46719801256143,79.74415572172441,79.79821105566685,77944900
2005-05-19,80.60909271240234,80.69018343627471,80.2104030977275,80.42663987256239,61768100
2005-05-20,80.49421691894531,80.67666460072223,80.23743220804799,80.64287551071217,46345500
2005-05-23,80.9402084350586,81.11590243501288,80.54152395474915,80.55503649836488,51047900
2005-05-24,80.7509994506836,80.97399507979004,80.54827521413381,80.71045666557023,50654100
2005-05-25,80.69017028808594,81.00101027904257,80.2982395864704,80.64962235501122,47608800
2005-05-26,81.12263488769531,81.23075066791574,80.83206631733607,80.94694094491089,43256200
2005-05-27,81.25779724121094,81.25779724121094,80.95371607048806,81.12940489311012,24596100
2005-05-31,80.73748016357422,81.2037376199064,80.6834196842777,81.14292344731611,43377200
2005-06-01,81.42671966552734,81.71052940131776,80.7171901705611,80.76449179319283,69611000
2005-06-02,81.60243225097656,81.65648757812106,81.15644100246764,81.2442905756238,39704500
2005-06-03,81.19023895263672,81.69028558285626,80.90642912106551,81.46053623982013,60999400
2005-06-06,81.11589050292969,81.22400630242667,80.78477910038839,81.0550711768763,36046400
2005-06-07,81.17669677734375,81.93352792216837,81.09561122448102,81.35239073436365,66501300
2005-06-08,81.02806854248047,81.48756726201057,80.86588706506622,81.37945143256005,46881200
2005-06-09,81.41320037841797,81.48077338293588,80.71042978935412,80.91314880290787,56653300
2005-06-10,81.22400665283203,81.5280929734291,80.81856338086018,81.46727364711332,36465300
2005-06-13,81.48078918457031,81.81865942817312,80.96046612234716,81.04831568519799,49383200
2005-06-14,81.66998291015625,81.89973216520188,81.34562525866185,81.39292687914124,33857100
2005-06-15,81.82540893554688,81.92677103454099,81.24427688932772,81.87271571650257,53195600
2005-06-16,82.03490447998047,82.197080769785,81.71054674488008,81.80515001022367,46564500
2005-06-17,82.33882904052734,82.70520216875506,82.24384398983463,82.46095341660325,51529400
2005-06-20,82.36598205566406,82.66450433190158,82.05388752633064,82.14887259281048,41019400
2005-06-21,82.4134750366211,82.5355994336583,82.11494758246391,82.43382824007764,39879800
2005-06-22,82.4813003540039,82.73233521251545,82.14206657691639,82.55593219906689,46310100
2005-06-23,81.3211441040039,82.50167652766253,81.30079089991811,82.3117063877977,62185600
2005-06-24,80.72410583496094,81.42292688155655,80.62911557521991,81.33472274957535,58572500
2005-06-27,80.83943939208984,81.0158424694247,80.56805123687435,80.7173149810578,48183800
2005-06-28,81.51788330078125,81.57894290025271,80.9886794001739,81.00903259999771,41174200
2005-06-29,81.30077362060547,81.6874999449366,81.25328109573312,81.6671467451766,42316500
2005-06-30,80.85977172851562,81.6332244066628,80.7037218972451,81.56537867944408,62288800
2005-07-01,81.09728240966797,81.28047167561962,80.88017284815878,81.04300372521561,49737500
2005-07-05,81.7485580444336,81.85711534289133,80.86655328780044,80.90725968657365,51549000
2005-07-06,81.06332397460938,81.85712995012126,81.01583144213339,81.68072689679713,52363600
2005-07-07,81.3822021484375,81.3822021484375,80.23559520454326,80.25594840823695,103268800
2005-07-08,82.31172180175781,82.31172180175781,81.22617424474846,81.39579121229052,64491200
2005-07-11,82.73239135742188,82.84094354808269,82.30495319538825,82.31852545440846,49688300
2005-07-12,82.94944763183594,83.20047732315707,82.52879586952126,82.76625848683727,51871100
2005-07-13,83.06481170654297,83.12587132299751,82.76628422263603,82.9562543755592,41182300
2005-07-14,83.39047241210938,83.7500594861193,83.10551202730888,83.43796494685978,63638800
2005-07-15,83.34296417236328,83.47866080900624,83.01730259701499,83.30904389542559,56075900
2005-07-18,83.01054382324219,83.20051400084046,82.80700656565794,83.11231504018386,56598400
2005-07-19,83.4651107788086,83.52617557563006,83.05125016167985,83.2547874063876,59165700
2005-07-20,83.75007629394531,83.94683259919779,82.97662332918676,83.17337445814015,69477000
2005-07-21,83.2615737915039,83.86540975237827,83.09195683224034,83.82470333857064,101110900
2005-07-22,83.81792449951172,83.8314915798611,83.20051622948007,83.37013320349327,52607100
2005-07-25,83.58042907714844,84.09606074951435,83.34974739105023,83.7296927841007,57301600
2005-07-26,83.6822280883789,83.81113864546656,83.41762602215634,83.6076013817642,42758800
2005-07-27,83.987548828125,84.05539458841153,83.48548399044508,83.79079249988429,43181600
2005-07-28,84.5167465209961,84.56423906718297,83.88577116377085,84.10288068581076,47880700
2005-07-29,83.95360565185547,84.55744159075049,83.79077482625308,84.4081830201225,62358100
2005-08-01,83.89252471923828,84.15712668472811,83.75682808546317,84.01464910148722,40418200
2005-08-02,84.3946533203125,84.53713101159488,83.95364798464732,84.04185215756108,45147400
2005-08-03,84.61851501464844,84.63208209470774,84.21143532098056,84.29963428211387,36837200
2005-08-04,83.94002532958984,84.34031879110184,83.83825413853326,84.28604530866309,50855600
2005-08-05,83.3701400756836,84.1164589639,83.22766242692401,83.75686660125952,53595500
2005-08-08,83.21409606933594,83.72973316668924,83.03090682198028,83.55333004827632,47616000
2005-08-09,83.71614074707031,83.85183223544738,83.36333977151084,83.49224513257951,47170000
2005-08-10,83.67546844482422,84.46927484563977,83.3294482792249,84.00791635027421,72863700
2005-08-11,84.00788879394531,84.150366420974,83.45833149307775,83.63472940675197,58570200
2005-08-12,83.49225616455078,83.91969424438378,83.28193277688639,83.83827623482055,54776900
2005-08-15,84.00788879394531,84.04181425688977,83.3362070732962,83.60080912010642,36208500
2005-08-16,82.91554260253906,83.80433369322326,82.83412460956644,83.75006020753962,71942100
2005-08-17,82.90877532958984,83.36335275668756,82.7934370288737,82.90199437752369,62275100
2005-08-18,82.9020004272461,83.15303025579418,82.66453250381998,82.80701532839552,53388600
2005-08-19,83.09196472167969,83.32942745193559,82.9087754895542,83.20051689423983,39842100
2005-08-22,83.09196472167969,83.60760177616342,82.69166596813463,83.16659660494572,69912000
2005-08-23,82.9358901977539,83.18692511021843,82.1963628893847,83.1122932491154,55168600
2005-08-24,82.19636535644531,83.26834559692003,82.15565377334134,82.73235547668267,79104600
2005-08-25,82.4948959350586,82.54917460046072,82.23708003884613,82.33206511515064,35631100
2005-08-26,81.9317626953125,82.4270412284302,81.87748403581257,82.42026027821612,61956800
2005-08-29,82.56273651123047,82.6237961199343,81.6739402995918,81.69429867879087,56179200
2005-08-30,82.12853240966797,82.29814936617178,81.6807411598745,82.26422390435152,74160200
2005-08-31,83.16656494140625,83.22084359517076,81.9181817863091,82.22349533151149,102945200
2005-09-01,83.10552215576172,83.55331340338111,82.18959163034778,83.12587536223556,74578700
2005-09-02,82.95623779296875,83.37010347609215,82.80019313124528,83.34975027467583,47653400
2005-09-06,83.92646026611328,83.99431118349516,83.21407222028783,83.22085834728567,57251300
2005-09-07,84.06896209716797,84.21822069084676,83.7636484286763,83.87898673227787,41749700
2005-09-08,83.79075622558594,84.12999005645875,83.66184571343908,83.89931353608802,39068700
2005-09-09,84.53709411621094,84.63207920227721,83.9943229353035,84.01467614284643,43093900
2005-09-12,84.36747741699219,84.58458692529784,84.31319874584102,84.43532316778165,33017600
2005-09-13,83.89933776855469,84.41496961347605,83.80434750628079,84.21821331358541,58427500
2005-09-14,83.5940170288086,84.07572854572172,83.46510649037462,83.95360413465231,57694600
2005-09-15,83.5533218383789,83.89255578398638,83.38370486557518,83.85184419063002,73156900
2005-09-16,84.14744567871094,84.31096962368709,83.71819337377389,84.0111765909529,75424100
2005-09-19,83.86808776855469,84.18151602918144,83.56147972018691,84.12700631443482,53355300
2005-09-20,83.15950012207031,84.22241379614283,83.03685583672859,83.94305534684582,84480300
2005-09-21,82.38275146484375,83.03685256142136,82.29417186327589,82.9823428371232,94469100
2005-09-22,82.67573547363281,82.8937743864828,82.06251922541054,82.41000704651415,84597200
2005-09-23,82.74384307861328,83.05045108357582,82.37591035365915,82.60756881103853,59368100
2005-09-26,82.8392562866211,83.28894850309426,82.49857831722225,83.13904936482544,70415400
2005-09-27,82.81876373291016,83.11855662032119,82.45764094857218,82.79831870115785,66150800
2005-09-28,82.90060424804688,83.20721764462694,82.58036601528627,83.07775830840413,58620500
2005-09-29,83.57511138916016,83.71138048037001,82.49856789427142,82.81880597678045,66607700
2005-09-30,83.83401489257812,83.83401489257812,82.94825030878,83.54784671565824,47824200
2005-10-03,83.53422546386719,84.03842733306992,83.43202104756503,83.77951398365933,50994800
2005-10-04,82.59398651123047,83.8272393773781,82.55310680907492,83.66371537042141,60776300
2005-10-05,81.51058959960938,82.65526751105594,81.46970991652158,82.61438782796814,106052100
2005-10-06,81.2176284790039,81.93986933259411,80.51583267084558,81.61281618401866,140941800
2005-10-07,81.49697875976562,81.79677701608657,81.1699256439307,81.55829829492241,75661400
2005-10-10,80.80878448486328,81.5650897230926,80.60438089511543,81.54464988395095,52677000
2005-10-11,80.69298553466797,81.3470866242317,80.61803596414505,81.0745432039968,75629800
2005-10-12,80.05928802490234,81.16989585121033,79.99796851225237,80.66569413109681,100510400
2005-10-13,80.01163482666016,80.45451726377365,79.6368869494871,80.03207467480891,99052900
2005-10-14,80.85649108886719,80.95188048447028,80.1001857392054,80.48174851994995,88651000
2005-10-17,81.15628051757812,81.2652947300386,80.70658324555811,80.94506190708294,68109300
2005-10-18,80.27735137939453,81.05409668419972,80.2637265487545,81.04047185355968,74996900
2005-10-19,81.61280822753906,81.62643825649819,79.80040425094549,80.05931761950659,116563800
2005-10-20,80.17514038085938,81.63324146142264,79.9230420471945,81.41520780073091,131966700
2005-10-21,80.48856353759766,80.93144587342812,80.06612624357409,80.59758296723763,96579500
2005-10-24,81.73542785644531,81.82400222464615,80.67932965713487,80.6997694960788,71308400
2005-10-25,81.57197570800781,81.92627869083407,81.04051863460046,81.57197570800781,76594500
2005-10-26,81.3334732055664,82.13065853299324,81.21082890916736,81.42886263628411,80855800
2005-10-27,80.46812438964844,81.33344922531442,80.35229514340419,81.21761478073762,66623100
2005-10-28,81.62642669677734,81.72862590783292,80.46811872093616,80.69296738192284,72322000
2005-10-31,81.85128784179688,82.64847824857316,81.85128784179688,81.9603072882506,77698900
2005-11-01,82.09656524658203,82.37592364142371,81.91260145359632,82.15788997646568,66365100
2005-11-02,82.95506286621094,82.95506286621094,81.85126467577031,81.87851952966992,74012300
2005-11-03,83.30937194824219,83.5751054945244,82.95506921708632,83.22761257861589,84897600
2005-11-04,83.20036315917969,83.438836666726,82.81880554710558,83.39795697924167,59156000
2005-11-07,83.28211975097656,83.54784809082338,83.02320122616945,83.37750914485326,46765400
2005-11-08,83.28211975097656,83.41157381504803,82.98232154260289,83.07771093647959,42152800
2005-11-09,83.39115905761719,83.77271674789787,83.03004121526817,83.17994036454519,57666800
2005-11-10,84.03841400146484,84.161058241905,82.95506087618656,83.35705826531546,79048100
2005-11-11,84.32463073730469,84.37913527350123,83.41842589448179,84.04527224658442,34867000
2005-11-14,84.27690887451172,84.50175235994705,84.0656850208208,84.3450434215628,45092200
2005-11-15,83.97029113769531,84.54944255424633,83.71137779337424,84.18151498012305,69592500
2005-11-16,84.140625,84.18150988224079,83.7931372901121,84.05886563218267,51133000
2005-11-17,84.9242172241211,84.93103224011998,83.90218315432021,84.27011604324862,55717500
2005-11-18,85.2580795288086,85.36028397461327,84.71299781507373,85.21038481387762,72437200
2005-11-21,85.68730163574219,85.78950603917312,85.15584497589956,85.27167420723308,50021200
2005-11-22,86.05524444580078,86.20513836360863,85.45564798123938,85.55103738272278,66438800
2005-11-23,86.55264282226562,86.81156140219832,85.9939311684633,86.02118602942113,50854700
2005-11-25,86.62075805664062,86.6820827797019,86.40272441593886,86.51855884875859,15270000
2005-11-28,86.00755310058594,86.71615862544198,85.87809382280804,86.70253379541244,54498500
2005-11-29,85.91214752197266,86.5185589466404,85.91214752197266,86.29371029238143,51738900
2005-11-30,85.44882202148438,86.2051220765457,85.36705746494705,85.95983880359675,56007200
2005-12-01,86.32098388671875,86.55264240624696,85.83722180329237,85.86447146578601,65468200
2005-12-02,86.42999267578125,86.58670681605955,86.19151915651675,86.37548295756855,46699400
2005-12-05,86.24600982666016,86.34821422615316,85.97346649412272,86.32776918758921,59273400
2005-12-06,86.4095687866211,87.03641506681619,86.28010948154439,86.56628295583677,57935200
2005-12-07,85.90535736083984,86.44362917221486,85.63281394771748,86.37548942018435,66816500
2005-12-08,85.85081481933594,86.40952626340155,85.49651215655364,86.0007138991662,62608600
2005-12-09,86.07568359375,86.38229163913614,85.72819066353523,85.95985434978923,50744500
2005-12-12,86.15743255615234,86.43679090900721,85.82356969399932,86.33458650678392,48389900
2005-12-13,86.74340057373047,87.00912890558607,86.0484199823386,86.13699436017981,88630900
2005-12-14,87.08409881591797,87.27487764253868,86.62759159531365,86.66166147078157,64375000
2005-12-15,86.8320083618164,87.2135660498176,86.6548543502443,87.10454659705519,55900300
2005-12-16,86.55252075195312,87.23748846589648,86.55252075195312,87.18268979456766,46238300
2005-12-19,86.10728454589844,86.90184954577897,86.09358749198846,86.80595449074353,48733000
2005-12-20,86.1894760131836,86.7100476365158,85.949738393769,86.2100242054351,46603200
2005-12-21,86.32646942138672,86.82649808980078,86.1689297932604,86.45661494314277,51806900
2005-12-22,86.7785873413086,86.7785873413086,86.3607564925948,86.51829618748594,32247900
2005-12-23,86.82653045654297,86.8950261997787,86.59363865847324,86.84022751483403,27977300
2005-12-27,85.94290161132812,87.02515187506404,85.8812517983867,86.9635020621226,44499500
2005-12-28,86.13469696044922,86.2990877617768,85.96345501818192,86.1278458195095,30764300
2005-12-29,85.75109100341797,86.27851372827028,85.66204187553605,86.1141229761704,32788900
2005-12-30,85.28533935546875,85.6620684971877,85.18259314376743,85.48398063785413,44645600
2006-01-03,86.78539276123047,86.99088513142371,85.20311927876199,85.75109544868523,73256700
2006-01-04,87.1963882446289,87.32652855095635,86.78540345360716,86.89500079144995,51899600
2006-01-05,87.2511978149414,87.39504042803102,86.90871390971192,87.09365814503406,47307500
2006-01-06,87.97724914550781,88.07314420116961,87.23748280821232,87.68956397852243,62885900
2006-01-09,88.20332336425781,88.40195946538051,87.93618628935145,87.96358040779621,43527400
2006-01-10,88.2923355102539,88.34713418242907,87.85395658463055,87.94300573338747,44960800
2006-01-11,88.57321166992188,88.66226085576118,88.17592897004656,88.3745755458754,49598900
2006-01-12,88.22383880615234,88.55262036430985,87.97725002458989,88.41562891939233,40509200
2006-01-13,88.14165496826172,88.29234872635564,87.8128733377748,88.06631854099435,44856700
2006-01-17,87.90192413330078,87.96356873045391,87.54573793011636,87.81287496955973,52066600
2006-01-18,87.55256652832031,88.29232763313027,87.10049058793027,87.38817575235016,75067600
2006-01-19,87.88821411132812,88.20330388866637,87.54573022159384,87.76492492787764,81530400
2006-01-20,86.28538513183594,87.8882070994902,86.28538513183594,87.86765890388781,114957800
2006-01-23,86.5936279296875,86.86761609457402,86.39498664079203,86.44978531894725,67017400
2006-01-24,86.68267059326172,87.09365019685309,86.5936214414593,86.73746404142183,53008800
2006-01-25,86.75798797607422,87.11416878455663,86.1963095968074,87.018273750508,87747700
2006-01-26,87.23750305175781,87.44984140629816,86.82652339985496,87.16215617255514,71294000
2006-01-27,88.04576110839844,88.12796435599189,87.29914867501114,87.44299651946488,65771200
2006-01-30,87.97724914550781,88.23068383866173,87.91560456367749,87.97724914550781,33709600
2006-01-31,87.33338165283203,88.04574346125727,87.32653051259078,87.89506018306037,72937000
2006-02-01,87.9429931640625,87.97038727034575,87.48406610843824,87.5525618259229,63561000
2006-02-02,86.92244720458984,87.77180612934393,86.853951444284,87.7444120059348,83626900
2006-02-03,86.49087524414062,87.9430087512807,86.40183131821705,86.70321879963404,86040400
2006-02-06,86.71693420410156,86.8539309182286,86.42239780109131,86.60734205869024,45511900
2006-02-07,85.94973754882812,86.75799953340028,85.89493888610401,86.56620421386592,71208100
2006-02-08,86.73062133789062,87.74437594178143,86.03195128261589,86.20319322594351,59422200
2006-02-09,86.5867919921875,87.40190021364486,86.55939264995251,86.93612184743057,62023300
2006-02-10,86.74431610107422,87.07994883787562,85.92920280009587,86.6004734995879,64508700
2006-02-13,86.5867919921875,86.84707790458452,86.27170216943033,86.71693233544092,52308700
2006-02-14,87.50462341308594,87.69641353236968,86.4497725311366,86.62101445562405,90964400
2006-02-15,87.81287384033203,87.89507708725891,87.15530534970512,87.4566928676178,85471300
2006-02-16,88.470458984375,88.50470947070362,87.79918289803332,87.90878027357249,61017900
2006-02-17,88.23072052001953,88.47046348473421,88.07318081703129,88.39511659169088,40342600
2006-02-21,88.01151275634766,88.63482548529929,87.87451084057224,88.43618943027093,46456300
2006-02-22,88.54579162597656,88.80607228627495,88.12110447704251,88.20330772136035,42326700
2006-02-23,88.41561126708984,88.79919141698748,87.86763514504669,88.5457567718998,43423200
2006-02-24,88.64168548583984,88.68962779690354,88.19645014487575,88.43619305553173,36777400
2006-02-27,88.67594146728516,89.07321361827238,88.55264182073961,88.63483461725009,35858600
2006-02-28,87.83340454101562,88.98415570272326,87.76491404263078,88.49782404083629,74394800
2006-03-01,88.61425018310547,88.69645339778228,88.01833174852024,88.08683268545498,48641600
2006-03-02,88.607421875,88.64851826461583,88.09369610124693,88.29233213498263,60642300
2006-03-03,88.19644165039062,89.09375816125326,88.12109478159385,88.13479706276914,73402500
2006-03-06,87.79230499267578,88.48411857660194,87.5731155473538,88.45672446858921,57478400
2006-03-07,87.65534210205078,87.71698670399252,87.26491061208219,87.57999521575067,61780800
2006-03-08,87.84026336669922,87.97725481908236,87.1141940365796,87.47037494830911,66692400
2006-03-09,87.2511978149414,88.14165283300424,87.2511978149414,87.8676698895324,56313600
2006-03-10,88.08000946044922,88.25125141543965,87.29230064820504,87.47723966020322,60490800
2006-03-13,88.244384765625,88.47042534731449,88.03889237756391,88.25123067957546,45479100
2006-03-14,89.1690902709961,89.20334074639075,88.09369641569215,88.16219736648146,69877300
2006-03-15,89.5663833618164,89.63488432068984,88.94307062389538,89.14855259695787,53398900
2006-03-16,89.75130462646484,90.05269204555165,89.62115910897042,89.73760234784011,65526400
2006-03-17,89.82628631591797,90.01883915206426,89.66124702398832,89.86754613890038,47286800
2006-03-20,89.68189239501953,90.01885466969046,89.54435613025521,89.84005857483127,45538500
2006-03-21,89.11795043945312,90.08072495940239,89.02167403679229,89.65434903904078,87102700
2006-03-22,89.66118621826172,89.75057894298575,89.02162791573735,89.06288771073852,51605700
2006-03-23,89.47557067871094,89.66812352206968,89.16611150140889,89.57872024003063,46704200
2006-03-24,89.5443344116211,89.79190382548762,89.22111849648032,89.39304140907257,43209200
2006-03-27,89.41368865966797,89.59248474583589,89.22113579968902,89.42056179990155,32523000
2006-03-28,88.863525390625,89.76439986988558,88.74661905677789,89.35178063826041,82079900
2006-03-29,89.4205551147461,89.74377106840628,88.91165945522212,88.99418959857442,61505700
2006-03-30,89.26236724853516,90.07383825854866,89.09044435726037,89.4755499547814,70571700
2006-03-31,89.28300476074219,89.5649608448503,88.96666199678211,89.4136678481748,62925600
2006-04-03,89.21424102783203,89.99820914368149,89.04920173608008,89.44806418005156,61624700
2006-04-04,89.78504943847656,89.9019557979176,88.95982128790469,89.21426392355016,54809300
2006-04-05,90.0944595336914,90.28013917661274,89.66122102466099,89.81938713134384,50607200
2006-04-06,89.9981918334961,90.23201494074226,89.53056660568484,89.98444555738908,57906200
2006-04-07,89.0835952758789,90.36270250278335,88.95294264224405,90.12888979836991,80180900
2006-04-10,89.22113800048828,89.45495069432386,88.89103838094427,89.22113800048828,41496500
2006-04-11,88.46466064453125,89.44118160789897,88.19646129891154,89.29677222590365,72799400
2006-04-12,88.62966918945312,88.80159203596071,88.44398957709036,88.55402271725629,43033700
2006-04-13,88.51280212402344,88.88415101991798,88.23771915174743,88.4302719856694,51051800
2006-04-17,88.47840881347656,88.92540418159767,88.0382865841441,88.59531513293375,64167700
2006-04-18,89.88129425048828,90.0463440198571,88.66407712307944,88.66407712307944,92531800
2006-04-19,90.05321502685547,90.13574515625702,89.56495985571063,89.91567880230797,87269000
2006-04-20,90.17698669433594,90.67899853417413,89.81251105116502,90.08758344449957,86005500
2006-04-21,90.19074249267578,90.63086466449084,89.82626681101677,90.56210180556553,72342600
2006-04-24,90.02572631835938,90.13575951285972,89.66125054325208,90.01196954571108,52546400
2006-04-25,89.65435791015625,90.17012665258947,89.3448987633647,90.11511006086222,84359800
2006-04-26,89.67498016357422,90.1838757235932,89.60621729979286,89.7437535206966,67262400
2006-04-27,90.10822296142578,90.52084208878202,89.11794545044305,89.33112815201899,124478600
2006-04-28,90.41082763671875,90.60338047111787,89.88818572811294,89.943191829362,55854400
2006-05-01,89.67498016357422,90.63775469658248,89.61997406988554,90.41081521008783,64990300
2006-05-02,90.34896087646484,90.40397748504583,89.90883850116212,90.09450775010966,49063500
2006-05-03,90.01197052001953,90.3076834217722,89.70938447853982,90.19076659301068,60821300
2006-05-04,90.33516693115234,90.51396296546324,90.0669676330156,90.14261412702035,42921400
2006-05-05,91.13290405273438,91.32545688299298,90.67215188794827,90.80968812479838,62588200
2006-05-08,91.02287292480469,91.30482903739757,91.02287292480469,91.1260224814399,30016700
2006-05-09,91.20166015625,91.30482019623858,90.98847743095168,91.06412392960671,29864000
2006-05-10,91.15353393554688,91.29107017235467,90.69965491007314,91.0572575204472,64378200
2006-05-11,90.05321502685547,91.15352580991814,89.7575126687454,91.12601226900385,80626900
2006-05-12,88.87728881835938,89.89506970767839,88.84290213092524,89.6475002488339,91726500
2006-05-15,89.05607604980469,89.22112583707565,88.44403085035441,88.5678103208006,84029300
2006-05-16,88.92543029785156,89.39993934716783,88.719120646843,89.23488952769203,62137600
2006-05-17,87.23368072509766,88.78099211282053,87.17866413643706,88.48527926043751,144789500
2006-05-18,86.7935562133789,87.85260190706452,86.72478810270748,87.5775242177083,87906300
2006-05-19,87.40559387207031,87.67379315351175,86.51159801615556,87.24742775566644,124309400
2006-05-22,86.73853302001953,87.45373285920668,86.30528923378267,86.8416878015055,110852800
2006-05-23,86.07836151123047,87.77008231979615,86.07836151123047,87.46062317977555,92006500
2006-05-24,86.76605987548828,87.2611987352218,85.79641731406952,86.42909241409734,168405000
2006-05-25,87.83885192871094,87.83885192871094,86.94485073424508,87.28181815513179,78977900
2006-05-26,88.28585815429688,88.28585815429688,87.68756452478111,88.03140510610683,62989700
2006-05-30,86.71793365478516,88.02454910489534,86.68355221329425,88.0039191906664,72419900
2006-05-31,87.68754577636719,87.68754577636719,86.78666633189604,87.0755007531277,86926200
2006-06-01,88.52656555175781,88.67098545184716,87.52253611847301,87.59818263883515,73721700
2006-06-02,88.7122573852539,89.00795987306539,88.24463191801365,88.88418036468269,91702600
2006-06-05,87.41935729980469,88.61593920404678,87.17866104461862,88.60906606571096,86105100
2006-06-06,87.20620727539062,87.59819144454718,86.48413393571948,87.48128508193463,130498600
2006-06-07,86.55286407470703,87.78383265236408,86.50472587319734,87.27494234402295,108599400
2006-06-08,86.47721099853516,86.99297965260196,85.18435279447557,86.3603046961475,204957200
2006-06-09,86.20214080810547,87.30932470123741,86.16088099113699,86.8967107915411,94972200
2006-06-12,85.26689147949219,86.60101504180635,85.14998515097447,86.56662835851466,95815900
2006-06-13,84.27661895751953,85.85142831520828,84.27661895751953,85.09496850330437,185688800
2006-06-14,84.92991638183594,85.01931440501534,84.13219157191227,84.47603738722334,163566400
2006-06-15,86.731689453125,86.89673401177204,85.17750455640567,85.23939429839632,134057000
2006-06-16,86.09964752197266,86.7282101910784,85.9684069039772,86.54171508064468,94253500
2006-06-19,85.42269897460938,86.67292563107608,85.33981462977476,86.6176658879469,95804400
2006-06-20,85.71280670166016,86.21013386159531,85.4572396060363,85.65755222711347,65494700
2006-06-21,86.34832763671875,86.82492868525162,85.6230576104537,85.65068749686839,75008200
2006-06-22,85.96841430664062,86.38285201984988,85.6783084343803,86.30687115761101,74566100
2006-06-23,85.95458221435547,86.54861139883467,85.67137992577015,85.87860136960624,54107000
2006-06-26,86.33450317382812,86.38285415373257,85.82336349057228,86.0236761987083,37899600
2006-06-27,85.58849334716797,86.54170037043103,85.49178614465193,86.34829650511911,69780200
2006-06-28,86.16870880126953,86.18252110518449,85.40890560929853,85.78190105332655,62368100
2006-06-29,87.90938568115234,87.96464545963029,86.45885075021268,86.47957184967628,110634800
2006-06-30,87.91626739501953,88.17874862702118,87.6952336190429,88.09585898483209,54227800
2006-07-03,88.27545928955078,88.42050695544478,87.93699716959338,88.01988681996566,23914000
2006-07-05,87.77119445800781,88.03367036029285,87.39129027193502,87.92315613243693,69653400
2006-07-06,88.02678680419922,88.30998385905608,87.77812314781418,87.86100752003526,50100300
2006-07-07,87.45352935791016,88.10972227792054,87.23249545402481,87.85415495553484,81626500
2006-07-10,87.6192398071289,88.01986511367254,87.31532170376832,87.68140834704228,60964100
2006-07-11,88.00605010986328,88.00605010986328,86.99067457126864,87.45346313366512,73640800
2006-07-12,87.06664276123047,87.99912853694477,86.83870027142987,87.82644579070659,82561300
2006-07-13,85.65068054199219,86.8111093278717,85.65068054199219,86.65223881135312,102405700
2006-07-14,85.31914520263672,85.83029026285283,84.84254409224964,85.74049180288537,103242500
2006-07-17,85.1948013305664,85.71975862689698,85.06356595888022,85.31913318312202,81159000
2006-07-18,85.62995910644531,85.68521887456822,84.53860240039465,85.4503674949766,122771000
2006-07-19,86.81798553466797,87.21170201409188,85.45724455161314,85.77498019554652,133565300
2006-07-20,86.22395324707031,87.23932867499497,86.10653024013111,87.1149968823948,112259800
2006-07-21,85.61617279052734,86.47268369958584,85.52637958693757,86.44505380543589,101560000
2006-07-24,87.17720031738281,87.25318118508913,85.95460818496056,85.95460818496056,92884000
2006-07-25,87.4880142211914,87.93008175698974,86.83872522242355,87.0183168056731,95480700
2006-07-26,87.60546112060547,88.03371119826522,87.15648467511451,87.43968179712866,84525800
2006-07-27,87.5225830078125,88.19950216000959,87.17030848626794,87.98537182306224,87257100
2006-07-28,88.39977264404297,88.51028688490054,87.62615187859866,87.75048369322614,82137000
2006-07-31,88.30998992919922,88.38597078886515,88.03369637312866,88.17875457420818,49593100
2006-08-01,87.87482452392578,87.98533877612226,87.44656928074487,87.95770889560792,65225600
2006-08-02,88.46884155273438,88.73132274641166,88.10275490877409,88.12347599883068,64770900
2006-08-03,88.70369720458984,88.79349563103855,87.8264709214279,87.95770626261641,63693800
2006-08-04,88.5517349243164,89.4013313222559,88.05441290276826,89.15958173375414,96294200
2006-08-07,88.34452056884766,88.46885239428381,87.99915497262062,88.34452056884766,45377300
2006-08-08,88.00605010986328,88.73131985739087,87.68830917314037,88.47574218881377,90901300
2006-08-09,87.70905303955078,88.8280395182704,87.45348058982009,88.53792312957474,78910600
2006-08-10,87.97842407226562,88.06821722012471,87.2255244160957,87.43274585867536,69322300
2006-08-11,87.729736328125,87.86097162047325,87.30148125714237,87.84025053588451,47482200
2006-08-14,87.79885864257812,88.52412863764452,87.66761800521938,88.15803661079445,57839000
2006-08-15,88.84876251220703,89.01453126389649,88.34452638975336,88.58628126906903,68143000
2006-08-16,89.58782958984375,89.7190701969592,89.13194449345995,89.32535891533398,71737600
2006-08-17,89.81578826904297,90.05063437673283,89.4427980121075,89.50496129830958,70992800
2006-08-18,90.27167510986328,90.27167510986328,89.51186646543427,89.92630946052704,58288400
2006-08-21,89.88484954833984,89.98845500682583,89.65690699994957,89.91937767468777,42133600
2006-08-22,89.87792205810547,90.1542208056409,89.57399870567627,89.78813418741105,60839900
2006-08-23,89.6292724609375,90.09897513528519,89.2355611762913,89.9193782863929,66592100
2006-08-24,89.55330657958984,89.86414408856037,89.38062375892753,89.78816322588003,57983000
2006-08-25,89.66380310058594,89.96772647330012,89.4842168074913,89.54638007744096,41756000
2006-08-28,90.0920639038086,90.36145918559625,89.54639090208748,89.55329441967632,52681500
2006-08-29,90.19571685791016,90.36839972587069,89.6638506734685,90.13355355497858,61817800
2006-08-30,90.25093841552734,90.51340909664691,90.17495756421661,90.39598606093422,50052200
2006-08-31,90.23712921142578,90.47888936249196,90.19568702317954,90.38218741000996,37510300
2006-09-01,90.77590942382812,90.88642896530955,90.37528399075065,90.58250549609743,48794500
2006-09-05,90.94860076904297,91.07293789978013,90.6239561728773,90.83808121721538,52348300
2006-09-06,90.14734649658203,90.59632820689323,90.02301991016378,90.56178953075788,53795600
2006-09-07,89.73290252685547,90.18878769820431,89.34609469894356,89.83650800228801,86269400
2006-09-08,89.98847961425781,90.1128167381622,89.67765261408282,89.85033545192715,45096300
2006-09-11,90.07823944091797,90.27164329320233,89.43585407890822,89.69833525260248,68496600
2006-09-12,90.96240234375,91.06600781803184,90.05063201117896,90.18187263841776,69875600
2006-09-13,91.32847595214844,91.48734116979873,90.84496624209027,90.92785060960846,62898400
2006-09-14,91.33540344238281,91.34231750130486,91.00385534556722,91.14891356651877,57805400
2006-09-15,91.5497817993164,91.8480974528495,91.35551669789747,91.7925946504551,76703100
2006-09-18,91.67464447021484,91.84808673768431,91.33469381498739,91.43182106132724,64154100
2006-09-19,91.44570922851562,91.66772043603798,90.93232683675497,91.66077596950477,92089100
2006-09-20,91.9313735961914,92.11176040392837,91.61917950305933,91.75099737453472,75204100
2006-09-21,91.48734283447266,92.09786313014972,91.17514880548438,92.00073586366274,88932500
2006-09-22,91.20983123779297,91.35551683147378,90.88375888954735,91.34858295094327,65966800
2006-09-25,91.9105224609375,92.16722421266395,90.9184377826086,91.39019566392075,92299100
2006-09-26,92.67369079589844,92.68756914396873,91.85503763699683,91.92441879127044,73962700
2006-09-27,92.7846908569336,92.94425479892264,92.45861850629689,92.61124856770459,82432200
2006-09-28,92.74998474121094,92.95811757062762,92.4655368938773,92.78467531045962,58597500
2006-09-29,92.67369079589844,92.92344813077443,92.60430964162482,92.8263208664381,47966600
2006-10-02,92.32679748535156,92.84712433507553,92.23660411052148,92.64592535831257,51687400
2006-10-03,92.52108001708984,92.87489857107373,92.02849912562516,92.19500757895409,73108100
2006-10-04,93.60332489013672,93.65882768798468,92.3267922978625,92.43085342752975,80890500
2006-10-05,93.7836685180664,93.94324297631518,93.48535299242953,93.60329242717475,60505900
2006-10-06,93.66572570800781,93.7281729479765,93.24252629925579,93.62410127207683,64983600
2006-10-09,93.72123718261719,93.8669333079695,93.40904329808873,93.55473942344105,41176800
2006-10-10,93.84613037109375,93.971003702828,93.54780421293817,93.72819091798664,56403700
2006-10-11,93.7351303100586,93.95713088600218,93.17317911205232,93.54780971536488,104071800
2006-10-12,94.54686737060547,94.62318240737355,93.9363470764609,93.97103765427876,59158600
2006-10-13,94.78966522216797,94.84516801446706,94.38033345222159,94.46359293370783,53944000
2006-10-16,94.93537902832031,95.08107522470317,94.64399722163297,94.71337837916354,42273000
2006-10-17,94.63703918457031,94.83822755233102,94.1236462736894,94.67866363403283,90500600
2006-10-18,94.76190185546875,95.30304080965885,94.42196183244452,95.0740957773362,86848600
2006-10-19,94.91452026367188,94.96308916734662,94.512133036649,94.62313859984286,64063200
2006-10-20,94.93537902832031,95.0116940671726,94.58156053150248,94.93537902832031,48094500
2006-10-23,95.37246704101562,95.60141218160095,94.62319492257626,94.74113443389363,66219900
2006-10-24,95.65687561035156,95.69155559239908,95.19898551771317,95.24060996503027,53234900
2006-10-25,95.98297119140625,96.02459564882587,95.40019702929868,95.55977156417742,78105400
2006-10-26,96.28124237060547,96.4338723680018,95.72622516062543,96.19799349423394,66843700
2006-10-27,95.67771911621094,96.26048274133747,95.48346457450208,96.16335547048304,80238000
2006-10-30,95.60831451416016,95.87888402991669,95.32386665280492,95.50425338735994,49717800
2006-10-31,95.59446716308594,95.92053958088347,95.21983639906291,95.78873230622607,71274100
2006-11-01,94.94921875,95.95518160847939,94.85209152061732,95.89274494374925,83005600
2006-11-02,94.89370727539062,95.05327115489393,94.60232561392121,94.70638671227705,60693100
2006-11-03,94.7271957397461,95.31690350675153,94.08892965716865,95.23365463087227,71346400
2006-11-06,95.79560852050781,95.93436017972742,95.01164629611115,95.0185907600196,63303300
2006-11-07,96.163330078125,96.42002124344297,95.7401305269902,95.878882222133,63318900
2006-11-08,96.37149810791016,96.46862538858774,94.9492688946402,95.74016549046608,87517800
2006-11-09,95.864990234375,96.5310130967857,95.67073577160401,96.44081974404408,95916300
2006-11-10,95.90666198730469,95.97603255852829,95.54589902427564,95.83728083000275,48991500
2006-11-13,96.14251708984375,96.46164492753094,95.78869868212735,95.86500311568567,59398200
2006-11-14,96.864013671875,96.94727314119102,95.823360287051,96.41306810621407,96704000
2006-11-15,97.14155578613281,97.43987142838029,96.80160510410681,96.8293617972925,76509600
2006-11-16,97.39131927490234,97.59944155661891,96.77386513829595,97.43294373124566,76728800
2006-11-17,97.41902160644531,97.42595548402751,96.94031940145753,97.07907105561,56353800
2006-11-20,97.47453308105469,97.64104143253552,97.0860241803397,97.33578141452413,69174200
2006-11-21,97.5716781616211,97.5924903861056,97.32885476120133,97.46761703919864,51367900
2006-11-22,97.76595306396484,97.9324614806882,97.47457127425724,97.64801357189826,45505300
2006-11-24,97.3704605102539,97.71040046530764,97.26638883305743,97.29414551473876,30998000
2006-11-27,96.03153228759766,97.37051236082229,96.00378617721364,97.32194343505279,84545100
2006-11-28,96.44779205322266,96.54491931264876,95.81645957391426,95.9066529526947,106652900
2006-11-29,97.45377349853516,97.49539796236978,96.48943460407563,96.76000420507998,90034900
2006-11-30,97.49535369873047,97.85611653164027,96.96114862120098,97.43291703132526,83994300
2006-12-01,97.28028869628906,97.5855487458857,96.41307745815075,97.49535538957542,126080000
2006-12-04,98.02264404296875,98.20303080717463,97.28725039649846,97.30112874437839,87813200
2006-12-05,98.44585418701172,98.48748923509869,98.00184228212701,98.20997517824647,73374400
2006-12-06,98.362548828125,98.56374772716616,98.16829439282007,98.42498548531455,53253200
2006-12-07,97.93243408203125,98.72333031456138,97.89774351499291,98.53600972141417,62857400
2006-12-08,98.11283111572266,98.44583734088219,97.6688192868176,97.91164272175129,79625500
2006-12-11,98.39727020263672,98.57764635302844,98.05731954135791,98.11282233826523,39779400
2006-12-12,98.32097625732422,98.4250374075356,97.74514652530513,98.30016402728195,77451600
2006-12-13,98.425048828125,98.75112125139373,98.20998203534768,98.67480620369085,55520200
2006-12-14,99.29220581054688,99.37546528062377,98.40418242760077,98.41806077029254,64755200
2006-12-15,99.3012924194336,99.6849935243889,99.23153535629662,99.5105848989599,70857400
2006-12-18,99.0291976928711,99.67800319895422,98.88967294647277,99.44079942051567,48954600
2006-12-19,99.21755981445312,99.4547529427179,98.4989972732033,98.75014606932352,65023600
2006-12-20,99.16178894042969,99.52456193983387,99.07109302931363,99.25945736583927,41469600
2006-12-21,98.79898834228516,99.36407054895069,98.58970652134015,99.25245712613237,48698400
2006-12-22,98.1920394897461,98.81990617695124,98.1362274616525,98.81293366533549,62069100
2006-12-26,98.77111053466797,98.79203872161186,98.21300071102542,98.2339288979693,32696900
2006-12-27,99.41989135742188,99.48268655430454,98.94550499466912,98.97340569157188,39727100
2006-12-28,99.2105941772461,99.55242822547311,99.05711375536839,99.35011893030139,37288800
2006-12-29,98.79898834228516,99.44081076498287,98.66643609231531,99.10594920641385,45461200
2007-01-03,98.62460327148438,99.66408269223292,98.06650408899398,99.23852514629529,94807600
2007-01-04,98.83389282226562,99.09899737753666,98.09440184709821,98.5269318940695,69620600
2007-01-05,98.04556274414062,98.64552893049552,97.9339492975387,98.59670004355578,76645300
2007-01-08,98.49903869628906,98.65251917207743,97.8432604170224,98.24091728021774,71655000
2007-01-09,98.41531372070312,98.7850591905266,97.94788919200077,98.58273920436132,75680100
2007-01-10,98.74315643310547,98.76409525604238,97.87809669383523,98.07343345077076,72428000
2007-01-11,99.17572021484375,99.49662611435735,98.71527890330783,98.77109093910529,54476800
2007-01-12,99.92919921875,99.92919921875,99.14086859376884,99.16876929820974,55370600
2007-01-16,99.73384094238281,100.0687025490923,99.573377329847,99.81058116944733,44871300
2007-01-17,99.77568817138672,100.08264905152181,99.57336820718061,99.65709158498136,50241400
2007-01-18,99.44078826904297,99.943085815793,99.28033536093116,99.8803012837129,68177300
2007-01-19,99.63616943359375,99.83150625185823,99.38502057510253,99.44082197027106,56973000
2007-01-22,99.32920837402344,99.83150609019248,99.01526431762414,99.81057790577361,60253600
2007-01-23,99.6221694946289,99.81750622609447,99.10591633572507,99.24544105176426,54064400
2007-01-24,100.42445373535156,100.44538191240946,99.69891875888419,99.74077511299998,55834700
2007-01-25,99.24545288085938,100.40352838761763,99.07104430375921,100.36167203232235,73583800
2007-01-26,99.15479278564453,99.51755505349894,98.77109168978176,99.46175366233476,67255600
2007-01-29,99.09896850585938,99.62219430510356,98.88270354538076,99.19663689591604,66114600
2007-01-30,99.615234375,99.66407390394404,99.10596412560771,99.3082841097207,70407600
2007-01-31,100.28497314453125,100.55007769734962,99.34316218219372,99.50362580366756,91868600
2007-02-01,100.88492584228516,100.91980969642515,100.3965838194985,100.5640092872781,69312400
2007-02-02,101.02448272705078,101.12215116265457,100.72450490521811,100.96867067169703,49607000
2007-02-05,101.05235290527344,101.11513745006805,100.69655252799046,100.94770135222566,45705300
2007-02-06,101.08025360107422,101.17792199688671,100.68958001782426,101.13606563368947,57081300
2007-02-07,101.30345916748047,101.40810003150727,100.85697373921232,101.2406640040121,55669700
2007-02-08,101.1709976196289,101.24075470979427,100.64777154061044,101.00356144212074,70641000
2007-02-09,100.41751861572266,101.38723021234907,100.03381748503054,101.19886590363504,79084400
2007-02-12,100.07569122314453,100.487293123386,99.8943100412738,100.41753604346353,65657000
2007-02-13,100.9197998046875,101.08722525605674,100.29192242688282,100.29890558406099,64081800
2007-02-14,101.58255004882812,101.78485935024239,101.00351219297815,101.0174678622312,66039400
2007-02-15,101.71512603759766,101.81976696878037,101.4569939989151,101.62443013386655,38715200
2007-02-16,101.6662826538086,101.68721083925207,101.31746536967208,101.46397331283525,39841800
2007-02-20,101.88255310058594,101.99417719227709,101.15701779471203,101.54769147057178,56911800
2007-02-21,101.84066772460938,101.90346291146447,101.4011652869612,101.58254640050994,63971600
2007-02-22,101.7639389038086,102.14763999950702,101.27559689340033,101.88951864651783,79067400
2007-02-23,101.3663101196289,101.70814426285018,101.17794579587765,101.67327104868747,71966200
2007-02-26,101.27559661865234,101.81975066378212,100.98259141320229,101.73603793224136,69192800
2007-02-27,97.31998443603516,100.59886350307704,96.97116728751891,100.37562606345502,274466500
2007-02-28,98.31761169433594,99.05012994939672,97.52929205446372,97.94089379904949,177536300
2007-03-01,98.02459716796875,98.54085041119241,96.30842265478175,97.20836626851808,212828600
2007-03-02,96.74098205566406,98.12927864646889,96.73400954236459,97.70372114391473,162574000
2007-03-05,95.82007598876953,97.37579750731379,95.8061203220631,96.2246945177638,143750400
2007-03-06,97.45953369140625,97.75253889248596,96.07822041629983,96.81771125403299,143333300
2007-03-07,97.3618392944336,97.98971653914666,97.25021525381068,97.38276747141859,115144900
2007-03-08,98.18506622314453,98.47807138459096,97.71765246714268,98.04553083145554,117891600
2007-03-09,98.21297454833984,98.6594601593039,97.724632574638,98.58271994593242,107765100
2007-03-12,98.3594970703125,98.60366277089607,97.78045912798164,97.96184027513442,80366900
2007-03-13,96.44796752929688,98.2060094117128,96.30145960365495,97.79439697541282,190605200
2007-03-14,97.16651153564453,97.22232356111968,95.40149747958283,96.57351807939462,231853800
2007-03-15,97.29911041259766,97.66188342957881,96.83169645084334,96.95029306993976,132435900
2007-03-16,97.02662658691406,97.79707257254623,96.73945938433485,97.57293894498792,121531600
2007-03-19,98.19633483886719,98.28739049707848,97.46091077683738,97.53795540595067,96161200
2007-03-20,98.73564910888672,98.79168253905402,98.02824709168215,98.11229189329109,82147400
2007-03-21,100.36053466796875,100.61267965665286,98.63055264985904,98.82666423136004,152368700
2007-03-22,100.2834701538086,100.6336708636972,100.01031402758659,100.49359271719727,118942200
2007-03-23,100.43057250976562,100.72473986271754,100.26247229924498,100.35352791585353,74416800
2007-03-26,100.2975082397461,100.61268682624072,99.5200620265098,100.50763085983597,113787500
2007-03-27,100.05941009521484,100.26953279056276,99.73022036620279,100.2415107312981,99864600
2007-03-28,99.33100128173828,99.7862582358379,98.9387672455767,99.55512432940304,152907900
2007-03-29,99.43599700927734,99.88425352014467,98.88968472063524,99.83522028761816,139432700
2007-03-30,99.45697021484375,100.04530465680267,98.44839077875753,99.62507034994951,128194100
2007-04-02,99.56907653808594,99.77919911864755,99.09279797632767,99.56907653808592,79416400
2007-04-03,100.64070129394531,100.843813042787,100.09438893523497,100.13641131863122,82417800
2007-04-04,100.75276947021484,100.82280321439569,100.26949068006407,100.64070265478979,63995200
2007-04-05,101.02590942382812,101.16598757696653,100.58465308852799,100.62667546574171,46822800
2007-04-09,101.16604614257812,101.41819123910675,100.96292361875228,101.31312454797069,50967400
2007-04-10,101.28506469726562,101.4531649102538,101.04693074432502,101.0889531257523,56620000
2007-04-11,100.8718490600586,101.46018388364607,100.53564857176768,101.43217251992904,106365700
2007-04-12,101.32008361816406,101.50218416085733,100.3955485076934,100.67571552023547,115534400
2007-04-13,101.78234100341797,101.78234100341797,101.10995092778028,101.48816299782307,84287000
2007-04-16,102.74889373779297,102.86096053818652,102.13254771018504,102.13954787748025,83064600
2007-04-17,103.02204895019531,103.23917169444042,102.71387059554615,102.93800419430126,108424100
2007-04-18,103.14815521240234,103.44932279558259,102.65787618903849,102.67888738380543,88345300
2007-04-19,103.12008666992188,103.23915361568073,102.51074092183936,102.64381888688642,102947700
2007-04-20,104.09365844726562,104.09365844726561,102.98702289114023,103.81350214656864,124114100
2007-04-23,103.70147705078125,104.17074492114881,103.63844346086967,103.91859987422035,77270800
2007-04-24,103.7435073852539,103.93961902706747,103.18319451566256,103.82055200791515,114471000
2007-04-25,104.69605255126953,104.82213042600917,103.67347196206562,104.17075122896699,108418800
2007-04-26,104.8150634765625,104.92013009716608,104.42985126284715,104.7030073767732,88741600
2007-04-27,104.73103332519531,104.87812233962781,104.2477545899895,104.42285496145372,108191100
2007-04-30,103.86255645751953,104.87814740455183,103.80653373006717,104.80810296431474,100874100
2007-05-01,104.12870788574219,104.6890313209354,103.42830626357083,103.95360748019935,134342700
2007-05-02,104.73805236816406,105.02521959406451,104.18473979702361,104.28979576392355,87129800
2007-05-03,105.30535125732422,105.34036277633625,104.87109513644023,105.03919531426082,86569700
2007-05-04,105.70458984375,105.8446680019824,105.21431094629742,105.58552287488854,96409000
2007-05-07,105.72566986083984,105.90077034444087,105.62761401751469,105.67664728281996,63461400
2007-05-08,105.58554077148438,105.70460776052752,105.15129520117644,105.46647378244124,80584000
2007-05-09,105.87272644042969,107.03539585926268,105.31940309737739,105.50851455400253,102070100
2007-05-10,104.76608276367188,105.77466287538128,104.5489599565947,105.57154040681911,153617800
2007-05-11,105.66255187988281,105.71157441875809,104.86409473972357,104.88510592599538,113408900
2007-05-14,105.43144989013672,105.97076210381834,104.91314886905357,105.66258369600027,108027500
2007-05-15,105.45943450927734,106.22286940214819,105.1932785811191,105.55047941579758,180673300
2007-05-16,106.18087768554688,106.20188887675397,105.32638695219399,105.62055431637262,114166500
2007-05-17,105.97074890136719,106.43301645550233,105.83767090663628,106.02678230374224,101132800
2007-05-18,106.89529418945312,106.89529418945312,106.32797057466638,106.46804876430939,99182000
2007-05-21,106.83927917480469,107.32255809648667,106.81126780696461,106.86730122992742,174664600
2007-05-22,106.75521087646484,107.27351190927885,106.72719951479289,106.95132247000954,82148800
2007-05-23,106.76922607421875,107.51165009126845,106.71319266140434,107.12642705771982,133786600
2007-05-24,105.80261993408203,107.30848915946686,105.57849707278352,106.8322107123843,187593000
2007-05-25,106.24388122558594,106.47501495080519,105.88666970148512,106.1108032607073,83309200
2007-05-29,106.6291732788086,106.81127389836088,106.07584987504666,106.4190506025355,82020000
2007-05-30,107.49762725830078,107.5396496414755,105.99876836381789,106.0828238174469,129013600
2007-05-31,107.38555908203125,107.78478236467207,107.24547023746277,107.63069318546941,114866700
2007-06-01,107.91789245605469,108.14201543693119,107.51865836737879,107.7778142570967,107771700
2007-06-04,107.93192291259766,108.13503473455977,107.4976665241848,107.53968892270913,78008800
2007-06-05,107.504638671875,107.79179518748651,107.0633822716901,107.67973906086524,126917900
2007-06-06,106.34893798828125,107.12638391112321,106.28590443198291,107.06335035482489,164096800
2007-06-07,104.42987823486328,106.81123929505421,104.40185618722067,106.15286011009042,232414600
2007-06-08,105.78865814208984,105.89372479960315,104.42287709266331,104.76607774089082,175886000
2007-06-11,105.97074890136719,106.42600560065624,105.55050372719364,105.71159307947272,102015600
2007-06-12,104.8150634765625,106.13882167286216,104.74502975010382,105.52947588501412,233898000
2007-06-13,106.38394165039062,106.51001942828836,104.8640722744331,105.41038437501601,193208200
2007-06-14,107.06340789794922,107.24550849866529,106.48207318488214,106.50308438160776,146396500
2007-06-15,107.67254638671875,108.0875617719664,107.57405724444821,107.72178022451244,154030800
2007-06-18,107.5459213256836,107.89763144980884,107.38413767392151,107.89060111132916,88537500
2007-06-19,107.81322479248047,107.8906014493641,107.17310978856507,107.30676135348601,110851700
2007-06-20,106.31492614746094,108.03127311322318,106.1883156663835,108.03127311322318,177119700
2007-06-21,106.90579986572266,106.99724792714012,105.68888591509715,106.27272597387692,205262000
2007-06-22,105.89994812011719,106.75812190530485,105.40755596468426,106.58226679741138,204964700
2007-06-25,105.39347076416016,106.39232635833315,104.823702006452,105.68187567938166,232014400
2007-06-26,104.3102035522461,105.83663522401316,104.30317321244124,105.66078012880291,198445700
2007-06-27,105.79441833496094,105.91400924205014,104.14841726102829,104.19766183845832,213638000
2007-06-28,105.78036499023438,106.50488715592007,105.28093177504786,105.78036499023439,157705000
2007-06-29,105.81552124023438,106.67369495138159,104.91514402416895,106.1461296732178,199701800
2007-07-02,106.77215576171875,106.86360382951908,106.05467482977274,106.12501041525343,103357000
2007-07-03,107.1590347290039,107.2715845412457,106.91284408973343,107.0464849167621,54048400
2007-07-05,107.0464859008789,107.31378902407539,106.65961335941996,107.20123921079887,89279000
2007-07-06,107.60922241210938,107.74287397144492,106.87062903333039,107.18717671947908,81109000
2007-07-09,107.69366455078125,107.8765499857126,107.35601504012506,107.73586805627747,72348100
2007-07-10,106.16019439697266,107.34897646619986,106.05468564132507,107.12387680969518,180362600
2007-07-11,106.91287231445312,106.95507582185022,105.87884344984998,106.04062713932001,175607600
2007-07-12,108.60108947753906,108.85432128433561,107.1590753203183,107.18017707643926,133882500
2007-07-13,108.92462921142578,109.35371599013001,108.60105117611558,108.72767240152953,111794300
2007-07-16,108.91059875488281,109.40299096477786,108.73474362753849,109.02314861238601,98378700
2007-07-17,108.85427856445312,109.36777231745086,108.80503399726696,108.98088905149064,126201300
2007-07-18,108.65731048583984,108.88944042132532,107.83431020548562,108.48848578730323,237887400
2007-07-19,109.0793228149414,109.4028899397928,108.85422330779673,109.17076009805058,145212700
2007-07-20,107.9749984741211,109.02309841451732,107.50370823783749,108.95275210263131,245502500
2007-07-23,108.30562591552734,108.83319114766766,107.83433559614971,108.45333816985504,121183900
2007-07-24,106.42747497558594,108.52366409867221,106.04762206916124,107.70769411697631,256732400
2007-07-25,106.64557647705078,107.19424357773433,105.68892422115613,106.93398144194313,265214500
2007-07-26,104.12030029296875,106.07580832809676,102.97372149970616,105.64672141487257,467592500
2007-07-27,102.07330322265625,104.7181592477234,102.03109972899489,104.25391008410824,422987600
2007-07-30,103.67008209228516,103.97254765423685,102.19992558106848,102.65011412134315,283017500
2007-07-31,102.50242614746094,105.13322242554717,102.02409467265254,104.33835390319979,316976700
2007-08-01,103.00184631347656,103.40983144256215,101.25736668796945,102.12257079389826,467670000
2007-08-02,103.82484436035156,103.93738345511653,102.17883264097333,103.23396312945926,294758400
2007-08-03,101.15184020996094,103.8107680569907,100.7297837411167,103.5997398225686,359398200
2007-08-06,102.84708404541016,103.28320118512082,100.25849182904285,101.44024348289406,324980000
2007-08-07,103.9444351196289,104.80963920301562,102.15774129972395,102.6571745045034,232568700
2007-08-08,105.39347076416016,105.92806635822184,103.64195025465435,104.39461516998716,274930600
2007-08-09,102.2702865600586,104.77446134511203,102.19994023013746,103.70525938370008,357622100
2007-08-10,101.79194641113281,103.05106390270058,100.67350008583948,101.56684678507548,411018400
2007-08-13,102.15771484375,103.32539497693335,102.01000260923516,103.05106152235082,181917200
2007-08-14,100.59611511230469,102.74154878738146,100.39212798473217,102.4883170956783,264134500
2007-08-15,99.21039581298828,101.61610271885087,98.91496057074986,100.39214751528412,323834000
2007-08-16,99.95604705810547,100.54691764130352,96.36859858390712,98.33113685429493,546743700
2007-08-17,101.79194641113281,102.56570222568777,99.45658609082223,102.34764367128282,388218100
2007-08-20,101.74271392822266,102.32655407765051,100.7930922096735,102.11552583649046,187320400
2007-08-21,101.94670867919922,102.67827187185193,101.3910113117118,101.71458940333568,157066400
2007-08-22,103.1566162109375,103.26213573021953,102.22810669465939,102.70642750203241,173156700
2007-08-23,103.06513977050781,103.85999736771775,102.42502475622915,103.64193880388119,203915300
2007-08-24,104.3383560180664,104.3383560180664,102.89634195744468,103.03702389994197,128901900
2007-08-27,103.36756896972656,104.33829202426956,103.2128157078911,104.00065342269106,113024300
2007-08-28,101.09557342529297,102.87522604974247,100.91268799854126,102.8119207943295,219790700
2007-08-29,103.07917785644531,103.21987046465213,101.26436342397479,101.55275751078504,207654200
2007-08-30,102.80488586425781,103.53644908166221,102.21401531174581,102.31249373716449,191817300
2007-08-31,103.81777954101562,104.45789446694934,103.28318407979992,103.85998303356686,185477500
2007-09-04,104.86589050292969,105.49896442460157,103.68413892024354,103.71931207885666,120062000
2007-09-05,103.95848083496094,104.35943555573054,103.40278352372836,104.24688573235571,166261800
2007-09-06,104.1976547241211,104.53529347007763,103.48719333643776,104.07103348604852,127878400
2007-09-07,102.74860382080078,103.3254028599083,102.1788243870372,103.03699797368378,235447600
2007-09-10,102.5516586303711,103.20584520435911,101.5246708246266,103.06516326658719,192305900
2007-09-11,103.74748992919922,103.89520221857157,102.79083765195259,102.86821433369109,162081900
2007-09-12,104.01475524902344,104.4157099678748,103.38871161784121,103.606770191248,149554600
2007-09-13,104.74630737304688,105.12614956858529,104.24687429495486,104.49307566490768,154079000
2007-09-14,104.7392807006836,104.87293227798386,103.92332129191848,104.0780746200196,121911000
2007-09-17,104.17659759521484,104.56347034760581,103.84598904679774,104.32430991400312,109870800
2007-09-18,107.24344635009766,107.27157843488628,104.19763565473251,104.69002763858525,263759500
2007-09-19,107.87653350830078,108.60105553090196,107.41931462413788,107.91170666862291,193779900
2007-09-20,107.11685943603516,107.92578861616043,106.99727925404625,107.8624833551093,175186800
2007-09-21,107.40589141845703,108.21865787621542,107.24334028375714,107.92889562329619,141457500
2007-09-24,107.2080078125,108.00664694728096,106.97477662842434,107.72393757979847,139450200
2007-09-25,106.99600219726562,107.18682971457835,106.34578668433338,106.58608161175705,142289900
2007-09-26,107.56143951416016,107.97136021110678,106.99603128443152,107.60384324414342,135547000
2007-09-27,108.19743347167969,108.20450794405663,107.5613564446422,108.07022237997485,102713300
2007-09-28,107.83705139160156,108.26817386098143,107.41299261428071,108.02787891982221,133372100
2007-10-01,109.05264282226562,109.37068141913659,107.78047765052231,107.85115768727565,148162300
2007-10-02,108.90422821044922,109.30001056730423,108.70633703202172,109.27174502078333,112978800
2007-10-03,108.68515014648438,109.13041075140715,108.14094393871896,108.70635200536051,119055900
2007-10-04,108.85477447509766,109.02438934403963,108.55086319447368,108.91838005095089,76864400
2007-10-05,110.14811706542969,110.3248063704533,109.28587239417365,109.56857096850771,134579700
2007-10-08,109.5615463256836,109.89372320025448,109.384856957689,109.82304313935137,71280400
2007-10-09,110.59333801269531,110.60747617301213,109.56854246698516,109.97139915409039,94054300
2007-10-10,110.40962219238281,110.56510965538301,109.83715052600034,110.2824002752644,101711100
2007-10-11,109.87957000732422,111.3284247836298,109.2222800404391,110.91142973613852,233529100
2007-10-12,110.48731231689453,110.50145047510586,109.73815169551834,109.87243723788859,124546700
2007-10-15,109.5544662475586,110.50859309965055,108.79824139902405,110.44498751864779,161151900
2007-10-16,108.68515014648438,109.20815449537365,108.46605708192297,109.13041075140715,166525700
2007-10-17,109.01732635498047,109.61099996862593,107.75929907566719,109.53325622510603,216687300
2007-10-18,108.62147521972656,108.97485368772789,108.19035305739474,108.45184967275412,148367500
2007-10-19,105.78038024902344,110.59339648511526,105.77331655725862,108.1974892968477,297169900
2007-10-22,106.3952407836914,106.55072825475118,105.06654437317258,105.20789367842852,261989800
2007-10-23,107.25750732421875,107.39179296594519,106.19030745113764,107.04548871545376,180085100
2007-10-24,107.05961608886719,107.24337992879518,105.19377684208655,106.8687993409983,326694200
2007-10-25,107.31404876708984,107.63208746317386,105.92881020237549,107.17976312592346,237374500
2007-10-26,108.57207489013672,108.57207489013672,107.35645122602418,108.17629244773035,176484000
2007-10-29,108.9324951171875,109.15158813261644,108.52257463040517,108.79113504403124,106841000
2007-10-30,108.17626953125,108.66393378885726,108.04198392011055,108.45190444412448,132981600
2007-10-31,109.30000305175781,109.73819987465404,108.0207741705049,108.82647699420484,220954400
2007-11-01,106.7415771484375,108.4236633357229,106.43060214397167,108.33884510815585,333040800
2007-11-02,106.8616943359375,107.42710229433861,105.45525430651027,107.0949255231877,331228200
2007-11-05,106.04893493652344,106.83343597026263,105.28563575902632,105.75916185553406,226841000
2007-11-06,107.47654724121094,107.50481277747294,105.94287498864959,106.62136648575886,177800500
2007-11-07,104.53649139404297,106.81225112335648,104.28205829436003,106.32458678360896,306639700
2007-11-08,104.00641632080078,104.88278855062384,102.52929601760545,104.5930262272935,374509900
2007-11-09,102.5787582397461,104.27497151465049,102.40206890759934,102.96747692732114,277745100
2007-11-12,101.56102752685547,103.6176939729737,101.56102752685547,102.62823801140196,243087800
2007-11-13,104.65663146972656,104.81918264340989,102.63530498283032,102.7413142734365,191117400
2007-11-14,104.3668441772461,105.5895312278466,103.73783064186964,105.46232009641004,230558800
2007-11-15,102.86146545410156,104.23965098743656,102.14058068336296,103.58943548490622,263111100
2007-11-16,103.03816986083984,103.51877056250433,102.1759356434006,103.40568677572875,308770600
2007-11-19,101.6034164428711,102.73423233504131,101.20057042585744,102.67769046200684,267746000
2007-11-20,102.22537994384766,102.85439353718645,100.43728475881957,101.78719384950811,414767500
2007-11-21,100.13333892822266,101.7094149971892,100.12627523968398,101.12280532075991,259012400
2007-11-23,101.86489868164062,102.01331162530865,100.8542304763118,101.1157379222503,77688400
2007-11-26,99.61744689941406,102.39500890872786,99.41249201180855,102.07695947198694,214232000
2007-11-27,100.76239776611328,101.22884940811363,99.61744355762983,100.17578788780175,293897900
2007-11-28,103.98519134521484,104.22548620743814,101.87198341337559,101.90732343058704,258596900
2007-11-29,104.02056121826172,104.40221629844079,103.2572726264303,103.6247787530859,199409900
2007-11-30,105.06655883789062,105.9217292621916,104.12657019135041,105.33511931957196,222908000
2007-12-03,104.37391662597656,104.91812278606166,104.0982817004744,104.73436976381387,146430400
2007-12-04,103.44097137451172,104.27493959047652,103.40563136204966,103.65300066502644,136533900
2007-12-05,105.17253875732422,105.44817363801819,104.47991971070384,104.55058896119046,171130000
2007-12-06,106.67793273925781,106.86876020150116,105.00292163806319,105.04532534428195,154457400
2007-12-07,106.65670776367188,107.07369183010216,106.40227479725978,107.01714997264874,148980100
2007-12-10,107.4836196899414,107.60376710129667,106.62137517620849,106.91821186030808,123914300
2007-12-11,104.53649139404297,108.05614028610516,104.47994950697318,107.52607222712089,250346400
2007-12-12,105.56835174560547,107.26457601405913,104.0346894474524,106.76277350377273,322435600
2007-12-13,105.34927368164062,105.58250495619205,104.10538433496356,104.82628002137125,237551300
2007-12-14,104.0135269165039,105.37757485255841,103.96405948651076,104.5506588732661,159152900
2007-12-17,102.529296875,103.80145151399587,102.38087308217762,103.61769848007152,177269400
2007-12-18,103.10176086425781,103.52580878393971,101.74478810960625,103.25724833675275,245569300
2007-12-19,103.10176086425781,103.81558187215855,102.43740726073594,103.14416457779991,198917200
2007-12-20,103.75194549560547,103.79434919655698,102.60699164862649,103.7802110348206,214813800
2007-12-21,105.24762725830078,105.45366995242249,104.50869234927963,104.70763386136241,146084400
2007-12-24,106.0291519165039,106.206778993754,105.49627068475365,105.73785174935104,45601400
2007-12-26,106.25653839111328,106.34889711524325,105.51050236768856,105.61707429610709,67093100
2007-12-27,104.92073822021484,105.88702974718281,104.6720668702158,105.87992856855224,122981700
2007-12-28,104.65782928466797,105.58859301861347,104.37361958325879,105.53885225530752,116398100
2007-12-31,103.88341522216797,104.87812242809544,103.77683248057153,104.51576712625659,108126800
2008-01-02,102.97393035888672,104.43758610383757,102.22790555149768,104.11074761827753,204935600
2008-01-03,102.92420959472656,103.37183319220749,102.36291293438022,102.95973717002556,125133300
2008-01-04,100.40192413330078,101.91531025135677,100.11772515557485,101.84425508617726,232330900
2008-01-07,100.316650390625,101.05557411815224,99.54219908625157,100.75716198733387,234991000
2008-01-08,98.69671630859375,101.53163765230101,98.36277652080666,100.94902644991511,326365700
2008-01-09,99.73405456542969,100.03246677427819,97.83699855393039,98.82460473613033,301824900
2008-01-10,100.3876724243164,101.46054646290523,99.02349833982173,99.24375408929596,335701200
2008-01-11,99.57772064208984,100.82111000143841,98.76064054254442,100.02534428073368,267076600
2008-01-14,100.38059997558594,100.79269604220013,99.75534927568921,100.29534245887092,170365500
2008-01-15,98.17090606689453,100.52979823948294,97.979065838041,99.32192575702858,239940100
2008-01-16,97.32540893554688,98.84589603012694,96.8280553703094,97.59540551731634,378802600
2008-01-17,94.80309295654297,97.964862754028,94.44783889763396,97.91512198186386,397892600
2008-01-18,93.82970428466797,95.9328131728804,93.14762253386509,95.73387175877173,348561500
2008-01-22,92.87763977050781,94.09260281282944,89.5240399464635,90.38375428276123,435923700
2008-01-23,95.108642578125,95.3431116208323,90.12087121847982,90.29849829554628,511913000
2008-01-24,95.91155242919922,96.24549231279703,94.71789243556235,95.54918613255052,259949300
2008-01-25,94.5259780883789,97.16906867483625,94.21336368006493,96.99144167758236,269603900
2008-01-28,96.0891342163086,96.28807564777445,93.82971247109654,94.68232015473518,217934600
2008-01-29,96.56521606445312,96.9488858970168,95.8333931523134,96.70021441860507,168968300
2008-01-30,95.85466003417969,98.43379732491636,95.63440423561894,96.33069920818063,334939200
2008-01-31,97.60257720947266,98.43387109225986,94.63975721446108,94.78185678697555,343680800
2008-02-01,99.1727294921875,99.19404386949998,97.70908442876171,98.0074965526306,206843600
2008-02-04,97.92224884033203,98.97379797843196,97.79435172216716,98.9098548400971,124694300
2008-02-05,95.30049896240234,96.80677336120178,94.97366031510713,96.58651748305638,286882500
2008-02-06,94.53313446044922,96.09625060137748,94.07840956778833,95.62021132636504,250792900
2008-02-07,95.15839385986328,95.76943157564713,93.59527739947403,93.64501819612448,297368100
2008-02-08,94.54736328125,95.3644436503614,93.8581692273741,94.56156564416611,221643500
2008-02-11,95.03048706054688,95.37152801587412,93.81551307254236,94.56866099273908,188576300
2008-02-12,95.91155242919922,96.84941807137817,95.19393185991454,95.85471044459746,256654400
2008-02-13,96.89202117919922,97.38227368019096,96.01809893566885,96.63623773700775,181967800
2008-02-14,96.03941345214844,97.3396450482988,95.76941680682297,97.30411746209853,215207200
2008-02-15,96.01807403564453,96.07491599044614,95.14415201874523,95.56334923872599,154110300
2008-02-19,96.2881088256836,97.26150193943523,95.64154352988568,97.14071680310462,145190000
2008-02-20,96.57229614257812,97.01991988399854,95.03759546470584,95.2010201953339,220085700
2008-02-21,95.76939392089844,97.34672296608258,95.25783799954979,97.09805160509977,201051200
2008-02-22,96.35912322998047,96.52254792968415,94.39812440699373,95.89729721445856,205491000
2008-02-25,97.57412719726562,97.80148426475306,95.76232847296555,96.30231099455948,190107000
2008-02-26,98.30594635009766,98.72514371988352,96.98440024279958,97.16202734947137,212420700
2008-02-27,98.20649719238281,98.86016378764828,97.63098697489369,97.73755892572478,168395800
2008-02-28,97.24726867675781,98.0217309722546,97.01991165570563,97.51016412301668,170831100
2008-02-29,95.08021545410156,96.4017503389381,94.34128083212309,96.34491922170444,252715200
2008-03-03,94.85285186767578,95.07310769168053,93.95761537096422,94.5970684626874,189483500
2008-03-04,94.49049377441406,94.78179391029917,93.06947730894335,93.95050057897824,282513100
2008-03-05,95.08731842041016,95.75519789615576,94.02865724699474,94.79600744201127,270681400
2008-03-06,93.11918640136719,94.65388644246612,92.75683118672973,94.4833606018464,247911700
2008-03-07,92.16002655029297,93.60235737839754,91.35714878750254,92.20265530911456,326434600
2008-03-10,90.94508361816406,92.31635975317477,90.65377254523992,92.25241659321546,235683600
2008-03-11,94.21341705322266,94.29867459092677,91.62005491924656,92.8776578078706,341440600
2008-03-12,93.33238220214844,95.04471001773499,93.19028269296854,94.31288724603573,229161100
2008-03-13,93.5384292602539,94.2418364997742,91.37138725004638,92.0889968521038,351504200
2008-03-14,92.08898162841797,94.36260603077858,90.7887501323423,94.33419046890371,484687800
2008-03-17,91.15817260742188,91.84025417158489,89.57373748590068,89.92899146267044,405311100
2008-03-18,94.94522857666016,94.98785734046002,92.3518667500386,92.80659163306454,334416600
2008-03-19,92.59346008300781,95.66995192083883,92.39450775641924,95.30759653903023,345971600
2008-03-20,94.30852508544922,94.90116778244975,92.29496718273647,92.85905364278804,245320700
2008-03-24,96.19356536865234,96.97185094637219,95.13681013949282,95.18678628453581,208977300
2008-03-25,96.28638458251953,96.78620046916694,95.51523540233387,96.29352091833978,192947200
2008-03-26,95.10823059082031,96.45773886323447,95.0439708862217,96.00791003587551,196934300
2008-03-27,94.80831909179688,95.99360421258086,94.50842964470083,95.82223414488335,225153200
2008-03-28,93.9015121459961,95.22246399646865,93.58020277282273,94.95827798444098,180896100
2008-03-31,94.22999572753906,94.77265147103897,93.60164947020323,93.74445246636948,166692100
2008-04-01,97.54308319091797,97.70730610494084,95.32959843946072,95.40100539086428,254547300
2008-04-02,97.60729217529297,98.29989784225147,97.09319289888738,97.85720548013322,210910800
2008-04-03,97.8501205444336,98.13573748824545,96.90047552987974,97.07898203407252,175884800
2008-04-04,97.74298858642578,98.50700140069141,97.19318568518959,97.90721146517521,204446800
2008-04-07,97.79297637939453,98.94255832989673,97.6358898349655,98.44273156389406,154245500
2008-04-08,97.69300842285156,97.76440446080771,97.07179861114004,97.24316871353776,148937300
2008-04-09,96.98616027832031,97.67876642271463,96.31497404394455,97.54309972914852,195610600
2008-04-10,97.12178039550781,97.58589275023412,96.32206418936511,96.6933606102468,192967800
2008-04-11,95.23675537109375,96.47915316861112,94.97255844223167,96.02932436734393,222973300
2008-04-14,94.91549682617188,95.3510532407201,94.64417428092098,95.10115060969494,160522000
2008-04-15,95.1368179321289,95.45812741854382,94.48705172715744,95.37958413118277,172389200
2008-04-16,97.71442413330078,97.75726393327096,96.05074289839584,96.065015568274,189268900
2008-04-17,97.85724639892578,98.00004939204777,96.86475088824845,97.12180063393603,179665700
2008-04-18,98.87830352783203,99.6494528068351,98.7212169583034,99.2067602355293,218530600
2008-04-21,98.92829895019531,99.23532488335384,98.42848295716313,98.69980541328259,118587400
2008-04-22,98.49272155761719,98.7569076197445,97.75012861706651,98.67122800936141,162166000
2008-04-23,98.33564758300781,99.09251329195942,97.9072276859704,98.59983367891756,193309000
2008-04-24,98.76404571533203,99.77796096003465,97.85008274338493,98.59267561524791,229381300
2008-04-25,99.67800903320312,99.88507172755058,98.47130365171687,99.53519515277658,190788100
2008-04-28,99.69940185546875,100.14209425807078,99.52089544859162,99.87790826234588,105610200
2008-04-29,99.30671691894531,99.77082936521653,98.97112389650185,99.52806319009527,125514100
2008-04-30,98.72122192382812,100.3849036610287,98.72122192382812,99.45666776580819,208395900
2008-05-01,100.76337432861328,100.76337432861328,98.7284061862049,98.80694950437909,187279500
2008-05-02,101.04180145263672,101.6558641640595,100.36347902488579,101.63444425861677,181585500
2008-05-05,100.55626678466797,101.11320610386775,100.25637722011197,100.71335335112641,118504500
2008-05-06,101.42736053466797,101.53446003970056,99.74225931942233,99.97788912566239,179339800
2008-05-07,99.62093353271484,101.42027162292825,99.342463764336,101.31317205631125,199267300
2008-05-08,99.36383819580078,100.19211078242874,99.23530787951799,99.77797448911475,178321200
2008-05-09,99.17817687988281,99.52805343574039,98.8568674566338,98.96397786116268,152588200
2008-05-12,100.2920913696289,100.36348742869268,99.0568186114214,99.4281151621363,147865900
2008-05-13,100.30635070800781,100.59910392820917,99.77083130795805,100.53484421504402,159132200
2008-05-14,100.5134506225586,101.534502649591,100.29210428915565,100.72766061768732,181910800
2008-05-15,101.77008819580078,101.84149512811027,100.55624661271695,100.7061859173314,166927000
2008-05-16,101.86292266845703,102.01286198431687,101.11319340365078,102.00572564861798,204236800
2008-05-19,102.14140319824219,103.03393553850091,101.60588379408695,101.97003306665125,165664400
2008-05-20,101.31310272216797,101.63441209730388,100.67762030639527,101.58443596547558,178552100
2008-05-21,99.5994644165039,101.47734489294086,99.24958784643898,101.25599863449604,252724800
2008-05-22,99.61373138427734,100.08499100795098,99.24958216334878,99.55660801518036,170820400
2008-05-23,98.2785415649414,99.72087718491193,98.19286192846657,99.2853208742107,181376400
2008-05-27,99.00677490234375,99.24954094881802,98.19992262976056,98.39271255850852,168322900
2008-05-28,99.46380615234375,99.96362208372837,98.5355703396751,99.37097930252584,181288100
2008-05-29,99.96363830566406,100.6276772447263,99.3067357042189,99.34243918264816,173927200
2008-05-30,100.21355438232422,100.49202408908562,99.9208011047829,100.29923401665936,117362000
2008-06-02,99.17817687988281,99.86364642529368,98.53555803338477,99.84222652342166,181069900
2008-06-03,98.59983825683594,99.69229706031578,97.98577551999612,99.46381442774596,271965700
2008-06-04,98.54985809326172,99.3638471861361,98.15000533117194,98.3213645748272,246637700
2008-06-05,100.52057647705078,100.59911977056723,98.76407866956936,98.94972150189376,237867100
2008-06-06,97.31459045410156,99.82082847345913,97.26461430384946,99.6423219886694,384276300
2008-06-09,97.55023956298828,98.17858599984275,96.68627410748674,97.72160974445042,228263900
2008-06-10,97.064697265625,97.89297004970263,96.64342453576857,96.87190719282695,260234900
2008-06-11,95.6366195678711,97.29315379601583,95.62947233680052,97.08609110318622,283890100
2008-06-12,96.00072479248047,97.0146396791816,95.33668631755906,96.10783515290169,252791800
2008-06-13,97.2146224975586,97.47881949082537,95.97936073395566,96.51488016209903,244726900
2008-06-16,97.2717514038086,97.77156738610532,96.72195927086783,96.786218991055,185832500
2008-06-17,96.80052185058594,97.90725356936936,96.65770791703787,97.87156098115578,191707700
2008-06-18,95.85794830322266,96.76476397468956,95.47237922682633,96.17212134815087,265893000
2008-06-19,95.9793472290039,96.56485361773782,95.32244479699919,95.7865572113514,304204900
2008-06-20,94.42147064208984,95.50503881364216,94.16313513070196,95.32563945711357,289275700
2008-06-23,94.32813262939453,94.88785746783063,94.23485245609672,94.78739431605139,165096400
2008-06-24,94.14158630371094,95.03858287882875,93.42398904361669,94.04112312528436,267300600
2008-06-25,94.5865249633789,95.72750236335737,94.17750008116748,94.52194381613535,287853900
2008-06-26,92.01749420166016,94.3066312283749,91.90985899180363,93.69668012307908,297775000
2008-06-27,91.51518249511719,92.4695882149702,91.16356135221504,92.05338046836519,303423400
2008-06-30,91.83810424804688,92.50546995157201,91.35013786832063,91.77351764456618,258842600
2008-07-01,92.1251449584961,92.18972608763279,90.36702828705812,90.79040806650875,388622000
2008-07-02,90.54643249511719,92.68487497523456,90.38138269814566,92.41935651391086,288064600
2008-07-03,90.63970184326172,91.2137818011953,89.69247374505387,91.2137818011953,239352500
2008-07-07,89.71402740478516,91.3788532069709,88.92467133453769,90.9841779092641,372427300
2008-07-08,91.30708312988281,91.41472382481349,89.12558658029813,89.6924891304221,375973700
2008-07-09,89.5489273071289,91.6658361967539,89.26188742171439,91.49361445543737,336729400
2008-07-10,89.91492462158203,90.26654569031716,88.6806566539694,89.2906131333598,436475700
2008-07-11,88.86724090576172,90.34549496520617,87.89848571220699,88.96053205225289,481124600
2008-07-14,88.06352233886719,90.05844152210896,87.83389147190768,89.88621974059726,322720800
2008-07-15,86.82207489013672,88.61606770820204,86.12600480075432,87.40333228607537,502502500
2008-07-16,88.95335388183594,89.39108863951178,86.90102532202768,87.15218326294844,371642900
2008-07-17,89.8431625366211,90.60381925160058,89.04662924842309,89.80010845882613,375490600
2008-07-18,90.40290832519531,90.71864740754125,89.8073012650019,90.53924808638658,267030100
2008-07-21,90.4531478881836,90.99134589908155,89.83601373103394,90.78324201122102,222863000
2008-07-22,91.47927856445312,91.70890941205674,89.5919947319681,89.80727604683517,296904200
2008-07-23,91.97444915771484,92.67769148045022,91.52954231369173,91.77352277979044,311698400
2008-07-24,90.06558227539062,92.14661423764257,89.81442447258063,92.09637720225108,248634500
2008-07-25,90.04412841796875,90.76889788435363,89.82166949056459,90.33834051896478,219131000
2008-07-28,88.72370147705078,90.46028507601908,88.5658292453571,90.06560997161601,205201300
2008-07-29,90.61817169189453,90.68993031546461,88.723715560518,88.9677014504547,261505600
2008-07-30,92.23279571533203,92.28303279068074,90.61820151685356,91.21380869069685,354710000
2008-07-31,91.01288604736328,92.26150955430036,90.86936327222647,91.42191637554362,277402100
2008-08-01,90.53209686279297,91.33580250239201,90.0297753632095,91.22098975737818,248690900
2008-08-04,89.6925048828125,90.51774305577062,89.52746053312136,90.44598440482515,188239600
2008-08-05,92.11077880859375,92.25429606143213,89.67812469160715,90.43159848125701,251577600
2008-08-06,92.51980590820312,92.78532432993653,91.47929758609295,91.86680074852994,209555400
2008-08-07,91.14202880859375,92.16819310131484,90.80475722307365,91.82374401029807,246312500
2008-08-08,92.83552551269531,93.23737810294072,90.68991189716228,90.8334345899863,260811700
2008-08-11,93.79714965820312,94.371218749226,92.73509775054549,92.90732504765198,249425800
2008-08-12,92.82121276855469,93.78996252905863,92.3762950081243,93.48857298470192,213200800
2008-08-13,92.2614974975586,93.03649300785062,91.61565330609297,92.41935884249459,256393200
2008-08-14,92.9575424194336,93.48856832329842,91.67304816707822,91.73762929129198,239555300
2008-08-15,93.40959930419922,93.64640762594831,92.78529342391779,93.23737208392865,181000800
2008-08-18,92.13231658935547,93.63209231323212,91.6084736280794,93.59621025842344,172275100
2008-08-19,91.127685546875,91.63000697458843,90.79759142429188,91.43625262502518,194673700
2008-08-20,91.55108642578125,91.81659398546608,90.66126162217732,91.41474115469927,225498200
2008-08-21,91.70895385742188,92.16821577520349,90.84783365545591,90.95547436505589,180609800
2008-08-22,93.0364990234375,93.0364990234375,91.7089503961989,92.33325663361558,167715300
2008-08-25,91.14918518066406,93.03646366446111,90.95543636419879,92.42651267284235,171936900
2008-08-26,91.41471099853516,91.7591600790175,90.83345899223062,91.14919805160434,159117200
2008-08-27,92.30455017089844,92.44806745024447,91.35014438623087,91.52954372283003,171032800
2008-08-28,93.42398834228516,93.53162355062518,92.64898199324149,92.77097221258191,167537100
2008-08-29,92.41936492919922,93.38812580536653,92.21843853186587,93.09390824153292,189195800
2008-09-02,91.84524536132812,93.79711569800949,91.5079738701484,93.30914400771587,252364900
2008-09-03,91.76628875732422,92.21120080217227,91.08457389852414,91.76628875732422,251947000
2008-09-04,89.00358581542969,91.29990029449586,88.9533542270506,91.1133234770167,340042500
2008-09-05,89.28348541259766,89.66381123623087,87.54690066420251,88.47260215607466,289503400
2008-09-08,91.127685546875,92.02468770530372,89.28346058439611,91.88115947619521,364075300
2008-09-09,88.42234802246094,91.39320066990243,88.12095844369635,91.20662382240528,377326800
2008-09-10,88.78114318847656,89.62790826302076,87.94155562023778,88.90313342150273,298916600
2008-09-11,90.06558227539062,90.23062648516742,87.25977596089025,87.63292938920468,375369400
2008-09-12,90.48184204101562,90.56795568901373,88.86007606496537,89.19017017004197,297851200
2008-09-15,86.17627716064453,90.16612279896538,86.03275985721729,87.28137791650371,483607000
2008-09-16,87.61863708496094,87.7765093810783,83.95889162204367,84.1024089049685,581744300
2008-09-17,83.67898559570312,87.4391922972625,83.24125099301205,85.85330360342702,624095600
2008-09-18,86.16191864013672,87.3961870303743,81.66258540113526,84.71237431719508,776114700
2008-09-19,89.583740234375,92.38413226119403,89.01355625729263,91.44585371530692,501087800
2008-09-22,87.55560302734375,90.03842797363377,86.86994185059444,89.82190049333265,249966500
2008-09-23,85.56353759765625,88.06800760584287,85.36866184798501,87.223560707988,327470400
2008-09-24,85.83781433105469,86.61008739002153,85.01501894137117,86.1409483153547,311818400
2008-09-25,87.1802978515625,87.98866089735694,85.48418422152892,86.17706447227155,328253000
2008-09-26,87.22357940673828,87.69271850829269,85.53468524896809,85.76564527498422,285917400
2008-09-29,80.38861083984375,86.13374717012452,80.09269584314283,85.98939919707854,459562300
2008-09-30,83.71588897705078,84.30051097582093,79.77512955305835,81.92594975113525,328154400
2008-10-01,83.76641845703125,84.22112510664152,82.24352342179684,83.19623451197222,332783000
2008-10-02,80.72784423828125,83.0807539232194,80.15766031582419,82.96527112582528,365337800
2008-10-03,79.63801574707031,83.32616440196537,79.16166287240289,81.4568316487708,461798000
2008-10-06,75.581787109375,77.67486670630791,72.63704086982216,77.33564275873114,610637500
2008-10-07,72.1967544555664,77.46553916299683,71.92249104725289,77.11187719455177,540012100
2008-10-08,70.37791442871094,73.74848897815146,69.87268561950842,70.38512797123423,725414800
2008-10-09,65.46281433105469,72.62258852719144,65.13802857952781,71.92970821915044,534485200
2008-10-10,63.874935150146484,67.80126060959805,60.3239231277711,62.619090509359225,871026300
2008-10-13,73.14947509765625,73.14947509765625,64.92151120732179,67.75077978991132,455584000
2008-10-14,72.0667953491211,76.16633892279616,70.08920027327855,75.5672846112078,546268300
2008-10-15,64.97203063964844,70.58725874020506,64.7482895640402,70.34186050643657,484627500
2008-10-16,67.6785888671875,68.4003398674014,62.46033221929394,65.88864947030997,708811200
2008-10-17,67.27439880371094,71.15741655228211,66.14846919400736,66.39386184985672,476649000
2008-10-20,71.31621551513672,71.52552396875824,67.9095498678902,68.81895768205051,321294200
2008-10-21,69.18704986572266,71.1935167230689,68.7251296758238,69.9881938996304,356502000
2008-10-22,65.41950225830078,69.18704290200826,63.17485648025319,67.26718283192615,516168000
2008-10-23,66.17732238769531,66.72584894623587,61.93342481533162,65.1668703225363,634666400
2008-10-24,62.82121276855469,64.89985383388984,60.62708889077248,60.67039219217834,545812600
2008-10-27,60.59098815917969,64.60392706039343,60.410550427310156,62.04892811633815,397288600
2008-10-28,67.6713638305664,68.01780116818739,61.00960080695995,63.03771901107763,639939500
2008-10-29,67.1805648803711,70.13252296946591,66.47324668303203,67.67856918122627,531270100
2008-10-30,69.50464630126953,69.67786505626164,67.05069099502744,69.12933257450753,414582100
2008-10-31,69.88714599609375,71.14299111061024,68.19103236038352,68.62408183023167,411394000
2008-11-03,70.08924102783203,70.5078579352347,69.25200721302672,69.85106187294537,205419400
2008-11-04,72.47103118896484,72.79581698402109,69.80054879313151,71.49666279074823,346793400
2008-11-05,69.4251937866211,72.68750416082982,68.56630878813587,71.5976591845822,387844100
2008-11-06,65.57827758789062,68.88389754620408,65.00087475004212,68.17657934516575,477721900
2008-11-07,67.74352264404297,67.84456730376094,65.31843979776984,66.1484542224711,380391000
2008-11-10,66.85578155517578,68.94886019355049,65.62158821996184,68.71790013385879,301773000
2008-11-11,64.79153442382812,66.50208494495925,63.98317745709788,65.50607132244427,418498200
2008-11-12,61.940650939941406,64.19972887056777,61.435427602907204,63.6800729409846,454330600
2008-11-13,65.80200958251953,66.20619371640511,59.248511946277695,62.16438541667412,753141900
2008-11-14,62.51805877685547,66.44437954133453,62.44587928875356,64.53174425011414,540352300
2008-11-17,61.68806076049805,63.91826877639943,61.4643197056599,62.344851327435904,415254900
2008-11-18,62.850067138671875,62.951111820042556,59.84036732958337,61.45708773803644,523811800
2008-11-19,58.822696685791016,62.698500891485,58.40407985406913,62.00562070787061,558327600
2008-11-20,54.45610809326172,59.551673649345354,54.167412112550934,57.833902828892754,814180400
2008-11-21,57.39363098144531,58.38965077948738,53.65496097956528,55.90682584196198,718536500
2008-11-24,61.370479583740234,62.78511072009944,57.99990412333997,59.12583379163102,523305300
2008-11-25,61.825199127197266,63.16043750167495,60.497174298702454,63.008870438179784,454112400
2008-11-26,64.21417999267578,64.37296607552403,60.80029573100606,60.84360453047899,370134200
2008-11-28,65.02253723144531,65.05140792880236,63.86052332532847,63.96878155726429,118308100
2008-12-01,59.26298141479492,63.18930903853207,59.082543645417644,63.160438334648866,369927100
2008-12-02,61.543678283691406,61.702464314909975,59.212426662497336,60.24453035889727,469508400
2008-12-03,63.023292541503906,63.39138706670751,60.00637335944528,60.19403014769925,519863500
2008-12-04,61.56535720825195,63.550172287566355,60.43942200064184,62.11388395638435,444173800
2008-12-05,63.46353530883789,63.81719158793109,59.35677232016196,60.37444338675243,471905300
2008-12-08,65.67935943603516,66.6753741132657,63.5718472460272,65.2030009991914,412859300
2008-12-09,64.59671783447266,66.4949210801093,64.2214097179695,65.2246432192344,370790000
2008-12-10,65.0369644165039,65.93915290801404,64.23582059552119,65.18853142229501,396187400
2008-12-11,63.47077941894531,65.67933553302346,63.059381603449914,64.62557982151812,365061000
2008-12-12,64.2286376953125,64.28637911283269,61.49319998869565,61.745817313715335,415060400
2008-12-15,63.333621978759766,64.34407402901277,62.27986664992413,64.25024291672285,256694200
2008-12-16,66.31448364257812,66.41552834776249,63.644006994379616,66.31448364257812,377699500
2008-12-17,65.67212677001953,66.71145004841719,65.00089807047497,65.56386301076586,281819800
2008-12-18,64.44514465332031,66.1629099764065,63.6656522855913,65.96803963773569,374673300
2008-12-19,64.16795349121094,65.93604672456522,64.09518802095833,64.830075970947,301451300
2008-12-22,63.345726013183594,64.51717857928031,62.203378513780294,64.45169634263802,243759500
2008-12-23,62.690879821777344,63.978747070142184,62.42893977952963,63.6877019619532,221625200
2008-12-24,63.0546760559082,63.20747346744639,62.57445086145421,62.90187309314706,62061600
2008-12-26,63.41849899291992,63.52036396284176,62.938273662238764,63.4767035820006,74767700
2008-12-29,63.23657989501953,63.542174724695634,62.28340713880634,63.476686946209,127795900
2008-12-30,64.73545837402344,64.79366850252775,63.214750686382665,63.673148509324925,168256300
2008-12-31,65.65953063964844,66.19068842905781,64.6627084044691,64.81550585180554,193987200
2009-01-02,67.63861083984375,67.98786600960712,65.37574376726455,65.80503646444822,227566300
2009-01-05,67.5585708618164,68.14793859246207,66.8600660988497,67.39849581278234,240349700
2009-01-06,68.00969696044922,68.72275154033623,67.43488448412722,68.13338930882635,328260900
2009-01-07,65.97239685058594,67.12929962815399,65.6304192650707,66.94011947529421,280899200
2009-01-08,66.24162292480469,66.27800009838609,65.24479510810421,65.60132804728305,263834400
2009-01-09,64.8227310180664,66.44530272889732,62.10875055242834,66.32888808955559,330953600
2009-01-12,63.265655517578125,64.6917752866849,62.87275119990898,64.64083728308304,277858500
2009-01-13,63.382083892822266,63.94234094122168,62.719956375310375,63.105594194436044,356432300
2009-01-14,61.3884391784668,62.39253867710445,60.508032010219324,62.23974128934799,435491600
2009-01-15,61.4102897644043,62.028757201031915,59.46029459456922,61.20655983715982,532647300
2009-01-16,61.89051818847656,62.567195856649796,60.42802576954163,62.472608534664815,399237200
2009-01-20,58.62351608276367,61.89048223611189,58.2451614633861,61.286570375445095,419855200
2009-01-21,61.155609130859375,61.293851225307904,58.5507645773985,59.62035192791706,364360700
2009-01-22,60.209720611572266,61.14833807033448,59.06009561080398,59.96960800674918,427940300
2009-01-23,60.471656799316406,61.11195148710641,58.62352706155067,58.86363965118046,386800600
2009-01-26,60.88640594482422,62.10879098539925,60.25338323678977,60.82091815719535,317978800
2009-01-27,61.504878997802734,61.95599924454965,60.60992171065519,61.213833856392604,273789700
2009-01-28,63.58582305908203,63.9932827904352,62.625378298590626,62.8654908765191,330007000
2009-01-29,61.519439697265625,63.65860973889306,61.461229553639406,62.65450974185262,294392500
2009-01-30,60.26795196533203,62.13790988800001,59.81683165960519,61.832314947616545,383383600
2009-02-02,60.08602523803711,60.522590055904026,59.16195758151635,59.35113770470705,288233300
2009-02-03,60.93008804321289,61.38120845042538,59.82412277392676,60.46441787180544,278385800
2009-02-04,60.631744384765625,62.11606949381473,60.42073681251991,61.337526993361045,322989300
2009-02-05,61.533973693847656,62.05785374982685,56.55712426449222,60.17334107908079,417679400
2009-02-06,63.28750228881836,63.549436707385624,61.61399754307719,61.74496752797191,366101700
2009-02-09,63.37481689453125,63.84048675494615,62.80728209910202,63.27295195951691,240075200
2009-02-10,60.471656799316406,63.32388616023022,59.99143162005682,62.770901104143576,536212800
2009-02-11,60.828189849853516,61.15561765345884,59.95506014268592,60.71904724865175,324442500
2009-02-12,60.8718376159668,60.98825229557825,58.97277562246546,59.78769503341202,469302200
2009-02-13,60.21697998046875,61.293839221599484,60.20242467786833,60.791792306313724,293998400
2009-02-17,57.64128112792969,60.362541730827246,57.60489839731603,58.325236494644294,478910100
2009-02-18,57.503013610839844,58.16514133166043,56.95730614691125,58.05599872863003,362964800
2009-02-19,56.88452911376953,58.317921175112744,56.76810889197314,58.09235838318766,316867500
2009-02-20,56.331565856933594,57.00096573639509,55.13100822560609,55.829518722949395,477176600
2009-02-23,54.31607437133789,56.95001837656169,54.27241400714744,56.95001837656169,379641400
2009-02-24,56.37520980834961,56.717181751697886,54.35244989910511,54.78174256821136,426260900
2009-02-25,55.931392669677734,57.05918504000204,55.0291521119486,56.12784496216205,461985800
2009-02-26,55.0218620300293,57.96867876181783,54.9563742531151,56.62260157189791,363353900
2009-02-27,53.79219055175781,55.07278530210008,53.70487538086334,53.85040066568747,470510900
2009-03-02,51.369266510009766,53.78493156415408,51.20191931341672,52.7662764217796,426452600
2009-03-03,50.983638763427734,52.16964121120253,50.67076620280654,52.10415896771701,443761000
2009-03-04,52.19147491455078,53.02094998443712,50.983639483985876,51.82766986455767,462753100
2009-03-05,50.0595588684082,52.191455907003665,49.601161119576545,51.005448323173184,485549400
2009-03-06,50.146873474121094,51.26011574399004,48.82262366500817,50.496128672130496,490470000
2009-03-09,49.55751419067383,50.932696553521026,49.28102440782371,49.441093933964275,379905300
2009-03-10,52.51161575317383,52.65714109329022,50.474310952561346,50.57617591503077,406227900
2009-03-11,52.85358810424805,53.66123562005111,52.26422580128716,53.11552813916923,356648300
2009-03-12,54.934547424316406,55.11644989923136,52.366085366712916,52.839032911736396,409702700
2009-03-13,55.363826751708984,56.01140457772556,54.374282535582495,55.30562218691722,337474700
2009-03-16,55.19650650024414,56.73176436298791,55.160123772203335,55.99687655611781,360644900
2009-03-17,56.88452911376953,57.015499087679615,54.8981521013369,55.34927213396534,356814300
2009-03-18,58.15788269042969,58.8636654627034,56.07691710358716,56.6153470896745,473273200
2009-03-19,57.43751525878906,58.93638956263294,57.25561282186735,58.885457102343736,428520400
2009-03-20,56.21443557739258,57.826637598974415,56.08252819009001,57.716713844396544,371078200
2009-03-23,60.25227355957031,60.30357057609935,57.386953603712485,57.70206544552095,419933300
2009-03-24,59.06511306762695,60.354873950303585,58.99916214983768,59.53411600842644,330271000
2009-03-25,59.68801498413086,60.604037347858814,57.93658067195955,59.526799744518456,441775100
2009-03-26,60.90447998046875,61.04371713368597,59.59273561608262,60.27425630616133,422025200
2009-03-27,59.80524826049805,60.479439149868035,59.58540073133374,60.12768981235104,322332300
2009-03-30,57.738739013671875,58.530183906843156,57.130498646274035,58.478886863264925,324108500
2009-03-31,58.2736701965332,59.416869789935554,57.9292505198406,58.302983580051844,364238300
2009-04-01,59.402225494384766,59.66604042256512,57.40163547846773,57.54819684258674,377018300
2009-04-02,61.13898468017578,62.00370984278936,59.453501630536444,60.88249958765389,476230700
2009-04-03,61.747222900390625,61.761876794828986,60.582039813619176,61.18295012279174,284646300
2009-04-06,61.26356506347656,61.76188137567382,60.303575564329066,61.073030875912806,264866600
2009-04-07,59.834556579589844,60.56737416025609,59.73196256557292,60.2742460097987,258947800
2009-04-08,60.47944259643555,60.779900530685424,59.75395465437752,60.135017390229194,230402800
2009-04-09,62.883087158203125,62.8904169009166,61.79852005674087,62.04767539944376,269653500
2009-04-13,62.89775085449219,63.41805080287132,61.98172863742556,62.23088399680885,224847500
2009-04-14,61.81318283081055,62.84645865457739,61.615324476768144,62.31149917875611,276598800
2009-04-15,62.47273254394531,62.59731025821488,61.27091150885158,61.439456512638074,250726100
2009-04-16,63.38871383666992,63.865046330511966,62.12093709991684,62.97100808473696,335202900
2009-04-17,63.81376647949219,64.23147234368663,63.12491605431157,63.630562055004184,262649000
2009-04-20,61.13898468017578,63.79178692943746,61.073028175838324,62.68523056917936,293690100
2009-04-21,62.333499908447266,62.384796946963064,60.6406920464681,60.69198908498389,114090900
2009-04-22,61.9524040222168,63.271472421042766,61.60797883649874,61.769199612022504,340395200
2009-04-23,62.5606575012207,62.59729503658993,61.28555050572002,62.07699507031573,324903700
2009-04-24,63.5059928894043,63.98231998407232,62.79515873268224,63.04431409968052,287703000
2009-04-27,62.90510559082031,63.76250705198454,62.685263506411985,62.787857597327594,289581600
2009-04-28,62.707252502441406,63.454724598696146,62.11367155568149,62.26756270517632,247926300
2009-04-29,64.04093933105469,64.75177340543341,63.24217070954816,63.40338590960094,311505700
2009-04-30,64.06292724609375,65.23543454406224,63.696518366043854,64.89101489321823,301419800
2009-05-01,64.40734100341797,64.64184242119771,63.5499457188128,64.07757530655593,236110300
2009-05-04,66.59849548339844,66.64246836370206,64.76645054787514,64.89103385261838,287120000
2009-05-05,66.37130737304688,66.63512222613993,65.83634792345372,66.37130737304688,243036300
2009-05-06,67.52183532714844,67.56580260844032,66.40062492655419,67.18473979167906,291941000
2009-05-07,66.58380889892578,68.26196190699946,66.15877334069827,68.15936788824864,317728000
2009-05-08,68.13739013671875,68.31326481391001,67.00885024207734,67.44120998828821,299081700
2009-05-11,66.86224365234375,67.49979666617689,66.71568244019795,67.19933891304058,247923600
2009-05-12,66.66444396972656,67.29466779882843,65.84368592483753,67.14810086708569,282431300
2009-05-13,64.98628234863281,65.96093135877804,64.85437492176386,65.76306742299658,269619100
2009-05-14,65.5432357788086,66.04155218215391,64.85438515304851,65.01560598809509,260098700
2009-05-15,65.00825500488281,65.95359047257095,64.59787889771468,65.4919173520068,271502700
2009-05-18,66.85498046875,66.93558529526537,64.90568214217474,65.62384615484905,241447400
2009-05-19,66.77436828613281,67.39726237571558,66.54719093791749,66.81833557051657,206102200
2009-05-20,66.32734680175781,68.00550039048395,66.25406613314514,67.38260072988473,285722200
2009-05-21,65.37468719482422,65.80705268300733,64.67851239418822,65.55789167825023,258988400
2009-05-22,65.23544311523438,65.95360707451104,64.98628772772314,65.55788476114918,166811900
2009-05-26,66.90624237060547,67.09677090190826,64.72244368276547,64.75175705472452,236318500
2009-05-27,65.71174621582031,67.23600801175779,65.6091522094547,67.00883636779882,246015800
2009-05-28,66.6277847290039,66.93556682480934,65.29405672289161,66.29068925393766,289095000
2009-05-29,67.80763244628906,68.66502795962852,66.45192058835843,66.99420421333943,258641500
2009-06-01,69.44914245605469,69.74227070272995,68.46716925929225,68.6430439709149,276246800
2009-06-02,69.50775909423828,69.88882743667006,69.05341568951138,69.17799335913293,230874500
2009-06-03,68.62837982177734,68.98012919247306,67.97617250561339,68.91417828207591,235310500
2009-06-04,69.27327728271484,69.37587134453399,68.37191436945277,68.8848846785485,210102300
2009-06-05,69.28794860839844,70.10870124315895,68.73833507292503,69.97679377100701,284257900
2009-06-08,69.00212097167969,69.69096584432793,68.18136309144857,68.76761392793738,238565100
2009-06-09,69.35387420654297,69.72028309630322,68.89952517049612,69.39051733190138,225125500
2009-06-10,69.1780014038086,69.97677012175265,68.29129253716404,69.9694459692447,296100400
2009-06-11,69.48579406738281,70.43112984307952,69.29525984513712,69.30991933428669,275414200
2009-06-12,69.67630767822266,69.7202749507512,68.88486322697705,69.17799142272972,184361800
2009-06-15,68.07879638671875,68.8995490054998,67.71238737020354,68.85558171262448,224190500
2009-06-16,67.15542602539062,68.36457657265109,67.1114587443487,68.32060929160917,227319000
2009-06-17,67.0894775390625,67.6610745771811,66.56184778358177,67.12611507760852,223445200
2009-06-18,67.5804443359375,67.91021004087652,66.86961032342609,67.19205187737889,211725100
2009-06-19,67.82957458496094,68.31596365147014,67.44635350464219,68.22753234258118,215655600
2009-06-22,65.7955551147461,67.20314643349536,65.77344729257327,67.1662963148482,251913600
2009-06-23,65.84712219238281,66.23770859392911,65.47864360639014,65.93555907713437,188309800
2009-06-24,66.41458892822266,67.12206720855526,66.03136801228985,66.44406789272038,211577700
2009-06-25,67.85901641845703,67.92533986382062,66.00925237864593,66.08294696989556,279411000
2009-06-26,67.68214416503906,67.97692815916257,67.2620788007376,67.63055738775773,167579000
2009-06-29,68.31593322753906,68.40437011958338,67.5052813960141,67.88113115903055,168481300
2009-06-30,67.76322174072266,68.58124479660084,67.26209054993727,68.33068201247715,228888200
2009-07-01,68.04327392578125,68.70653666968387,67.95483701908142,68.05063945110243,173041100
2009-07-02,66.18614959716797,68.06539342352222,66.14930509662614,67.15893324759456,212309900
2009-07-06,66.17878723144531,66.27458968447709,65.33865611242923,65.54500331744516,174499600
2009-07-07,64.896484375,66.19353132367665,64.85226871826862,66.1124655379756,197088900
2009-07-08,64.85221862792969,65.44178650083434,64.11526159806685,65.28702057673152,248050500
2009-07-09,64.9775161743164,65.5154974141659,64.78591134700548,65.30177914751542,163777600
2009-07-10,64.82279205322266,65.21337869506458,64.37324745194107,64.63118149631399,173520300
2009-07-13,66.39987182617188,66.45145862798002,64.55010686555435,65.08071718274661,217413500
2009-07-14,66.77570343017578,66.83466136537491,66.12718301059977,66.6062007721128,181487400
2009-07-15,68.72863006591797,68.91286936597054,66.82727913996659,67.66003875209077,220877900
2009-07-16,68.61810302734375,69.6498444977709,68.4043847095558,68.53703726464698,231174500
2009-07-17,69.3697738647461,69.50979752116474,68.93497184907925,69.31818708962398,138561700
2009-07-20,70.10676574707031,70.22468164722842,69.41402951252995,69.7751371173199,164179400
2009-07-21,70.43101501464844,70.67421229404671,69.58351292199715,70.65210447274477,217718300
2009-07-22,70.41627502441406,70.84370600204097,69.9298804885286,69.98146727664934,196068100
2009-07-23,71.97124481201172,72.28076549503712,70.40152233481344,70.46048026182896,258795500
2009-07-24,72.26603698730469,72.32499492556688,71.25640900162234,71.63225320733228,154003100
2009-07-27,72.47975158691406,72.51660170207647,71.73542311643118,72.13338074552485,159259400
2009-07-28,72.14078521728516,72.4945273696197,71.52910900727997,71.97128810333336,186685200
2009-07-29,71.96389770507812,72.28815516690709,71.47013755209142,71.80913731186763,194399300
2009-07-30,72.71558380126953,73.57045706636747,72.66399700924042,72.83349968164386,225575400
2009-07-31,72.81874084472656,73.30513530697937,72.50184901637508,72.7008306136739,207358000
2009-08-03,74.01998901367188,74.08631246827176,73.18722371122207,73.58518130643445,175776900
2009-08-04,74.21158599853516,74.3147595542402,73.53358674031996,73.68834707387754,176714600
2009-08-05,73.99790954589844,74.32953819102835,73.3862334361754,74.26320908847846,184726400
2009-08-06,73.61465454101562,74.44741415610159,73.26828375607896,74.3368750737067,193203800
2009-08-07,74.5800552368164,75.19173097074331,73.98312179330549,74.38845044169956,220640900
2009-08-10,74.42530822753906,74.59481086240635,73.8946981284348,74.24106892215771,130898700
2009-08-11,73.49675750732422,74.14527793813272,73.29777587821528,74.09369114957452,157301000
2009-08-12,74.28531646728516,74.84540010562311,73.33464064038233,73.37148514097491,219052400
2009-08-13,74.85274505615234,74.88222401983234,73.88733289141649,74.62429011580414,176449500
2009-08-14,74.27790069580078,74.87483409866375,73.47461459892008,74.81587618608725,199616100
2009-08-17,72.45025634765625,72.921908478608,72.30286716518516,72.84821388737247,237667500
2009-08-18,73.02509307861328,73.28303262076601,72.47974627392195,72.61239880722933,173461500
2009-08-19,73.66626739501953,73.91683585639207,72.37659183357478,72.4502864554352,192812800
2009-08-20,74.42530822753906,74.59481086240635,73.59991973785455,73.76204560365872,174131300
2009-08-21,75.88448333740234,76.00239356498966,74.88959224775978,75.03698143787824,224605000
2009-08-24,75.87712097167969,76.6067071055074,75.60444475361538,76.19401282738875,191279000
2009-08-25,76.02454376220703,76.83519594488911,75.86241220116263,76.17930417342035,215310600
2009-08-26,76.03189086914062,76.378261734267,75.53075963029498,75.78869358649379,194620700
2009-08-27,76.20138549804688,76.43721160776367,75.12542852105543,75.98766720759448,196230100
2009-08-28,76.1866455078125,76.90149500585126,75.6634064867571,76.81306372611905,147024400
2009-08-31,75.50865936279297,75.59709628056798,75.01489922259545,75.44233589136604,176051600
2009-09-01,73.84312438964844,76.08347541347018,73.68836402049955,75.13279975509415,321276800
2009-09-02,73.56307983398438,74.01999539883654,73.37884050304146,73.53360086632892,171805000
2009-09-03,74.17475891113281,74.26319019531523,73.39358029144482,73.99051957236823,143572300
2009-09-04,75.21385955810547,75.23596737729932,74.10105809340364,74.32214190788004,142687900
2009-09-08,75.86237335205078,75.94343909105923,75.45704465700857,75.90658898331465,132909100
2009-09-09,76.44454956054688,76.70248337752555,75.75917934826893,75.99500535558309,154612500
2009-09-10,77.22574615478516,77.27733293421238,76.06872356831413,76.49616009644667,162902400
2009-09-11,77.21104431152344,77.60163655756769,76.8499366663552,77.37317588110025,152360100
2009-09-14,77.58686065673828,77.71951319053171,76.01714369229742,76.55511935196019,149593800
2009-09-15,77.91117858886719,78.19859167764511,77.20369978398753,77.71219683661063,196795900
2009-09-16,79.09025573730469,79.10499240911336,77.91849635095787,78.19116694845252,206406300
2009-09-17,78.97235107421875,79.63560818068477,78.53754332088438,78.97971659937448,229170900
2009-09-18,79.02267456054688,79.34848199434914,78.75610586913,79.34107573922161,153799100
2009-09-21,78.82276153564453,79.23002091221043,78.23779719376782,78.40810155173641,151892000
2009-09-22,79.28185272216797,79.50399522551584,78.93383210327163,79.28925897876451,143126700
2009-09-23,78.62285614013672,79.99272017735885,78.48216547735632,79.46698881817933,225947400
2009-09-24,77.75651550292969,78.96347583172486,77.41590103558848,78.7931714227144,228636800
2009-09-25,77.34182739257812,78.01565552295475,77.07525864312349,77.58618302113132,204059000
2009-09-28,78.72652435302734,78.89683440694839,77.62322907984536,77.63803594790278,118285800
2009-09-29,78.48957824707031,79.24485283506758,78.32667444493042,78.86721836572913,133733900
2009-09-30,78.18595123291016,78.83015991437547,77.46770258951027,78.75611430312289,254383000
2009-10-01,76.24592590332031,78.2896174239311,76.23111339231978,76.26813902050341,281840600
2009-10-02,75.89051055908203,76.34219617451609,75.52027681851763,75.54248993906053,224748800
2009-10-05,77.02342224121094,77.24556473760501,75.97195981015814,76.19410230655222,149875000
2009-10-06,78.1267318725586,78.57101126752134,77.53435557972892,77.5787818244295,202491100
2009-10-07,78.3414535522461,78.42290541857884,77.80090986197588,77.9490010829529,159200300
2009-10-08,78.94126892089844,79.35592906173801,78.37851183738707,78.89684266275727,183305800
2009-10-09,79.42255401611328,79.42255401611328,78.7561320658982,78.96346208389416,135008300
2009-10-12,79.7335433959961,80.03713214389734,79.43735525584248,79.79278215389058,118031000
2009-10-13,79.57064819335938,79.75576509469774,79.05232312933978,79.51881568695742,157692700
2009-10-14,80.94051361083984,81.02196550086106,79.54103026312211,80.50364042738026,191421600
2009-10-15,81.23666381835938,81.23666381835938,80.51100905465618,80.54802902870482,173873600
2009-10-16,80.62948608398438,80.91086163204348,80.14078059005887,80.56284673680616,192069400
2009-10-19,81.29591369628906,81.54766989185988,80.51102008737091,80.76277628294174,159530400
2009-10-20,80.86644744873047,81.44401114092771,80.4740006142538,81.41439176577424,180921100
2009-10-21,80.14078521728516,81.680953039499,80.08154647238372,80.74056197378869,225379300
2009-10-22,80.9553451538086,81.2145077514601,79.60028773696098,80.11121232184604,238444000
2009-10-23,80.02973175048828,81.27371742301003,79.69651797342846,81.22188492204324,240033200
2009-10-26,79.16339111328125,80.94050877289102,78.9412485811704,80.11858931312784,242028200
2009-10-27,78.80057525634766,79.51882986549941,78.60805771213913,79.25226102809627,253266300
2009-10-28,77.31222534179688,78.84499305801695,77.26779344396418,78.60063739255533,248821400
2009-10-29,78.9708480834961,79.12634555710409,77.70464952755853,77.88976637461346,198110600
2009-10-30,76.68283081054688,78.94866574335612,76.59397830488537,78.71171631272534,325608100
2009-11-02,77.24557495117188,78.05268752209128,76.32739676668848,77.104884308232,254222900
2009-11-03,77.48992919921875,77.60100046009453,76.6680097777846,76.81610102607297,228362600
2009-11-04,77.68988037109375,78.73394268279615,77.48995655040657,78.1267593115894,247996700
2009-11-05,79.11896514892578,79.14117827393837,78.07490872809664,78.23781251061516,180015300
2009-11-06,79.32628631591797,79.52621571732635,78.52658565824161,78.68208316527088,170954100
2009-11-09,81.133056640625,81.17748290085356,79.87426364003382,79.9334967705649,159495700
2009-11-10,81.14784240722656,81.39960433146297,80.68875610606766,80.94051238098454,171899800
2009-11-11,81.5625,82.05861189194367,81.17005311087085,81.6809718677942,169466200
2009-11-12,80.7331771850586,81.87349790568975,80.52584717209278,81.45143162234672,157144500
2009-11-13,81.17005920410156,81.5180742257784,80.52585036740733,80.94051040979292,150963000
2009-11-16,82.34740447998047,82.70283142819162,81.68838874102117,81.73281499105269,210922200
2009-11-17,82.44367980957031,82.48070545825195,81.8216895868286,82.13268469819945,147134100
2009-11-18,82.39180755615234,82.51028505533915,81.8734826205053,82.38440694944174,156486800
2009-11-19,81.31815338134766,82.42144854762512,80.80722891841104,81.82907784428428,208734600
2009-11-20,81.02937316894531,81.27372884326125,80.71837811944485,80.89608876925658,134196000
2009-11-23,82.0586166381836,82.73984545302936,81.89571286739019,81.98457101036458,148010200
2009-11-24,82.18449401855469,82.33999153034785,81.45883896351991,82.19190027606462,138420100
2009-11-25,82.47329711914062,82.56215528414359,82.05863698110154,82.31779956737597,109564800
2009-11-27,81.133056640625,81.688407490766,80.18525876027573,80.26671067024209,126001800
2009-11-30,81.40701293945312,81.59953045548156,80.05936208065566,81.06639850803394,160874800
2009-12-01,82.4140396118164,82.68060837864739,81.99197333922052,82.13265833053981,159613700
2009-12-02,82.37699127197266,82.93974803011142,82.13263569483533,82.39920438820015,132315100
2009-12-03,81.7327880859375,83.06563164132912,81.66614873282684,82.59913922160096,167324900
2009-12-04,82.19931030273438,83.21374730466083,81.48105582295553,82.81389412057818,274907800
2009-12-07,82.07343292236328,82.58435741678844,81.81427037059687,82.12527108203649,127973800
2009-12-08,81.16267395019531,82.02161363875018,80.91091196693762,81.48107532208775,169863700
2009-12-09,81.46622467041016,81.58470217162095,80.72575723579726,81.14042284071685,155063400
2009-12-10,81.9253158569336,82.28074270839878,81.78462523770305,81.96974209487243,138014600
2009-12-11,82.2733383178711,82.45845517923803,81.9031045951372,82.2733383178711,124854000
2009-12-14,82.83611297607422,82.93237173093547,82.28816288105621,82.83611297607422,107141500
2009-12-15,82.4510726928711,82.8731390324929,82.19191014210682,82.53252458729986,120408800
2009-12-16,82.5769271850586,83.02861277957187,82.39181032335047,82.78426281559905,155358200
2009-12-17,81.58472442626953,82.14007515371755,81.51067879247374,81.98457762795047,183390100
2009-12-18,82.0462646484375,82.11326845372406,81.35392228571689,82.03881851902064,174591200
2009-12-21,82.88006591796875,83.1555102653816,82.4557273613958,82.4557273613958,118039600
2009-12-22,83.17784881591797,83.35651618751906,82.9545103416166,83.05873344836168,91707500
2009-12-23,83.34163665771484,83.46075204346683,83.00663457482226,83.3788616356959,111783100
2009-12-24,83.73617553710938,83.82550636833743,83.37883517299998,83.52028322875427,39677500
2009-12-28,83.91487121582031,84.1158713336899,83.61708842512873,84.0488731876448,87508500
2009-12-29,83.79574584960938,84.145640161028,83.78830539853544,84.13075357914649,80572500
2009-12-30,83.76595306396484,83.86273570915371,83.50539532640386,83.55006642408053,73138400
2009-12-31,82.96198272705078,83.97444095275917,82.92475774297549,83.95210255447292,90637900
2010-01-04,84.36895751953125,84.4136229337242,83.014051718267,83.65428249378296,118944600
2010-01-05,84.59229278564453,84.62951775173372,84.01161966494055,84.31684848362117,111579900
2010-01-06,84.6518783569336,84.86032460436977,84.44343210949742,84.51043025485865,116074400
2010-01-07,85.00923156738281,85.11345470670732,84.25733119391164,84.49555632375838,131091100
2010-01-08,85.29208374023438,85.32930870740863,84.61463363957681,84.78585485722027,126402800
2010-01-11,85.4112319946289,85.70900912780633,85.04644535093752,85.67178982602651,106375700
2010-01-12,84.6146240234375,85.02407021715952,84.28706252467437,84.84540289043959,163333500
2010-01-13,85.32933044433594,85.56755552763238,84.3987628252508,84.83054188390845,161822000
2010-01-14,85.56013488769531,85.7164696127111,85.18046159566516,85.23257317067043,115718800
2010-01-15,84.59980010986328,85.49314314487725,84.27223834648112,85.41125838376821,212283100
2010-01-19,85.65687561035156,85.70898716327653,84.56252731919407,84.58486571021902,139172700
2010-01-20,84.78587341308594,85.20276587396062,84.10842316416458,85.07621004544278,216490200
2010-01-21,83.15550231933594,85.06874870628681,83.05127922274973,84.80819096482128,344859600
2010-01-22,81.30179595947266,83.1852630985302,81.21245946190852,82.78325737908895,345942400
2010-01-25,81.71871948242188,82.19517530510005,81.45072124678262,82.04628108559633,186937500
2010-01-26,81.37628173828125,82.23985128300338,81.17528161582874,81.39861445413882,211168800
2010-01-27,81.76336669921875,81.94948015942107,80.64668593800484,81.27202443801323,271863600
2010-01-28,80.82537841796875,82.07606148686267,80.33404168361783,82.0313960600309,316104000
2010-01-29,79.94694519042969,81.74108274307376,79.82038932514997,81.17529589629888,310677600
2010-02-01,81.190185546875,81.19763168032993,80.02883863627333,80.51273507560258,187865000
2010-02-02,82.17281341552734,82.32914804150296,81.05613264735968,81.33902874365737,216327900
2010-02-03,81.76336669921875,82.24726283169119,81.52514169734906,81.80058598341998,172730700
2010-02-04,79.23969268798828,81.16782599473491,79.22480042600131,81.13060669923505,356715700
2010-02-05,79.40348052978516,79.56725566802243,77.85501457044316,79.3290305727186,493585800
2010-02-08,78.83023834228516,79.90225398421389,78.77068065557053,79.46302314436058,224166900
2010-02-09,79.82037353515625,80.51271611025227,79.11313869665832,79.75336970931633,337820500
2010-02-10,79.66402435302734,80.10324948798323,78.99401461520766,79.69380319467858,240511500
2010-02-11,80.49783325195312,80.58716980359935,79.09826135457212,79.55982501847515,223591600
2010-02-12,80.43082427978516,80.47548970973313,79.29181037823838,79.6491451772905,304622100
2010-02-16,81.69639587402344,81.77828628394326,80.26704528589715,81.04127827439915,159317500
2010-02-17,82.08349609375,82.19516532488538,81.69637684977845,82.09093654402147,168845100
2010-02-18,82.5673828125,82.73860402477956,81.9197058901927,81.94948472705272,193708600
2010-02-19,82.73865509033203,83.05877068448409,82.15798161250642,82.35154133169358,222684900
2010-02-22,82.7535171508789,83.06618649715566,82.50784594463268,83.04385378381215,132346900
2010-02-23,81.74849700927734,82.78328767928842,81.53260465427547,82.53017602981055,207497000
2010-02-24,82.50040435791016,82.63440632508615,81.78572909288292,81.99417533521576,176350700
2010-02-25,82.3886947631836,82.44825242603996,81.10079296236994,81.3241256784843,259634700
2010-02-26,82.44085693359375,82.72375316605125,81.97185282993212,82.46318965094885,173589300
2010-03-01,83.29695892333984,83.37884931901398,82.76095112610314,82.7832838376991,147709700
2010-03-02,83.52774047851562,83.92974633909631,83.37885194336731,83.65430198109858,160992400
2010-03-03,83.60220336914062,84.10098628681607,83.39375143603344,83.74364579550961,150785000
2010-03-04,83.85528564453125,83.9744009931024,83.40116831763548,83.71383758803611,135770400
2010-03-05,85.05387115478516,85.12086928981668,84.197747902182,84.39875366674335,176118800
2010-03-08,85.06877136230469,85.25488489573732,84.91988280745231,85.06133091037609,114631200
2010-03-09,85.2102279663086,85.60478778779192,84.77100270986031,84.81566814482525,154556700
2010-03-10,85.58989715576172,85.82067613181516,85.17300463650787,85.24744891784113,186088800
2010-03-11,85.94721984863281,85.9695582416414,85.12832151006612,85.38887929782818,160791100
2010-03-12,85.95466613769531,86.33433930326609,85.71644106276996,86.31944704123299,162074800
2010-03-15,85.97697448730469,86.03653215909233,85.31441100793064,85.80575328058045,146816800
2010-03-16,86.66189575195312,86.74378046932512,85.97699373254986,86.21521879329298,168673000
2010-03-17,87.17558288574219,87.45847910769157,86.6693538188026,86.92247119213971,177468100
2010-03-18,87.1308822631836,87.30210347388493,86.78098803296915,87.18299380727517,196509100
2010-03-19,86.68987274169922,87.6765986566677,86.35348540740691,86.68987274169922,226641100
2010-03-22,87.15332794189453,87.31031211359502,86.14417738497067,86.19650354116308,184477800
2010-03-23,87.76628112792969,87.84103194914023,86.996331130407,87.280392235378,182941600
2010-03-24,87.34020233154297,87.78124193693696,86.39833157997744,87.43738354623675,196072600
2010-03-25,87.19817352294922,88.33440094946151,87.09352122194635,87.9307396299693,223396300
2010-03-26,87.1458511352539,87.77376496838335,86.8019927452369,87.36263254044086,205808500
2010-03-29,87.6989974975586,87.85597592605811,87.22806221206005,87.58686841916699,134513500
2010-03-30,87.75881958007812,88.08025329993188,87.39253650033136,87.80366893997113,145772500
2010-03-31,87.45979309082031,87.84850077296142,87.168260903434,87.42241482961819,161078700
2010-04-01,88.05782318115234,88.3942047658197,87.53455596785314,88.05782318115234,161215200
2010-04-05,88.77546691894531,88.83526417791676,88.14754722318811,88.39423016449003,105847600
2010-04-06,88.98477935791016,89.14175786978386,88.42413937130775,88.52131491586054,110384200
2010-04-07,88.47644805908203,89.22396789350948,88.06530986889744,88.8053586112297,184576300
2010-04-08,88.78292846679688,88.93243585596282,87.90833162689019,88.16996242902589,158704000
2010-04-09,89.36600494384766,89.403377516395,88.8053650275202,88.96981461235197,133006500
2010-04-12,89.50802612304688,89.73976115695179,89.37347232059767,89.47812464437773,110279000
2010-04-13,89.57528686523438,89.73226531758887,88.95484414655517,89.41830841287988,125043600
2010-04-14,90.5919189453125,90.5919189453125,89.76217157922235,89.90419645143173,161609000
2010-04-15,90.66667175292969,90.87597637179445,90.41251207064882,90.44241354521851,144615300
2010-04-16,89.22395324707031,90.66666651881354,88.76796576667168,90.34523281464932,366786700
2010-04-19,89.56033325195312,89.65003766889697,88.55865959346575,88.96232091502897,217947800
2010-04-20,90.3602294921875,90.4349860662247,89.60523828191955,90.12102328339576,157708000
2010-04-21,90.19573211669922,90.62181812880424,89.69488957012574,90.41250781666457,192910100
2010-04-22,90.46482849121094,90.57695758300126,89.04454567227522,89.56033036951469,115360300
2010-04-23,91.05538940429688,91.09276767734889,90.17331576963248,90.40505079693224,177335500
2010-04-26,90.71151733398438,91.28711071500513,90.62181861713546,91.08527719584927,143457300
2010-04-27,88.56615447998047,90.7040560075489,88.39422240482914,90.18827118834263,355853300
2010-04-28,89.2388916015625,89.46314977237752,88.40914435391801,88.99221445741262,300674100
2010-04-29,90.34521484375,90.53209473450687,89.7546737045837,89.77709837897505,193775000
2010-04-30,88.81278991699219,90.45733623788333,88.79036524450497,90.36015505294378,270000900
2010-05-03,89.96400451660156,90.2106874131192,89.1043556276943,89.23890941641999,182747900
2010-05-04,87.84851837158203,88.97727478916994,87.40000766291654,88.96232690356776,360353400
2010-05-05,87.32523345947266,88.05780512664313,86.68984298364039,87.13087677991778,328973200
2010-05-06,84.42486572265625,87.45979348349472,78.48955825441834,86.90663057457583,647356600
2010-05-07,83.16905975341797,85.04533046267235,81.78614917743654,84.20063508889693,637558800
2010-05-10,86.83192443847656,87.19820763527822,85.89752445460758,86.57028788049332,396159600
2010-05-11,86.58521270751953,87.72891699529887,85.89749591662417,86.01709610919931,317849800
2010-05-12,87.79618835449219,87.9232710405733,86.77956108458031,86.9290684496396,235607100
2010-05-13,86.7048110961914,87.96812125338558,86.63006026449676,87.55698312438071,234452500
2010-05-14,85.135009765625,86.21143985227567,84.37254225632887,86.05446141515948,345601400
2010-05-17,85.17987823486328,85.60596428926739,83.55028485601323,85.36675818334093,325739800
2010-05-18,84.0212173461914,86.12922272037697,83.74463299772857,85.87506305092843,360556800
2010-05-19,83.5428466796875,84.29783786275019,82.49631741526191,83.5503177743213,394742700
2010-05-20,80.38827514648438,82.14494543031537,80.33594899175317,81.76370875834627,530418300
2010-05-21,81.56189727783203,81.76372514277526,78.75869763452772,79.16983586346207,500909400
2010-05-24,80.51533508300781,81.77116823369515,80.44058426395586,81.12082413138712,269823000
2010-05-25,80.59754943847656,80.63492769341565,78.02608062355846,78.57177234881574,396505200
2010-05-26,80.1116714477539,81.83096875072471,79.87246541198701,81.09092596868364,349719300
2010-05-27,82.79529571533203,82.82519719209344,81.31520398282164,81.62168984228346,300870500
2010-05-28,81.75621795654297,82.76536824199172,81.36750458386291,82.70556530725298,297933500
2010-06-01,80.38081359863281,82.18981038032419,80.26121338075716,80.99377968594659,277909400
2010-06-02,82.47386932373047,82.4813404162444,80.36586350061782,80.79194960199833,240243700
2010-06-03,82.75791931152344,83.01955011018661,81.91322396066128,82.7130699469308,226618300
2010-06-04,79.85003662109375,81.72631225364964,79.58092913183786,81.18809727513788,398475600
2010-06-07,78.85588073730469,80.44062514087479,78.79608347354954,80.1341392129586,264609100
2010-06-08,79.7005386352539,79.85751706063589,78.22792416932359,78.91564080522228,357774300
2010-06-09,79.27444458007812,80.9414098571119,78.93805738607462,80.16398889936836,268023300
2010-06-10,81.5917739868164,81.68894949182335,79.26698733220053,80.62747291791044,317890600
2010-06-11,81.9879379272461,82.04026406344417,80.82180934733393,80.87413548353202,214128200
2010-06-14,81.86088562011719,83.06439281801089,81.77865799518362,82.61587642632858,207196100
2010-06-15,83.72219848632812,83.7969493086379,82.29443325678585,82.43646381135997,238268700
2010-06-16,83.69229888916016,84.03615724197579,83.12418236127586,83.28863759590992,216374000
2010-06-17,83.8268814086914,83.96891201516378,83.01208745247975,83.93153373878971,263185800
2010-06-18,83.91773986816406,84.21816574076335,83.64735199861973,83.99284633631387,174006600
2010-06-21,83.67738342285156,85.02180447665866,83.21171422041341,84.96172274913064,213140700
2010-06-22,82.2954330444336,84.04544226424767,82.17526381166611,83.67741646793414,239355400
2010-06-23,82.04007720947266,82.64093488777412,81.47676991279482,82.3480155519223,254639900
2010-06-24,80.68061065673828,81.73963093626115,80.47031022030293,81.63448071804348,268523600
2010-06-25,81.01858520507812,81.43167364351848,80.19239686768503,80.9209416396101,238726500
2010-06-28,80.7632064819336,81.3565572471708,80.47028728178877,81.1387445057352,169218600
2010-06-29,78.26964569091797,80.74819930294385,77.7739384066666,79.62909170240601,373649500
2010-06-30,77.52606964111328,78.77285288577778,77.27070080819064,78.0518205761666,284101700
2010-07-01,77.18057250976562,77.7288547889588,75.9563149442354,77.47349169569189,382924800
2010-07-02,76.75999450683594,77.67630849701082,76.3243746138532,77.44347668091166,233385200
2010-07-06,77.26321411132812,78.38982846024086,76.51964451526075,77.84154028912363,256935300
2010-07-07,79.69670867919922,79.79434653779082,77.3758798734149,77.45849872693762,253769400
2010-07-08,80.48532104492188,80.57544651338594,79.54647588004694,80.36514611329494,210842100
2010-07-09,81.08617401123047,81.09368637660417,80.3125665551571,80.46277948109639,144999900
2010-07-12,81.13876342773438,81.29648874688279,80.47781841459955,80.81580042273805,131283600
2010-07-13,82.3630142211914,82.6859714680241,81.81472610464255,81.97996377621224,213025900
2010-07-14,82.35551452636719,82.67847755314733,81.76216358273587,82.10014561367122,184426800
2010-07-15,82.37803649902344,82.66344338746704,81.243909851085,82.32546139509286,232337900
2010-07-16,80.10980224609375,82.02504340491753,79.95207117783363,81.93491218451996,282693400
2010-07-19,80.58296203613281,80.83832518046007,79.77931077272589,80.40270536188672,186709000
2010-07-20,81.47677612304688,81.53685788427582,79.47891000802599,79.51646612277034,258162400
2010-07-21,80.41770935058594,81.9198613927975,80.0872340676177,81.89733002900518,264527000
2010-07-22,82.2127685546875,82.57328751338584,81.36405483789868,81.3715614712277,274781300
2010-07-23,82.92631530761719,83.04648450440014,81.81472015353128,82.04755191184921,222020800
2010-07-26,83.79004669189453,83.87266552014121,82.83618257975888,83.0690143337691,184445700
2010-07-27,83.78255462646484,84.3383494247489,83.45207925600884,84.2482182154636,204855600
2010-07-28,83.24180603027344,83.86520087177804,82.96390567519991,83.60983189382371,163056200
2010-07-29,82.83619689941406,83.98534259789646,82.1752518894407,83.76001744004404,220149100
2010-07-30,82.82115936279297,83.26429724332972,81.85227623247452,81.99497679548135,220070600
2010-08-02,84.69135284423828,84.82654678773693,83.7750389749982,84.11302096861652,188263200
2010-08-03,84.28575897216797,84.69884737976777,84.00785875849644,84.48104035826839,146657300
2010-08-04,84.84908294677734,84.95423316096183,84.24071303181613,84.51860757062217,158171700
2010-08-05,84.75892639160156,84.80399484867363,84.18060038651603,84.3082819326673,140473800
2010-08-06,84.41345977783203,84.5486537328411,83.30937676696749,83.92525906639612,239728300
2010-08-09,84.86408233642578,85.00678862137555,84.36086275195261,84.81150724148463,120800400
2010-08-10,84.40593719482422,84.85658747714847,83.64735439544158,84.14306168363933,242916300
2010-08-11,82.09264373779297,83.13663935997172,81.95744977152664,83.1065956196617,273406900
2010-08-12,81.58941650390625,81.88233580283678,80.81580883082013,80.85336493796812,239542600
2010-08-13,81.3490982055664,81.83729910256935,81.25146031826952,81.33407919608199,158698500
2010-08-16,81.31151580810547,81.57439134754522,80.50035208904254,80.79327136588354,147895300
2010-08-17,82.31041717529297,82.91128027532143,81.77715389588893,82.00999135553394,172270300
2010-08-18,82.46063995361328,82.90377207117453,81.79969509461743,82.27287094171334,182922100
2010-08-19,81.02610778808594,82.23534106871709,80.68812575099957,82.03255299251673,265847600
2010-08-20,80.7632064819336,81.07115041197355,80.17736808164396,80.78573784652082,209714200
2010-08-23,80.45527648925781,81.54433457727329,80.41772039094442,81.14626514827806,163490300
2010-08-24,79.26107788085938,79.90700393168044,78.84047700321113,79.57652853909556,280677800
2010-08-25,79.5689926147461,79.86941842805408,78.3297160789579,78.82542325512013,272234800
2010-08-26,79.03573608398438,80.04968761596811,78.77285487954866,79.94453742629605,224439500
2010-08-27,80.260009765625,80.34262861281398,78.34476300661807,79.53146487509878,272649000
2010-08-30,79.0958251953125,80.29755158415504,79.08831855981792,80.04969508668707,167238600
2010-08-31,79.0958251953125,79.59905055599916,78.47994299964596,78.80290596385257,273933100
2010-09-01,81.46173095703125,81.57439354275353,80.10979711913545,80.16237222843823,256828100
2010-09-02,82.22030639648438,82.2353253980509,81.48424925408777,81.65699928851204,156112200
2010-09-03,83.28681945800781,83.36192591400963,82.58080616502914,83.02394399687383,212197300
2010-09-07,82.3479995727539,83.00143797299707,82.28040546079274,82.89628775644167,141973700
2010-09-08,82.92631530761719,83.25678489646225,82.47566506147733,82.51322115874096,149924400
2010-09-09,83.3093490600586,83.8801684280609,83.08402969681794,83.85763706476236,147017900
2010-09-10,83.72999572753906,83.82763359213823,83.27183868627131,83.45960777760209,127819000
2010-09-13,84.66132354736328,84.83406789169283,84.2181855396662,84.55617332118246,178503500
2010-09-14,84.6087417602539,85.0894301078084,84.18062852164266,84.49607917530209,209823600
2010-09-15,84.93168640136719,85.02932423105904,84.10550384093874,84.36086696332781,168608400
2010-09-16,84.90918731689453,84.96176243444879,84.38343041109394,84.66884310375251,199962900
2010-09-17,84.94084167480469,85.43920835302187,84.70676349857452,85.35614723998567,195836900
2010-09-20,86.23965454101562,86.42842884981593,84.96353837002651,85.23537383557371,214555200
2010-09-21,86.06594848632812,86.71532653000011,85.7110520162616,86.30757926751117,268389100
2010-09-22,85.64311981201172,86.41332215309282,85.40148894756032,85.93006042419003,191322400
2010-09-23,84.94843292236328,85.83189524213162,84.70680205471037,84.94088033748635,202354300
2010-09-24,86.70024871826172,86.76065786883473,85.81678649463272,85.89229505238215,209671800
2010-09-27,86.28496551513672,86.82863649023336,86.2019101126024,86.73047591564904,128761800
2010-09-28,86.58699798583984,86.86638603489041,85.46190472614485,86.39822367833033,209207500
2010-09-29,86.43594360351562,86.76818808508484,86.09614653983833,86.36798188640729,179665800
2010-09-30,86.17919921875,87.43266272303038,85.77144623883706,86.8738926813415,287106700
2010-10-01,86.54165649414062,86.92675752764457,86.02819036977941,86.82859124328017,174638700
2010-10-04,85.89230346679688,86.72290920527794,85.46189830843359,86.36046578820059,166153200
2010-10-05,87.6214599609375,87.83288620736724,86.58697495698273,86.68514125777735,229634100
2010-10-06,87.61389923095703,87.8404306230299,87.25900273847806,87.6063466483059,148626600
2010-10-07,87.5081787109375,87.9914402629196,86.97961318874836,87.96878827781607,164860000
2010-10-08,87.9990005493164,88.24063134646242,87.29676014496503,87.62900465139056,177760100
2010-10-11,88.08208465576172,88.32371551594711,87.78004464029645,88.13494122639808,103098300
2010-10-12,88.35391235351562,88.61064259956356,87.32697984745661,87.79513635752842,182210000
2010-10-13,89.04106903076172,89.51678399964983,88.6333158121155,88.84474788769631,194347200
2010-10-14,88.69371795654297,89.10902372810835,88.13494763192874,88.95800082893251,217764300
2010-10-15,88.87493133544922,89.36574563008195,88.16514393919333,89.31288906056359,243705000
2010-10-18,89.31288146972656,89.60736886929047,88.58043638227099,88.90512835626882,141204800
2010-10-19,88.14250183105469,88.98820703818649,87.60637773033193,88.48984586411734,280604700
2010-10-20,89.0033187866211,89.43372400732673,88.248221503914,88.30107808326609,200051800
2010-10-21,89.19963836669922,89.92453105406315,88.50495026142566,89.40351785557547,221585500
2010-10-22,89.36575317382812,89.5016709013393,89.1014703039271,89.33554859427737,108212400
2010-10-25,89.63004302978516,90.43045004793035,89.56208704120012,89.96228766980524,151145700
2010-10-26,89.64512634277344,89.7357343054603,89.00329497636285,89.17696407880169,158982900
2010-10-27,89.38839721679688,89.48656353183817,88.54269210834251,89.01840123184809,190024000
2010-10-28,89.40348815917969,89.93960635110223,88.97308308899213,89.90184919579698,168576000
2010-10-29,89.47146606445312,89.64514095613684,89.15432662148405,89.31289634296859,144305500
2010-11-01,89.50165557861328,90.4228749339275,88.98818933602504,89.90940869133927,174074800
2010-11-02,90.21147918701172,90.42290551824834,89.9320911002002,90.17372201603284,158345900
2010-11-03,90.57389068603516,90.6267472501733,89.4412450879892,90.37001701319758,226702800
2010-11-04,92.31816864013672,92.36347262046941,90.58899567259371,91.57817098274681,215039400
2010-11-05,92.66553497314453,92.81655211800691,92.25778176889433,92.37859433259727,180654100
2010-11-08,92.49186706542969,92.64288998264638,92.07656700518807,92.37860131775098,156107100
2010-11-09,91.82738494873047,92.83921258569947,91.45738887739923,92.74105200867474,186621600
2010-11-10,92.19737243652344,92.24268218864643,91.11003632146324,91.80472440404458,221387400
2010-11-11,91.85002899169922,91.98594672708123,91.12513632330676,91.40452437962946,158017600
2010-11-12,90.7626724243164,91.6310352731587,90.34737246073715,91.23083471731906,239068800
2010-11-15,90.63430786132812,91.40451016233857,90.59655646127636,91.04961358843512,163940800
2010-11-16,89.22227478027344,90.22654953009511,88.79186390914951,90.07553241670445,299566200
2010-11-17,89.2676010131836,89.63759706587041,88.9957655325751,89.2600484273514,172308900
2010-11-18,90.5814437866211,90.90613575701768,90.12083411324609,90.12838669700419,197723700
2010-11-19,90.83060455322266,90.86835594073274,90.04530310526947,90.53611723035671,156852900
2010-11-22,90.7551040649414,90.79285545579907,89.68286201998447,90.37755559076949,181361000
2010-11-23,89.44125366210938,89.8716588001895,89.09390967005646,89.682884515752,222309000
2010-11-24,90.7626724243164,90.78533017732667,89.99247588905025,90.00757529678987,140046100
2010-11-26,89.70556640625,90.46821057271055,89.70556640625,89.97740190985779,76007800
2010-11-29,89.97736358642578,90.21899440216819,88.90512144069407,89.4789967884322,223642300
2010-11-30,89.47146606445312,89.98493239347022,88.95799973543603,89.08637063839117,233930700
2010-12-01,91.37432861328125,91.54799777134097,90.7551490392382,90.7626958645901,221037200
2010-12-02,92.54470825195312,92.6126699936294,91.46491905744512,91.51777562944477,191213600
2010-12-03,92.79386901855469,92.89958213671106,92.20489428570264,92.22754627374574,151288900
2010-12-06,92.69575500488281,92.90718134730473,92.49942807509,92.59758865951854,103050500
2010-12-07,92.74855041503906,93.63956495678669,92.69569386429691,93.58670840604454,206581000
2010-12-08,93.08840942382812,93.16391801397182,92.43147835254811,92.861883653397,138019200
2010-12-09,93.45082092285156,93.64714202563002,92.99021122006532,93.60939062629593,123705100
2010-12-10,93.99449920654297,94.08510718086097,93.42817632331837,93.73776317046199,117571700
2010-12-13,94.05490112304688,94.53816284825588,94.02469654510455,94.42490288213985,133812700
2010-12-14,94.13798522949219,94.56084366287276,93.85105031046675,94.19839440010878,147249600
2010-12-15,93.70755767822266,94.33428971217032,93.54898796377822,93.96429371179998,160823100
2010-12-16,94.251220703125,94.31918243846782,93.44326702874812,93.76795901532577,185035200
2010-12-17,94.3521728515625,94.47362074346633,93.98781759339029,94.18517693286817,141075300
2010-12-20,94.57990264892578,94.80762544007435,94.10928404102441,94.61026607382766,119085500
2010-12-21,95.17959594726562,95.24032281537227,94.78488288703826,94.87596739796533,94965500
2010-12-22,95.47559356689453,95.50595698866475,95.19474205017355,95.24787659046378,78878100
2010-12-23,95.33894348144531,95.47557595859723,95.1036342451618,95.36930689761569,70053700
2010-12-27,95.37693786621094,95.46802236041911,94.91390571654662,94.98221908720276,58126000
2010-12-28,95.51355743408203,95.60464191592672,95.26306352654706,95.56669197890179,55309100
2010-12-29,95.58186340332031,95.79440156616195,95.56668458793045,95.62741143195109,58033100
2010-12-30,95.4300537109375,95.74126865719384,95.28582890173807,95.49078055599311,76616900
2010-12-31,95.45285034179688,95.54394063372608,95.13404300689297,95.28585436887609,91218900
2011-01-03,96.43964385986328,96.85712801085272,95.41489687281559,96.18155758888095,138725200
2011-01-04,96.38650512695312,96.68254133089141,95.78684041375624,96.65217790084233,137409700
2011-01-05,96.88745880126953,96.94818564354,95.99175814708671,96.0828484104924,133975300
2011-01-06,96.69770812988281,97.03170002767219,96.40926426712105,96.92543093132673,122519000
2011-01-07,96.50794982910156,96.98616080611282,95.75647378201762,96.82675714710906,156034600
2011-01-10,96.38650512695312,96.52313766655787,95.79442692784441,96.08287661769454,122401700
2011-01-11,96.72808837890625,96.96339773441979,96.36373299147431,96.7356806846032,110287000
2011-01-12,97.60100555419922,97.70727465524197,96.75084695462554,97.3201539833998,107929200
2011-01-13,97.44157409667969,97.68448146273415,97.19867831308592,97.63893922721412,129048400
2011-01-14,98.1475601196289,98.17033124820635,97.23668022913249,97.30499361486483,117677900
2011-01-18,98.31451416015625,98.40559863559422,97.9425665813491,98.05642217564656,114401300
2011-01-19,97.35050201416016,98.32969494983209,97.09242159173031,98.23102395446902,151958400
2011-01-20,97.22145080566406,97.46434659269264,96.50033258276075,97.13036054210552,175745700
2011-01-21,97.44157409667969,98.04883092935515,97.33530501964603,97.82870626352141,151462900
2011-01-24,97.99571990966797,98.10957551906473,97.35809374965763,97.38086487153699,113715500
2011-01-25,98.048828125,98.13232608188547,97.24421776726398,97.7376074145669,167552200
2011-01-26,98.42839813232422,98.71684783098901,98.09440618281018,98.29177137977645,141281500
2011-01-27,98.67127990722656,98.83827583853353,98.27656119845902,98.4511436421121,123302700
2011-01-28,96.94820404052734,98.94455737257819,96.7888003927416,98.78514793356092,295637300
2011-01-31,97.6768798828125,97.75279132761072,96.97095209252224,97.21385944990833,149249200
2011-02-01,99.2405776977539,99.41516013549278,98.20824451303758,98.26897135713398,167194300
2011-02-02,99.05081939697266,99.31648633307698,98.92936569805867,98.98249445229465,118323600
2011-02-03,99.27092742919922,99.4227387361294,98.3524614936725,98.87620876521255,145886700
2011-02-04,99.55182647705078,99.58978221752795,98.85348486564105,99.3089305864354,134634800
2011-02-07,100.17423248291016,100.50062625324607,99.76432916381195,99.77192725867853,112439100
2011-02-08,100.62969207763672,100.68282083680502,99.99206589037409,100.26533094706856,99072800
2011-02-09,100.40193939208984,100.67520436747442,99.9009516734748,100.35639715993572,146436700
2011-02-10,100.4399185180664,100.55377412498292,99.66566564364636,99.89338843994197,162708500
2011-02-11,101.03956604003906,101.1686062409186,100.02241745725121,100.04518857608517,137710300
2011-02-14,101.282470703125,101.36596867364749,100.86499243297483,100.97884803711355,101690700
2011-02-15,100.96366882324219,101.12307826001542,100.43992143375965,100.9712669188989,119575400
2011-02-16,101.60128021240234,101.72272231815698,101.10029243535789,101.30524408641448,130183500
2011-02-17,101.90495300292969,102.04157978256738,101.21419784151628,101.30529394374165,109810500
2011-02-18,102.1174545288086,102.23890823309877,101.76069151149545,101.99600082451843,130002400
2011-02-22,100.06795501708984,102.14020781133864,99.79469002139523,101.04714782856016,233116400
2011-02-23,99.45310974121094,100.2501335950487,98.83826640845226,100.00722623360993,227584000
2011-02-24,99.38480377197266,99.77193600533302,98.45115303600613,99.34685962416005,260431400
2011-02-25,100.44750213623047,100.50822898565671,99.74156264630491,99.80228949573115,141686900
2011-02-28,101.0699691772461,101.19902101869184,100.48549475406935,100.81948675729404,141585500
2011-03-01,99.38480377197266,101.47983962555755,99.35444613723003,101.38875513886697,258565500
2011-03-02,99.59735107421875,100.06038317418016,98.94455191005123,99.24817457979604,200277400
2011-03-03,101.3128433227539,101.42669893071755,100.49304819802772,100.50063471107107,176480100
2011-03-04,100.55377197265625,101.43429392217189,99.89338630175068,101.23692876445773,277202300
2011-03-07,99.76436614990234,101.07756297788326,99.24061862071264,100.84984011423306,216790400
2011-03-08,100.63726043701172,100.95606768190132,99.49107165782804,99.92373449644208,174615000
2011-03-09,100.49303436279297,100.80425509166359,99.89337560597052,100.43990561387858,153806000
2011-03-10,98.63331604003906,99.5745531215823,98.53463347537637,99.43792641585918,301291800
2011-03-11,99.31651306152344,99.67327615905782,98.29177760511931,98.31454873198616,225621800
2011-03-14,98.71685028076172,99.04324414159099,97.96536837570622,98.67130802878228,234974100
2011-03-15,97.58583068847656,98.17031659380282,96.0221516530909,96.09046502862574,359585400
2011-03-16,95.77923583984375,97.59341435769251,95.0960732293279,97.27459548739947,468670300
2011-03-17,97.04686737060547,97.45676489000039,96.47756622553985,97.16072875786473,254303700
2011-03-18,97.39987182617188,98.25372375273751,97.20928034566627,98.22322260149937,230435400
2011-03-21,98.9093246459961,99.11515499803451,98.49764067636573,98.6120025047194,153992600
2011-03-22,98.56627655029297,99.02370071768465,98.47479636992655,98.89409991790562,129538600
2011-03-23,98.84835052490234,99.1075521000664,97.82678316435316,98.29181512597053,148603100
2011-03-24,99.79369354248047,99.9385449274623,98.85598672494112,99.41251058527806,159129800
2011-03-25,100.09858703613281,100.53312929847249,99.78601440625549,100.0528469698627,155642800
2011-03-28,99.85465240478516,100.57127799730328,99.8241628963443,100.31207646083668,109762400
2011-03-29,100.52555084228516,100.55604035464589,99.4429928454133,99.77080454259955,129798800
2011-03-30,101.21932220458984,101.51664443559173,100.90674939864984,101.05160077861132,135835000
2011-03-31,101.08208465576172,101.36416792886672,100.97535390271052,101.08971575919513,132537100
2011-04-01,101.50897979736328,101.98165440205075,101.26502884284598,101.70720230773352,153850100
2011-04-04,101.5928726196289,101.9054454211843,101.30318149654984,101.72247342283428,100768900
2011-04-05,101.57759094238281,102.02738382888066,101.34887894886309,101.39461902101199,120791500
2011-04-06,101.89781951904297,102.15702110909453,101.48613545693345,102.06554093208324,120411600
2011-04-07,101.63864135742188,102.14179407974359,101.13547700231811,101.71487097824296,170731500
2011-04-08,101.28791809082031,102.14939514551499,100.86861458487252,102.08840448712452,147945400
2011-04-11,100.98298645019531,101.73772120300013,100.73902379242985,101.39465889419978,121385400
2011-04-12,100.22824096679688,100.61704336923304,99.86230860963461,100.4188324325993,161187400
2011-04-13,100.2206039428711,100.76949656608899,99.83942107802837,100.69326697278716,162059000
2011-04-14,100.29685974121094,100.44933060042924,99.3134128113891,99.64122457706941,161220400
2011-04-15,100.66277313232422,100.91435523730603,100.18249059806685,100.47981278890377,170006700
2011-04-18,99.53445434570312,100.65513274740529,98.73396811123355,99.55732438387858,210759300
2011-04-19,100.10626220703125,100.13676335669949,99.44300761149944,99.6869586449444,124258800
2011-04-20,101.47084045410156,101.69192130399317,101.23449740610116,101.30311913372603,156133800
2011-04-21,101.98928833007812,102.03502841348636,101.47088520774734,101.99690779972013,135935400
2011-04-25,101.882568359375,102.05028977145074,101.54712553522354,101.91305787394364,65757100
2011-04-26,102.75923919677734,102.96508113609006,102.08836547639851,102.19509617960247,146600000
2011-04-27,103.4301528930664,103.58262370617187,102.53818642198318,102.95748988260625,143031000
2011-04-28,103.76561737060547,103.90283764127534,103.23196359670072,103.24720253825528,124791100
2011-04-29,104.00953674316406,104.11627909824027,103.66647453811261,103.80370639979895,115094100
2011-05-02,103.84944915771484,104.5813136630194,103.64360717625817,104.49746460948226,126278700
2011-05-03,103.47592163085938,103.82661506762437,102.94988729210216,103.65127416563217,138375000
2011-05-04,102.7897720336914,103.47589653265315,102.33234794586507,103.43015645042607,182678500
2011-05-05,101.85967254638672,102.88123970129564,101.40987961541917,102.21798532401209,226900000
2011-05-06,102.30950927734375,103.39969864675948,101.91307572184881,102.87366427428725,222787200
2011-05-09,102.70594787597656,103.00327014900175,102.14179285133153,102.30189482885983,114104500
2011-05-10,103.58262634277344,103.7655983028238,102.91937189085456,103.04897266693195,114806900
2011-05-11,102.4924545288086,103.44541172781524,102.01979148059034,103.4301611554532,193564200
2011-05-12,102.9803695678711,103.19383105276661,101.69196955582277,102.21800379816472,171550700
2011-05-13,102.18751525878906,103.17859320822161,101.82158290136685,103.0337418328641,157444900
2011-05-16,101.53947448730469,102.62203222590878,101.37175312738815,101.8215460322663,141675400
2011-05-17,101.52426147460938,101.66149338020448,100.72377498484792,101.15832911432241,192686200
2011-05-18,102.43142700195312,102.53815770451303,101.35648887653073,101.5775813814739,135217900
2011-05-19,102.6754379272461,102.9422706560107,102.11129458370401,102.76692974918932,119489500
2011-05-20,101.85967254638672,102.67539772349937,101.66908113840627,102.40857673199255,182594900
2011-05-23,100.67803955078125,101.18120383993721,100.3197266448169,100.61704888244896,168700000
2011-05-24,100.59416198730469,101.18880636297122,100.40357054298134,100.96772540597873,147199600
2011-05-25,100.92961883544922,101.3489223978646,100.15963348103566,100.1901229979476,151050100
2011-05-26,101.39462280273438,101.57759473092952,100.46453585843311,100.65512725467885,164850000
2011-05-27,101.78346252441406,102.05791470133036,101.36417060457465,101.6767317685455,120921900
2011-05-31,102.84314727783203,102.85839785182735,102.03504134777357,102.74404762881136,164731200
2011-06-01,100.53316497802734,102.85838277843273,100.4493042825118,102.54581003762229,233094300
2011-06-02,100.4264144897461,100.81522838011023,99.8394013693669,100.60176694855859,200466800
2011-06-03,99.42776489257812,100.19013083559692,99.1685632638192,99.22192283078434,234690200
2011-06-06,98.37566375732422,99.3819920542934,98.24606298564376,99.17615006031747,179951200
2011-06-07,98.314697265625,99.1609237567069,98.23083656352577,98.87884050449375,161660500
2011-06-08,97.90303039550781,98.49005541315529,97.7200583862619,98.16223201735394,198696400
2011-06-09,98.65013885498047,99.05419183517174,97.93352470922349,98.16985626751121,160964400
2011-06-10,97.27787017822266,98.29181222237656,97.01866861071557,98.23083319819237,238629400
2011-06-13,97.35408020019531,97.7657641191262,96.85854723668534,97.49893151860523,207599800
2011-06-14,98.58916473388672,98.93222706567865,98.20798178016668,98.24609076931422,160570400
2011-06-15,96.835693359375,98.57389212558874,96.57649180064874,97.76578630557277,300958000
2011-06-16,97.0491714477539,97.55995515245829,96.30205038313184,96.86619946270996,308032800
2011-06-17,97.33877563476562,98.02064457473547,97.00933287818943,98.01298148405448,233284900
2011-06-20,97.83676147460938,98.04362399797022,96.97868240059488,97.00932891684187,159479000
2011-06-21,99.17752838134766,99.36906474812912,97.87508342532416,98.34243262788901,193157300
2011-06-22,98.57989501953125,99.45330002266427,98.51860200469505,98.87103391739133,176703000
2011-06-23,98.29644775390625,98.55693435927681,96.67988064694785,97.42304254908441,334286500
2011-06-24,97.15489959716797,98.35008459121367,97.00933594098659,98.27347706288724,226129300
2011-06-27,98.02063751220703,98.3960412501442,97.02464622356004,97.21618256020561,168904700
2011-06-28,99.30007934570312,99.31540552295235,98.27344758851707,98.41134811241612,165556300
2011-06-29,100.15052795410156,100.31141194198048,99.31543227105092,99.75212907145908,244295500
2011-06-30,101.10820007324219,101.2690840457914,100.14286116659703,100.47229804687872,223322700
2011-07-01,102.6021957397461,102.74010799773606,100.96264496867566,101.20014818418164,202385700
2011-07-05,102.5179443359375,102.7248069282673,102.19616457589919,102.4949609023958,165936000
2011-07-06,102.64048767089844,102.77073097017976,101.98160223953731,102.27274119701886,143331600
2011-07-07,103.7054443359375,103.96593097256981,103.33769780831238,103.55221759029797,170464200
2011-07-08,102.9699478149414,103.70545261939128,102.19614508886112,102.53325097046513,194100500
2011-07-11,101.10820007324219,102.03522937532088,100.87069689156004,101.70579249503919,195918600
2011-07-12,100.67147064208984,101.72875471742584,100.64082997909277,100.89365928799693,214675700
2011-07-13,101.00860595703125,102.06589034188165,100.7634455099426,101.20014230556497,204062600
2011-07-14,100.31141662597656,101.72879036302315,100.11988026640009,101.26144117803848,226111800
2011-07-15,100.8936767578125,101.03157730084824,100.18882448235865,100.87069333397322,220012800
2011-07-18,100.0662612915039,100.57957735861368,99.31544199682342,100.42635060119248,196872100
2011-07-19,101.69047546386719,101.81306153332855,100.6025504009124,100.62553382763004,166554900
2011-07-20,101.62918090820312,102.01225360169873,101.45297074252139,101.95097225833618,137145400
2011-07-21,103.03889465332031,103.291724027375,101.64450447346432,102.20378731824862,245246300
2011-07-22,103.10782623291016,103.21508609725988,102.47958153425576,103.06185938968149,126019400
2011-07-25,102.53324127197266,103.03890004654905,102.01992525188494,102.12718514129952,136653800
2011-07-26,102.150146484375,102.6328217276163,101.92030057376253,102.46426883919708,131278200
2011-07-27,100.0586166381836,101.61389121813002,99.92836160300745,101.58323884851669,249020100
2011-07-28,99.76746368408203,100.95499149645221,99.6065679921549,100.05860270259205,207939900
2011-07-29,99.08560180664062,100.02030027912745,98.0436434286448,98.76382209011363,307038400
2011-08-01,98.66423034667969,100.33443384918674,97.70654833780878,100.24248842682627,325790900
2011-08-02,96.14358520507812,98.44968451003072,96.14358520507812,97.92104231028289,346653800
2011-08-03,96.66453552246094,96.77179537956003,94.64191272398682,96.27380569098158,370830800
2011-08-04,92.13663482666016,95.47702878096023,91.98340226050321,95.32379621480328,520721800
2011-08-05,91.99874114990234,93.5233688611458,89.53175202358118,93.28586565732095,655619200
2011-08-08,86.00746154785156,92.02936327060883,85.82358249180511,89.57003788692154,702263900
2011-08-09,90.00675201416016,90.12933222209615,84.48283928201795,87.39419374711323,717828700
2011-08-10,86.03045654296875,89.08737465702049,85.76996410113533,88.30590902196977,662607400
2011-08-11,89.89183044433594,91.10999867907766,86.05344081229393,86.77361927271723,487979700
2011-08-12,90.49710845947266,91.33220424779688,89.85354320070033,90.711628263988,313731600
2011-08-15,92.4124755859375,92.50440930824739,91.17131772771563,91.31688724834162,258810600
2011-08-16,91.62332153320312,92.46608611215784,90.64265639975612,91.53138783020826,294095200
2011-08-17,91.68463134765625,92.85683303720721,90.95679545466979,92.12899714422075,238201100
2011-08-18,87.73131561279297,91.71526954643328,86.87323061921585,89.25594339550358,512956300
2011-08-19,86.2986068725586,88.78091602941635,86.19134699724667,86.5437731368751,428281300
2011-08-22,86.36756134033203,88.28292457036027,86.1223950806974,88.23695187808678,275090600
2011-08-23,89.20996856689453,89.30956536050535,86.25264697725495,86.68934960343358,331136600
2011-08-24,90.46644592285156,90.58902614149162,88.81156913202155,89.01843165348792,246869700
2011-08-25,89.08741760253906,91.47779419803065,88.773300917251,90.9644780018114,312365400
2011-08-26,90.38218688964844,90.79590616711513,87.22566527928761,88.63537605938446,314495900
2011-08-29,92.97940063476562,93.03303057573991,90.45111862832036,91.6003366593909,190977200
2011-08-30,93.22457885742188,93.79918794657135,91.37050826595375,92.57335639209764,241315700
2011-08-31,93.63827514648438,94.62660323894806,92.93342290611825,93.82214837327022,301828400
2011-09-01,92.65762329101562,94.54234020737044,92.53503722561435,93.69191837563135,254585900
2011-09-02,90.29022216796875,92.60398424042724,89.96844254577775,90.7269247538636,255517200
2011-09-06,89.6313247680664,89.76157389364718,87.63168534056865,87.63934842918492,285130500
2011-09-07,92.15962219238281,92.19792595164193,90.68096147576107,90.98742077595897,209803200
2011-09-08,91.20196533203125,92.65764301987821,90.9951027639273,91.60802153098705,250568200
2011-09-09,88.81156921386719,91.2172651898008,88.32123664840462,90.15998669150187,380195100
2011-09-12,89.38618469238281,89.45514081965683,87.37888743418847,87.70066710753213,305793500
2011-09-13,90.20596313476562,90.54306900132615,89.0414246292693,89.67732675201722,272514700
2011-09-14,91.45479583740234,92.55038420087851,89.42450897351937,90.66566101583356,319389500
2011-09-15,93.03304290771484,93.06368942736609,91.47776856807634,92.43545038758043,326777200
2011-09-16,93.58367919921875,93.93023190819744,92.6595503928776,93.40655735114608,284528300
2011-09-19,92.65180969238281,93.12927937612291,91.42733923191189,92.05112562683367,241517000
2011-09-20,92.54402923583984,93.94562786722402,92.42081480832222,93.04460143464864,218932200
2011-09-21,89.81784057617188,92.87517526815114,89.67152381258241,92.59023860320977,316251300
2011-09-22,86.91450500488281,87.95415101322087,85.71313680640023,87.21484705450347,513911300
2011-09-23,87.43815612792969,87.91562571149714,86.26758743126885,86.3369002803102,307242500
2011-09-26,89.51748657226562,89.64070685734491,87.00693495617423,88.26221076421993,260673700
2011-09-27,90.51863098144531,92.07424889273743,89.97955104648803,91.28103740142974,311753900
2011-09-28,88.67037200927734,91.25023663065525,88.53945485658338,90.70345980869796,286696800
2011-09-29,89.37117767333984,90.5879457802432,87.73854400552125,90.14128689628816,298108900
2011-09-30,87.13784790039062,88.90909534699051,87.07623776082204,88.13898622878196,288392300
2011-10-03,84.6581039428711,87.75394031796374,84.56568872441053,86.62958159962793,365136800
2011-10-04,86.5140609741211,86.69889140448062,82.73282802054915,83.44132704386065,459177500
2011-10-05,88.11585235595703,88.34688735891163,85.92874606330068,86.72965996462199,284108000
2011-10-06,89.70999908447266,89.84092208467099,87.41507746981266,88.0696689689419,257800800
2011-10-07,89.1093521118164,90.29532121491927,88.60877985962516,90.23371105685646,312657900
2011-10-10,92.08964538574219,92.1281473145417,90.61873421969601,90.62643695564232,230666300
2011-10-11,92.1820297241211,92.44386979611501,91.4504286451457,91.54284382504905,209088000
2011-10-12,92.99066162109375,94.06111265957263,92.66721725165381,92.87514409616081,281544900
2011-10-13,92.80584716796875,93.08308690767844,91.73539601343758,92.44389495915522,212538800
2011-10-14,94.39228820800781,94.41539054486292,93.36034465869908,93.8840191707942,211397600
2011-10-17,92.59020233154297,94.37685487379713,92.35916729464064,93.94558986327712,202311600
2011-10-18,94.40001678466797,95.1085160610018,91.79704311111949,92.52094786655162,318857900
2011-10-19,93.28328704833984,94.78500289813633,92.95984272701672,94.24592315379995,226601300
2011-10-20,93.69149780273438,94.03034189053584,92.27449367262837,93.5143700831708,262075600
2011-10-21,95.47044372558594,95.58596128704565,94.50780717253367,94.7927438319381,278999400
2011-10-24,96.64098358154297,96.87972138369905,95.53972739884608,95.6244398648586,203215600
2011-10-25,94.76193237304688,96.22513504401407,94.55399961422674,96.1789303755947,268596800
2011-10-26,95.72459411621094,96.08654057365794,94.11506252684858,95.76309605825354,289053800
2011-10-27,99.05912017822266,99.66750109169858,97.50349677473658,98.28900533581415,393220200
2011-10-28,99.03601837158203,99.22854561433321,98.41992884459216,98.57394828860704,225906500
2011-10-31,96.64868927001953,99.05142583260944,96.51006940098812,97.92707315947216,228146700
2011-11-01,93.95328521728516,95.11615129420295,93.58363036237338,93.97638754406752,416565800
2011-11-02,95.48582458496094,95.80157213261701,94.56169602558926,95.36261018559556,244717600
2011-11-03,97.22628021240234,97.41880749995165,95.18548978928632,96.47157066000376,291174800
2011-11-04,96.63329315185547,96.80271221968879,95.50123182659618,96.44076587546351,249401600
2011-11-07,97.23397064208984,97.3340827037763,95.64754199816122,96.5639736510521,196617200
2011-11-08,98.48155212402344,98.58937280622354,96.81041674418348,97.74224807407765,224426300
2011-11-09,94.84664916992188,96.87973692953054,94.6156140663663,96.17893475742095,337982000
2011-11-10,95.73998260498047,96.21745245953738,94.73883822059148,96.10193489588214,231866500
2011-11-11,97.54202270507812,97.79615424605572,96.87202566412611,96.90283073358593,189924400
2011-11-14,96.61788177490234,98.1503971561956,96.20202217825408,97.1800639728155,159258300
2011-11-15,97.0953598022461,97.61133150541724,96.04801092315658,96.39455767890644,184709400
2011-11-16,95.55512237548828,97.29556441676644,95.41650252591641,96.1172986331382,235782500
2011-11-17,94.03802490234375,95.61675094498976,93.36033099343145,95.37801312300807,331219600
2011-11-18,93.93790435791016,94.53088574028173,93.5451470978914,94.33835847808157,215580400
2011-11-21,92.15126037597656,92.68263167493883,91.37344851748054,92.56711413152397,229611600
2011-11-22,91.78929901123047,92.49009518737753,91.27332148540312,91.95102120572595,216494900
2011-11-23,89.76393127441406,91.78932233907568,89.76393127441406,90.92679787376068,224329100
2011-11-25,89.59446716308594,90.64181574363799,89.48665238645246,89.62527222433332,99557000
2011-11-28,92.18976593017578,92.55171817188403,91.5043692545665,92.05884878437773,210686000
2011-11-29,92.45159149169922,93.18319272072527,92.11274163802031,92.45159149169922,199241500
2011-11-30,96.25593566894531,96.43306334881592,92.41309286894233,95.10077200808352,324439500
2011-12-01,96.24054718017578,96.7565189314694,95.8246875092107,96.14813196147236,176954800
2011-12-02,96.15583038330078,97.41880893823344,96.09422024026344,97.12616957200594,221109700
2011-12-05,97.20317077636719,97.94247480148746,96.60248662317359,97.68063465430768,225263900
2011-12-06,97.23397064208984,97.88856216181226,96.84891611572773,97.19546283926731,178842100
2011-12-07,97.59593200683594,98.00408890305474,96.2405383015612,96.910529480084,237802500
2011-12-08,95.45503234863281,97.17237843830267,95.22400311546481,96.95674880382579,240862800
2011-12-09,97.0722427368164,97.31867738417559,95.8015616994628,95.8862741603174,209111400
2011-12-12,95.6552734375,96.24055813832967,94.84666221477568,96.22515266239157,215826100
2011-12-13,94.76193237304688,96.70260482772466,94.29986218698726,96.15582804138502,245159800
2011-12-14,93.75308990478516,94.74653145179444,93.54516301144217,94.38457919720965,238618800
2011-12-15,94.0919189453125,94.87742754920984,93.94559635346806,94.74651042780454,199109200
2011-12-16,94.2314224243164,95.28541367253746,94.0066795945703,94.72742352294603,220481400
2011-12-19,93.22392272949219,94.79715781056123,93.02242286356008,94.59565794462912,183903000
2011-12-20,96.0448989868164,96.20764683484217,93.28592533179761,94.68866100720665,225418100
2011-12-21,96.23088073730469,96.37813130143762,95.1303920809624,96.04488407026608,194230900
2011-12-22,97.0833969116211,97.1841498131678,96.27740917562126,96.58740172974629,119465400
2011-12-23,97.95140838623047,97.98240882955322,97.1919182193779,97.39341223188083,92187200
2011-12-27,98.02890014648438,98.28464935267425,97.69565279340566,97.78090252880227,86075700
2011-12-28,96.7424087524414,98.05989491147658,96.66491061003862,98.04439764808772,119107100
2011-12-29,97.74213409423828,97.84288107091726,96.7656411107587,97.06013636678601,123507200
2011-12-30,97.26162719726562,97.9048728439994,97.26162719726562,97.66462097927163,95599000
2012-01-03,98.8116455078125,99.4936433942879,98.75739621345465,99.01314542088292,193697900
2012-01-04,98.96663665771484,99.05188638909269,98.19939498804351,98.579140028808,127186500
2012-01-05,99.2301025390625,99.37735310710401,97.98236919819517,98.43186657546998,173895000
2012-01-06,98.974365234375,99.36961335952924,98.64886956082586,99.35411018684901,148050000
2012-01-09,99.21466064453125,99.33865060401213,98.74191418671843,99.19915746504823,99530200
2012-01-10,100.07487487792969,100.47786282428913,99.93536995383782,100.27636885110941,115282000
2012-01-11,100.12910461425781,100.26085202017592,99.6021149905854,99.76485691682586,111540700
2012-01-12,100.3693618774414,100.5166124728238,99.61761755135257,100.41587140134432,118983700
2012-01-13,99.85012817382812,100.01288196064142,98.98213951204683,99.69513188786127,179836200
2012-01-17,100.23760223388672,100.99710396740902,99.89660338625725,100.81110137085042,132209200
2012-01-18,101.34587097167969,101.40011435013288,100.03613048247905,100.21437561948039,163395200
2012-01-19,101.88063049316406,101.96588023426322,101.36913204656915,101.69462783291318,126328900
2012-01-20,102.26033020019531,102.26033020019531,101.46208830771529,101.71009175900697,138230200
2012-01-23,101.99683380126953,102.49282887061194,101.50858440511263,101.9193297675936,129295800
2012-01-24,101.88063049316406,101.91162502380921,101.21413574242341,101.36913204656915,103083300
2012-01-25,102.73310089111328,102.97334690084132,101.33036503395932,101.72560732491917,198613200
2012-01-26,102.20613861083984,103.38412012484073,101.80313871107036,103.19037176491753,184880500
2012-01-27,102.15959930419922,102.33784441163027,101.64034350460406,101.7101018731263,135259100
2012-01-30,101.81085205078125,101.8651072505485,100.79561285932128,101.14435743132131,147311800
2012-01-31,101.77210998535156,102.43859276713304,101.27610299814357,102.3146028457885,157212000
2012-02-01,102.6633529663086,103.18259700549763,102.39985810919025,102.52384803724365,166234500
2012-02-02,102.82609558105469,103.08960226532386,102.46185964414428,102.86484760745823,113090400
2012-02-03,104.2676010131836,104.32960190077836,103.67086464282174,103.8491098037441,160598500
2012-02-06,104.19781494140625,104.24431263310716,103.71732302655595,103.83356725580822,107694500
2012-02-07,104.46131134033203,104.6395682618493,103.57007403456912,103.9808194181422,135528100
2012-02-08,104.77137756347656,104.79462642341737,104.08937947064561,104.51562827866496,139361400
2012-02-09,104.90311431884766,105.08135950198954,104.28311719107313,104.94186635660762,148602900
2012-02-10,104.12806701660156,104.2133167254027,103.72506731813654,103.97307077117824,167907500
2012-02-13,104.90311431884766,105.0271161094949,104.42262216191668,104.87211978391666,115841900
2012-02-14,104.77137756347656,104.83337846513965,104.04288175076402,104.62412690020963,165329500
2012-02-15,104.2830810546875,105.2673257105123,104.07382958366325,105.1123294386437,195195100
2012-02-16,105.43782043457031,105.53081582843463,104.1048312703823,104.29083388356796,186567800
2012-02-17,105.71682739257812,105.88732684607011,105.36808281060199,105.80207711932412,129869400
2012-02-21,105.76331329345703,106.2128107274712,105.43781759823091,105.96480724989509,134042300
2012-02-22,105.42233276367188,105.8253325721101,105.23633012313299,105.6005779032766,124455300
2012-02-23,105.88732147216797,105.96481369453095,105.01157539871862,105.36807746305206,137704300
2012-02-24,106.11978912353516,106.32904055118878,105.88730067664788,106.11978912353516,105539100
2012-02-27,106.29808807373047,106.58483182193373,105.24409667099172,105.41459614977738,145728900
2012-02-28,106.60809326171875,106.73209504737673,106.11984362160369,106.32909515671888,129355900
2012-02-29,106.1895751953125,107.0963158511699,105.81756993230061,106.7630626145707,185934700
2012-03-01,106.73983001708984,106.94133585493579,106.11983297645457,106.41433423148483,145023500
2012-03-02,106.4143295288086,106.80958368529468,106.17408349472616,106.67007874022329,120638300
2012-03-05,105.9803237915039,106.32906837855981,105.61607602877982,106.25157615113527,140765000
2012-03-06,104.43035125732422,104.95734104570451,104.12810433152735,104.89535198568545,202129900
2012-03-07,105.15879821777344,105.32929761757686,104.56979599101463,104.6705488614769,143692200
2012-03-08,106.205078125,106.42208713147974,105.58509293663317,105.80209011765345,116968900
2012-03-09,106.6158218383789,106.89480804222609,106.27482293306619,106.40657036003556,122836800
2012-03-12,106.62356567382812,106.76305877334515,106.24381474938002,106.60031682390863,104003500
2012-03-13,108.5455551147461,108.5998103196717,107.01881743228617,107.19707439807708,184090500
2012-03-14,108.42931365966797,108.84780483159027,108.09606039690433,108.57656427632219,145163600
2012-03-15,109.05706787109375,109.10356558117688,108.31306903338258,108.59206711934172,165118500
2012-03-16,109.20808410644531,109.34818856009962,108.97456480640317,109.25478559099675,152893500
2012-03-19,109.63616180419922,109.9708635758266,109.06014931950749,109.13799301756447,125291100
2012-03-20,109.31700897216797,109.44933374457462,108.69429507821701,109.01343758199283,121729700
2012-03-21,109.13803100585938,109.48051251558964,108.91229132928808,109.37932992563327,122388400
2012-03-22,108.35186004638672,108.62430123298823,107.9938073821924,108.33628892442165,135216700
2012-03-23,108.70211791992188,108.82666312369128,107.84589636789708,108.4452597684135,120521000
2012-03-26,110.22776794433594,110.22776794433594,109.44159860852119,109.48050859241823,120164000
2012-03-27,109.88528442382812,110.39902453201218,109.81523219378998,110.32897230197405,119868500
2012-03-28,109.34038543701172,110.00202133203948,108.69432065924927,109.83077467396835,148562100
2012-03-29,109.15357971191406,109.35596862685897,108.26621596634784,108.69433265878851,164963700
2012-03-30,109.60503387451172,109.79185164785461,109.01346207484931,109.69065720263359,135486800
2012-04-02,110.40679168701172,110.69480395123345,109.25477826197738,109.472726426787,151741100
2012-04-03,109.95533752441406,110.43794727105286,109.30927257305882,110.25112944551988,155806700
2012-04-04,108.86558532714844,109.23920906234812,108.4608193522662,109.1458060978693,146896000
2012-04-05,108.81110382080078,109.13024648613717,108.39855818113595,108.49197303275005,137439400
2012-04-09,107.58903503417969,108.85002266172269,107.2932431206433,107.44113907741149,127555900
2012-04-10,105.78312683105469,107.68239908506203,105.67415277765825,107.37882765936618,235360300
2012-04-11,106.63938903808594,107.05971425062515,106.44479161283397,106.86511682537316,154133000
2012-04-12,108.03270721435547,108.11833056118431,106.66274554237894,106.74058926759966,154321500
2012-04-13,106.74832153320312,108.05602189761906,106.64712711076533,107.78358085749251,169246700
2012-04-16,106.67830657958984,107.44890475092714,106.31246248474503,107.29322919248513,147825300
2012-04-17,108.25845336914062,108.47640156005846,107.18427165869873,107.29324575415765,147877600
2012-04-18,107.89257049560547,108.25841451562162,107.71354423387885,107.77581681997535,123884200
2012-04-19,107.19983673095703,108.31292836624209,106.69388814715198,107.90817425011204,198666700
2012-04-20,107.37881469726562,108.06380116580223,107.31654212037324,107.67460646818454,143199600
2012-04-23,106.47592163085938,106.56933647123181,105.81429751351081,106.2813242062361,171844900
2012-04-24,106.88069915771484,107.15314033256269,106.48372464437718,106.56934799556203,137484200
2012-04-25,108.34403991699219,108.39074138814087,107.83029997979345,107.92370292209083,150252200
2012-04-26,109.09909057617188,109.2236357643061,108.04825985187409,108.11053244594119,136291600
2012-04-27,109.27810668945312,109.58945775352595,108.8188597128971,109.42600260193633,130725000
2012-04-30,108.87335205078125,109.1380135475922,108.57757207254298,109.06016983489198,115092200
2012-05-01,109.55056762695312,110.26668470589279,108.68655460873433,108.81108793055746,138832200
2012-05-02,109.2236557006836,109.33262979087114,108.55424003887865,108.91229267351558,121081000
2012-05-03,108.39073944091797,109.32480447895614,108.18836244381545,109.2391811576279,143759700
2012-05-04,106.63938903808594,108.42968772586103,106.5771164367312,107.82254470925758,193927300
2012-05-07,106.71720886230469,107.07526139331175,106.21904004030411,106.25795001481413,127765900
2012-05-08,106.28910827636719,106.46035494825034,105.02032935576477,106.07893974682271,213377700
2012-05-09,105.65860748291016,106.33580262714928,104.68562049301137,105.16043861917329,220752500
2012-05-10,105.87657165527344,106.52263653969766,105.63527274559493,106.3902998370181,150600000
2012-05-11,105.55741882324219,106.53818548701665,105.16822400594202,105.21492548365273,153032400
2012-05-14,104.38980102539062,105.55738510432172,104.2341255236557,104.54547652712556,163910000
2012-05-15,103.79046630859375,104.93469996962035,103.6270111440372,104.319777412246,207629300
2012-05-16,103.39351654052734,104.73234792056967,103.37016579716612,104.257529676749,207265500
2012-05-17,101.86006164550781,103.54138600093181,101.80556867342085,103.41684081668949,247992900
2012-05-18,100.98825073242188,102.43605557323897,100.84035483770867,102.25701744949124,319615900
2012-05-21,102.7240982055664,102.76302006926146,101.15174755511124,101.31521463171636,177861100
2012-05-22,102.90311431884766,103.70485474684294,102.23369871246203,102.98873765956968,197531200
2012-05-23,102.95761108398438,103.10550703042297,101.18288348129025,102.16365024784716,204958400
2012-05-24,103.15996551513672,103.40126437387708,102.29595264453873,103.23780922059962,167357600
2012-05-25,102.82525634765625,103.40904846497311,102.5761660098395,103.12103627721235,135465600
2012-05-29,104.0707015991211,104.24972790634723,102.10137658778042,103.65037638274572,152883500
2012-05-30,102.56060028076172,104.06289825107542,102.35044365913282,103.18331428072675,162370400
2012-05-31,102.33489227294922,103.0977108344042,101.45530813301758,102.52171007214152,196186000
2012-06-01,99.7584228515625,102.35824149604709,99.7584228515625,100.73140993802683,253240900
2012-06-04,99.71173095703125,100.20989991809844,98.96447157678801,99.93745875678525,202545800
2012-06-05,100.46675872802734,100.6146427859361,99.46262941923912,99.51711645768232,164149400
2012-06-06,102.7240982055664,102.77079969108637,101.13617643417618,101.1673186760463,184202800
2012-06-07,102.78633880615234,103.9383519736406,102.57617030947006,103.89165050266264,184772700
2012-06-08,103.60365295410156,103.62700369021574,102.19475790394836,102.52169196411069,143915400
2012-06-11,102.28819274902344,104.49881663397231,102.18699828786482,104.43654403305041,169756100
2012-06-12,103.46353149414062,103.53358369898545,102.09357024228983,102.58394755348482,181931800
2012-06-13,102.8019027709961,103.80601995901677,102.45161800846543,103.15995527510736,172223900
2012-06-14,103.89164733886719,104.30419282298456,102.73184271001426,103.01206340462996,230615500
2012-06-15,104.95419311523438,105.04808003009562,104.14047866251347,104.35955608973927,169444500
2012-06-18,105.1576156616211,105.4158166087462,104.28130597840186,104.51603519749959,131360900
2012-06-19,106.1748046875,106.60513974948374,105.13418060627686,105.68970622062461,137382600
2012-06-20,106.00263977050781,106.48775003483638,105.05591484887448,106.18260561414448,206451800
2012-06-21,103.62406921386719,106.2373582905173,103.53800223523147,106.12781958487399,205272200
2012-06-22,104.42216491699219,104.61777064092428,103.76492061107265,104.1639639287427,130029200
2012-06-25,102.74775695800781,103.3580457223457,102.38001732580125,103.31892219871926,146375700
2012-06-26,103.26416778564453,103.5771440992006,102.44262137844508,103.04509033556809,141634000
2012-06-27,104.19524383544922,104.39866946740935,103.2563388542742,103.60842672986176,108088000
2012-06-28,103.89789581298828,104.0543898900885,102.71644193934155,103.50668449788145,169242100
2012-06-29,106.48775482177734,106.62076527381973,105.50972625779639,105.78356709241591,212250900
2012-07-02,106.80854034423828,106.91807906710947,106.03394935351525,106.78506861353911,129524500
2012-07-03,107.5127182006836,107.59095331621543,106.67552008660537,106.78505879940938,80450000
2012-07-05,107.0276107788086,107.8178654566635,106.6363993743496,107.11367776534254,126177500
2012-07-06,106.01049041748047,106.22956788966387,105.509740204086,105.99483861551684,151192100
2012-07-09,105.87745666503906,106.07306236067608,105.39234642145881,105.92440012178007,103780500
2012-07-10,104.95419311523438,106.58945388946421,104.59427337689236,106.41731991966903,167884800
2012-07-11,104.96985626220703,105.31412423901597,104.35956737198234,105.00897979390362,141733400
2012-07-12,104.46125793457031,105.02460327442219,103.74926229957804,104.3595510946136,143583200
2012-07-13,106.2138900756836,106.32342878494903,104.7194597330579,104.73511153118837,129642600
2012-07-16,105.96353912353516,106.2765154808186,105.54885589660847,105.9713709942343,97525200
2012-07-17,106.6911849975586,106.91026245009114,105.27500148696394,106.38604055018641,138860300
2012-07-18,107.4814224243164,107.6926799353907,106.37821528609545,106.4407986075451,113349700
2012-07-19,107.76306915283203,108.11515696054471,107.35621796734382,107.7004739076441,129847300
2012-07-20,106.77721405029297,107.3170875589193,106.65985543486183,107.15277355849418,142904500
2012-07-23,105.69747161865234,106.70680351043548,104.71944331822328,105.21237340206258,145210900
2012-07-24,104.78987884521484,105.8226826617172,104.08570310765367,105.7757392043897,173301200
2012-07-25,104.81334686279297,105.28279330479823,104.25782151010748,105.00895253166748,129122300
2012-07-26,106.54251098632812,106.76942028352245,105.83050337472783,106.32343355796256,156526500
2012-07-27,108.50637817382812,108.81153449897757,106.51902969805738,107.10584674397856,236768900
2012-07-30,108.50637817382812,109.02278003955637,108.18559392889698,108.3811996108707,106782000
2012-07-31,107.74744415283203,108.65504548614969,107.74744415283203,108.3577329540387,120575900
2012-08-01,107.65354919433594,108.54551070056088,107.50488695349438,108.5220389718832,138293800
2012-08-02,106.9102783203125,107.63793791903278,106.08091184992085,106.83986311557982,199556600
2012-08-03,109.0306396484375,109.25753704417443,106.94155992726732,108.41251885039047,157825000
2012-08-06,109.24186706542969,109.67220199142132,109.19492360783504,109.32011412063704,86326200
2012-08-07,109.7895736694336,110.25902018888743,109.56266437036338,109.68002301552072,109545100
2012-08-08,109.92256164550781,110.04774019514777,109.39050803895516,109.42181163048173,89754700
2012-08-09,110.01648712158203,110.23556458380278,109.65656732574722,109.7661060568576,90291700
2012-08-10,110.19639587402344,110.23551939170086,109.39050155291841,109.57045540764888,99792700
2012-08-13,110.14169311523438,110.19645651906391,109.5705157082118,110.00868263298784,79426900
2012-08-14,110.15727233886719,110.61891074527328,109.8286562803075,110.54848363793654,102379400
2012-08-15,110.28250885009766,110.47029465000553,109.96954445574424,110.0399596536498,71085900
2012-08-16,111.09620666503906,111.22921709520442,110.1651217150583,110.43896250463759,112014200
2012-08-17,111.24483489990234,111.33873372638655,110.99446588652661,111.28395841603569,90813700
2012-08-20,111.25273132324219,111.276203058778,110.78327273487037,111.0884172356637,78255700
2012-08-21,110.916259765625,111.95688359673628,110.67371059048351,111.52654863818269,105581100
2012-08-22,110.96322631835938,111.14318025045041,110.37640911739483,110.6345981796519,133243500
2012-08-23,110.05560302734375,110.69718356828619,109.88346904198288,110.6893636376154,111466400
2012-08-24,110.72061157226562,110.97099252075327,109.71129172837402,109.7817068930784,99481200
2012-08-27,110.74409484863281,111.16660975858484,110.5876127089114,111.01794754726178,68785900
2012-08-28,110.63457489013672,110.97884281911018,110.29813882970976,110.46244092565,75689600
2012-08-29,110.72061157226562,111.01793596388953,110.41546725305925,110.72844343866882,65421300
2012-08-30,109.92256164550781,110.27464944783799,109.68783246434701,110.24334585631144,96589900
2012-08-31,110.44678497314453,110.96318679136047,109.8208444606545,110.5484918000133,151970400
2012-09-04,110.3450698852539,110.68151784669529,109.64089424699637,110.3528898140976,120226200
2012-09-05,110.25120544433594,110.68936032529737,110.03212800385522,110.3920358251485,100660300
2012-09-06,112.48892974853516,112.49674967858961,110.90843234334642,110.91625227340087,158272500
2012-09-07,112.92709350585938,112.9740369675339,112.57500560447502,112.67671245849466,107272100
2012-09-10,112.28549194335938,113.0131513569306,112.24638035434464,112.81754565655896,86458500
2012-09-11,112.59841918945312,112.95832683565166,112.32456655266873,112.35587013683687,88760000
2012-09-12,112.97400665283203,113.09919714292158,112.59061525399107,112.97400665283202,87640900
2012-09-13,114.6953125,115.04740024058303,112.66102114395355,112.95833357838234,225470200
2012-09-14,115.20393371582031,115.88463770980522,114.82836218777946,114.92226103920171,169777000
2012-09-17,114.81275939941406,115.1648473741648,114.52325476071985,114.96924161721128,119427800
2012-09-18,114.71881866455078,114.86748089581114,114.42932607030075,114.61711182644387,98326600
2012-09-19,114.7813949584961,115.14913454177322,114.55449765376973,114.85181012836067,128318300
2012-09-20,114.78923034667969,114.85181365148688,113.94421246591877,114.25717674524267,154009800
2012-09-21,114.74127197265625,115.37055401017847,114.69407792028949,115.34695698399509,108737500
2012-09-24,114.56822967529297,114.82780898979956,114.08840342773063,114.1749298658995,95682000
2012-09-25,113.34900665283203,115.0323293091827,113.317535947541,114.81208238237475,133165200
2012-09-26,112.71183776855469,113.35685512375694,112.44439681751976,113.32539642468763,146502200
2012-09-27,113.77375030517578,114.03332957844114,112.88488903634796,113.18380068481517,111830300
2012-09-28,113.24671173095703,113.71080247647973,112.84555037504732,113.3410998140996,150696100
2012-10-01,113.54563903808594,114.59967945416584,113.27818609459476,113.6793595085538,135911200
2012-10-02,113.66358184814453,114.17486651564519,113.13656183628278,113.99395206442125,113422200
2012-10-03,114.12769317626953,114.3951340661395,113.37256454574806,113.97037571179033,121283100
2012-10-04,114.94575500488281,115.1109341299221,114.40299958893482,114.56031704220396,124311600
2012-10-05,114.95365142822266,115.75598628576665,114.60754572486816,115.55933640909304,124842100
2012-10-08,114.56037902832031,114.9379435209686,114.300799688825,114.52892032166581,78415400
2012-10-09,113.42764282226562,114.56820966983375,113.38831044768281,114.47382157287946,148872900
2012-10-10,112.70399475097656,113.52206509286982,112.55453889990618,113.41192962150603,124247500
2012-10-11,112.76690673828125,113.6557680293764,112.74330971308015,113.49057685041261,123601500
2012-10-12,112.39718627929688,113.2309797117118,112.15334238897411,112.84555369251291,124181900
2012-10-15,113.33323669433594,113.45122179675774,112.30279345800675,112.66462244046936,107689100
2012-10-16,114.48170471191406,114.5603694758292,113.78950520020365,113.86815796156097,108815500
2012-10-17,115.00082397460938,115.09522405949922,114.38727743431714,114.56033025363584,128834100
2012-10-18,114.7019271850586,115.25254434974244,114.3164891685029,114.7019271850586,148108500
2012-10-19,112.79049682617188,114.49741622521675,112.5230558886379,114.48955455148528,185645200
2012-10-22,112.80622100830078,113.01073252807022,111.9173598598739,112.60169748597721,125578600
2012-10-23,111.24085998535156,111.74428300484236,110.77676932727678,111.5869655617299,192056300
2012-10-24,110.92623901367188,111.77576771610555,110.75318620377503,111.6420352700055,120179400
2012-10-25,111.24877166748047,111.91738610446734,110.57230755825381,111.71287453673999,134457400
2012-10-26,111.18583679199219,111.57126283993301,110.43069604067814,111.14650441907546,146023500
2012-10-31,111.18583679199219,111.72071865548355,110.65880459950709,111.57913651604939,103438500
2012-11-01,112.34998321533203,112.49156533283998,111.31954001829124,111.4217897689737,100995600
2012-11-02,111.35101318359375,113.05007082985146,111.23302807033478,113.01860013127923,137702200
2012-11-05,111.57916259765625,111.83086823856037,110.85548037398199,111.1858627816653,98378500
2012-11-06,112.45226287841797,112.89275665089167,111.79938389330334,111.91736901001768,107068100
2012-11-07,109.9036865234375,111.44541487002732,109.38452795665357,111.42969152137779,264304500
2012-11-08,108.5821762084961,110.44642495361758,108.495649794144,109.88793409688058,181517300
2012-11-09,108.67658233642578,109.68342866706853,108.19675619427925,108.25181191416884,201055300
2012-11-12,108.76311492919922,109.18787337301129,108.5192710075149,109.0148205248697,97677500
2012-11-13,108.38554382324219,109.53398441674358,108.04731178698842,108.1888939409859,123018300
2012-11-14,106.9224853515625,108.8889844892214,106.6786413789021,108.71594360746097,191505000
2012-11-15,106.7415542602539,107.36297461294562,106.33251914225295,106.96180116935679,178128400
2012-11-16,107.26856994628906,107.48095517194947,105.95495022193735,106.89886722118074,239483900
2012-11-19,109.43958282470703,109.45530617150898,107.30003140927244,108.47205688142157,151495800
2012-11-20,109.48677062988281,109.6676851282321,108.61364482994793,109.26652376166088,119807400
2012-11-21,109.69132232666016,109.78572244944161,109.36095190332134,109.58119885221387,81710800
2012-11-23,111.18583679199219,111.22515716235387,110.15538143281609,110.22618450508823,65409200
2012-11-26,110.94990539550781,111.19374941574647,110.27342908005838,110.63525827055426,100124400
2012-11-27,110.38345336914062,111.21724649643852,110.31266233060772,110.83968228837999,128646200
2012-11-28,111.2723617553711,111.3352791481485,109.33732185720574,109.9351331090304,177086500
2012-11-29,111.79148864746094,112.09826189428274,111.20153917260723,111.6892389002222,151085900
2012-11-30,111.81510925292969,112.0274944693931,111.42968319635591,111.80724757919228,136568300
2012-12-03,111.26446533203125,112.42076722943472,111.17793893145846,112.32637915701073,124656300
2012-12-04,111.10721588134766,111.59490389076878,110.80830413231675,111.25667175586311,127512200
2012-12-05,111.3038101196289,111.82296858101182,110.41494899658427,111.20154836138731,147300500
2012-12-06,111.68141174316406,111.72860580040118,111.03640628999361,111.20158549032357,103220600
2012-12-07,112.0196304321289,112.2398773176827,111.43754251884815,112.11401852520765,108726400
2012-12-10,112.06681060791016,112.33425150690157,111.81509305411572,111.86229909736737,98840700
2012-12-11,112.82986450195312,113.3568848681828,112.47589703240293,112.53095277085963,152570400
2012-12-12,112.88491821289062,113.70298861932926,112.72760067397823,113.27035638540102,145880100
2012-12-13,112.19268798828125,113.13660496642088,111.9095116945838,112.81409629810187,135715000
2012-12-14,111.77578735351562,112.15335173119001,111.60273451321586,111.94884019381539,137701700
2012-12-17,113.08939361572266,113.15232300497811,112.03534134888572,112.06681204479032,143238200
2012-12-18,114.34793853759766,114.45020028932605,113.10511018006012,113.27030131727115,177762800
2012-12-19,113.49845886230469,114.51317913800317,113.45913848162776,114.47384675476805,150895400
2012-12-20,114.15129089355469,114.16702624086474,113.25456813773356,113.56921507116841,168487000
2012-12-21,113.11515045166016,114.14498480771712,112.44180605216073,112.62400370288607,245883800
2012-12-24,112.76658630371094,112.9329369782932,112.63983487414622,112.86956126351083,53874600
2012-12-26,112.29126739501953,113.05176383669766,111.97440092880082,112.9963055568849,106947700
2012-12-27,112.1407699584961,112.55270610218909,110.84159789394081,112.32296760202685,167920600
2012-12-28,110.92874145507812,112.029868958193,110.80199000881144,111.411970767247,148806700
2012-12-31,112.81412506103516,112.93294698197639,110.54056490967034,110.63563453410603,243935200
2013-01-02,115.70561218261719,115.77690536037895,114.65201312306324,114.95304487941779,192059000
2013-01-03,115.44415283203125,115.95114651567286,115.1352037449322,115.65012694855255,144761800
2013-01-04,115.95115661621094,116.14128379701965,115.39663411512376,115.63429006921368,116817700
2013-01-07,115.6343002319336,115.74520474189806,115.2065170594385,115.53924267701692,110002500
2013-01-08,115.30159759521484,115.58678237459287,114.8500499913304,115.42834907220201,121265100
2013-01-09,115.59466552734375,115.9115441258356,115.37285655224075,115.55505419157195,90745600
2013-01-10,116.5136489868164,116.52156642254378,115.63433011355306,116.23638159641274,130735400
2013-01-11,116.50566864013672,116.56903226711674,116.14126130275282,116.48189217041721,113917300
2013-01-14,116.42646026611328,116.50568294108521,115.99867716155785,116.36308454367237,89567200
2013-01-15,116.50566864013672,116.61657311887416,115.81646529799264,115.88775844410635,93172600
2013-01-16,116.48983001708984,116.6720276549658,116.14126960537412,116.26802104375848,104849500
2013-01-17,117.2424087524414,117.5751222456763,116.56905224547891,117.00475280364972,133833500
2013-01-18,117.50384521484375,117.63059668328722,116.79087727061327,117.21866045468863,169906000
2013-01-22,118.13758087158203,118.13758087158203,117.22656836480357,117.50383566853709,111797300
2013-01-23,118.32765197753906,118.43063900995311,117.92364545355147,118.13753694868836,104596100
2013-01-24,118.359375,118.93766183452543,118.0424963944716,118.15340088448583,146426400
2013-01-25,119.0248031616211,119.02480316162108,118.32768230998698,118.73170102522172,147211600
2013-01-28,118.88217163085938,119.0881335824569,118.43854174732274,119.05643968979368,113357700
2013-01-29,119.3495864868164,119.50010229899029,118.56532561228595,118.64454827796115,105694400
2013-01-30,118.88217163085938,119.57136270030503,118.77125509421646,119.33370685604427,137447700
2013-01-31,118.589111328125,119.12779895872428,118.50990073588183,118.73962716737603,108975800
2013-02-01,119.80908966064453,119.95167599923013,119.13573305016226,119.34169512401441,131173000
2013-02-04,118.46231079101562,119.8327876422626,118.37517071427553,119.08022084551381,159073600
2013-02-05,119.65853881835938,119.99916969718797,119.05647555318215,119.10401640649772,113912400
2013-02-06,119.7457046508789,119.82491524806295,119.15157077741783,119.2387108956995,138762800
2013-02-07,119.58729553222656,119.89624472534415,118.71589417333743,119.7853401967298,162490000
2013-02-08,120.25267791748047,120.32397106910462,119.79321301643178,119.79321301643178,103133700
2013-02-11,120.22888946533203,120.3318644122807,119.92785787960491,120.20512508621465,73775000
2013-02-12,120.42697143554688,120.64878043468319,120.1021753697816,120.23684425585124,65392700
2013-02-13,120.5299301147461,120.89433747129485,120.1892992291673,120.67252850215465,82322600
2013-02-14,120.64086151123047,120.7834599304491,120.03089275386749,120.16556165176652,80834300
2013-02-15,120.49828338623047,120.87852571723501,120.05466531877755,120.75177424433825,215226500
2013-02-19,121.40133666992188,121.42510105429452,120.53786513722862,120.70421582783707,95105400
2013-02-20,119.8882827758789,121.35381773188745,119.82490704985696,121.31420639216326,160574800
2013-02-21,119.15947723388672,119.95165565885952,118.77923497445116,119.58726035247479,183257000
2013-02-22,120.32396697998047,120.32396697998047,119.21492214457545,119.73775065973375,106356600
2013-02-25,118.03459930419922,121.09240887035232,118.03459930419922,120.91021119557547,245824800
2013-02-26,118.84259033203125,118.9851766220022,117.82067356984707,118.60493442773158,186596200
2013-02-27,120.33978271484375,120.67249607915866,118.63659248152625,118.7395795065567,150781900
2013-02-28,120.1021957397461,121.10033640514942,119.94376244030389,120.33192221078443,126866000
2013-03-01,120.49828338623047,120.68048107371597,119.15158222783818,119.69025785612078,170634800
2013-03-04,121.13993835449219,121.13993835449219,120.03089325674497,120.22100836625307,99010200
2013-03-05,122.22527313232422,122.55006937166061,121.71036169937851,121.7262086614094,121431900
2013-03-06,122.39155578613281,122.7242692445441,122.12221804661164,122.66089352565399,94469900
2013-03-07,122.61332702636719,122.77176023099629,122.4073650691172,122.5499513269798,86101400
2013-03-08,123.13619995117188,123.30255062921104,122.5183018288055,123.15204690211719,123477800
2013-03-11,123.60356903076172,123.61148646154611,122.89061345438743,123.04112925305503,83746800
2013-03-12,123.32634735107422,123.65907296976538,122.95403456384372,123.51647454922845,105755800
2013-03-13,123.50060272216797,123.67488293012288,122.96984466618987,123.38969823416781,92550900
2013-03-14,124.15814971923828,124.21360802383049,123.50856954694508,123.82543615474377,126329900
2013-03-15,123.99422454833984,124.16131514275835,123.58045617403461,124.01014198543348,138601100
2013-03-18,123.30992126464844,123.84304006705746,122.69722741769301,122.8086251951897,126704300
2013-03-19,123.0234603881836,123.73958717840844,122.21184112220142,123.57249659336429,167567300
2013-03-20,123.88275146484375,124.08962945551437,123.54059355328272,123.74748368539301,113759300
2013-03-21,122.8244400024414,123.84293658607257,122.6175620575103,123.14271563178727,128605000
2013-03-22,123.81122589111328,123.81122589111328,123.11895695176642,123.21444944011135,111163600
2013-03-25,123.2939682006836,124.34430020624833,122.81655449569897,124.13741000678905,151322300
2013-03-26,124.28067016601562,124.31249289682448,123.66797636028987,123.80324421375856,86856600
2013-03-27,124.28067016601562,124.32045768561143,123.33378305028845,123.54066115416181,99950600
2013-03-28,124.66259002685547,124.80582265346673,123.93054588374511,124.20108156113362,102932800
2013-04-01,124.16925811767578,124.85356209511745,123.8668875732531,124.59893171214152,99194100
2013-04-02,124.7819595336914,125.09228274364168,124.42388401791014,124.6148568168971,101504300
2013-04-03,123.51678466796875,124.94905030904944,123.19055616366497,124.85356998012597,154167400
2013-04-04,124.01802825927734,124.26469376570256,123.40533474427755,123.67587032284453,131885000
2013-04-05,123.46104431152344,123.61222953506106,122.35501974212416,122.49824018035494,159666000
2013-04-08,124.29658508300781,124.30453773018726,123.13485509816526,123.5486234389724,86571200
2013-04-09,124.72625732421875,125.17981317874633,124.11356353775808,124.5273318739409,101922200
2013-04-10,126.25397491455078,126.41311281067321,125.02859975882055,125.06042248146774,135711100
2013-04-11,126.66773223876953,127.08150044617528,126.1505189441518,126.27783410665235,110142500
2013-04-12,126.35745239257812,126.54841306028567,125.6572309004603,126.26195991727803,116359900
2013-04-15,123.42923736572266,125.82430712803021,123.41333207439416,125.72086202717622,217259000
2013-04-16,125.25135040283203,125.31500796678081,124.0577983970298,124.36015664898794,147507800
2013-04-17,123.42127227783203,124.38407652966981,122.76083851096591,124.36019431219715,226834800
2013-04-18,122.64947509765625,123.66001978434305,122.18001394910065,123.62818491309925,167583200
2013-04-19,123.71569061279297,123.77139555684799,122.6335358702735,122.93590638612923,149687600
2013-04-22,124.26473999023438,124.55914575045743,123.1348449699392,123.9544167955156,106553500
2013-04-23,125.54576110839844,125.66511145724769,124.26468141784582,124.8853275147407,166141300
2013-04-24,125.62539672851562,125.95959000801399,125.35484890482581,125.58560921255138,96781200
2013-04-25,126.13463592529297,126.73141219575894,125.80044267080534,125.9914033068301,131060600
2013-04-26,125.9118881225586,126.19834132655951,125.50607233437877,125.9834983881966,95918800
2013-04-29,126.7552490234375,127.03373725839896,126.05502783118494,126.25395320248931,88572800
2013-04-30,127.05764770507812,127.0894825738096,126.20625315890832,126.73141921997286,116010700
2013-05-01,125.94371795654297,126.84286514726855,125.80049741719709,126.77920752707608,138874200
2013-05-02,127.1133041381836,127.22470185333566,126.14254741695548,126.26189777553256,96407600
2013-05-03,128.40234375,128.8081592747144,127.13718131264099,128.21933580947763,144202300
2013-05-06,128.7286376953125,128.911645711787,128.44218455839996,128.49788951292692,66882100
2013-05-07,129.381103515625,129.42087888815783,128.64109460826745,129.0071227388374,90359200
2013-05-08,129.9699249267578,130.00971244377004,129.16627050547106,129.23788075122576,97419200
2013-05-09,129.60389709472656,130.25636617675355,129.27765648299084,129.91422027281934,106738600
2013-05-10,130.02557373046875,130.13697144513128,129.30943515783227,129.6913805864812,103203000
2013-05-13,130.12899780273438,130.34384057404552,129.5561039816371,129.858462248603,81843200
2013-05-14,131.4738311767578,131.56932366794337,130.2325380643806,130.2325380643806,119000900
2013-05-15,132.18199157714844,132.44457465284708,131.2191991077005,131.2589866297361,120718500
2013-05-16,131.5613250732422,132.37294426180858,131.36239963477118,131.9114357875824,109913600
2013-05-17,132.83445739746094,132.91402029077423,131.8716528992386,132.04670826255176,129801000
2013-05-20,132.82647705078125,133.34369043324043,132.57185882397894,132.70712665406833,85071200
2013-05-21,133.01747131347656,133.51876734353436,132.48435255296968,132.9458610638815,95804200
2013-05-22,132.03079223632812,134.5293075136532,131.4260632466218,133.15273467459593,244031800
2013-05-23,131.64886474609375,132.0148929284644,130.44735935918234,130.6224147323014,211064400
2013-05-24,131.5374755859375,131.59318054532446,130.47919063060925,130.86908892197664,151573900
2013-05-28,132.3252410888672,133.50287661420236,131.93534274955312,132.91405278081047,143679800
2013-05-29,131.4658203125,131.92732870094565,130.76559901396962,131.62495820540883,160363400
2013-05-30,131.95123291015625,132.55596191621459,131.46585431929162,131.56929944009025,107793800
2013-05-31,130.05743408203125,132.33314131849667,129.80281586402313,131.5851798144114,176850100
2013-06-03,130.7736053466797,130.8611330368031,129.42886726271402,130.3598369805102,168390700
2013-06-04,130.14498901367188,131.3703766277064,129.48455503961753,130.84521050740588,157631500
2013-06-05,128.3228302001953,130.03358418048236,128.21143243601074,129.77100113459466,211737800
2013-06-06,129.48451232910156,129.49247711527812,127.51117584664809,128.26708990543804,200225500
2013-06-07,131.13157653808594,131.25092687639213,129.81070946745226,130.37566273212414,188337800
2013-06-10,131.13157653808594,131.60899003274895,130.78941866587775,131.53737982976523,105667100
2013-06-11,129.7789764404297,130.92477690427998,129.49252328910543,129.938114381955,159505400
2013-06-12,128.7047119140625,130.8053632951939,128.5853615509349,130.67009550316902,177361500
2013-06-13,130.66217041015625,130.8929185413375,128.34667574572174,128.63312881906873,163587800
2013-06-14,129.8426055908203,131.02820556790482,129.62777486040287,130.51895693413638,141197500
2013-06-17,130.84523010253906,131.46587664986058,129.87447275591862,130.72586752562452,136295600
2013-06-18,131.87957763671875,132.07850302175828,130.90882078641056,130.91677343089302,114695600
2013-06-19,130.05743408203125,131.99894807779887,130.0017412793035,131.7681999383089,206149500
2013-06-20,126.8348159790039,130.07332695621085,126.50062280140384,128.79224703802316,321255900
2013-06-21,127.24197387695312,127.79390275746837,125.96211013487417,127.69791724880228,271956800
2013-06-24,125.63419342041016,126.7300690998526,124.57030885470533,125.91416753979725,222329000
2013-06-25,126.842041015625,128.06590529609153,125.9221349696898,126.77003966536597,162262200
2013-06-26,128.09791564941406,128.3858844766547,127.38599441063712,127.88193597756126,134848000
2013-06-27,128.84979248046875,129.44173159857604,128.7458000420442,128.86579413384604,129483700
2013-06-28,128.32191467285156,129.10582521744956,127.87396579022413,128.48990160668265,160402900
2013-07-01,129.07386779785156,129.9697657970043,128.84989329806336,128.993871674058,131954800
2013-07-02,128.95379638671875,129.82569738519769,128.38585359532777,128.88179504296048,154863700
2013-07-03,129.00978088378906,129.40174208036282,128.16187628429395,128.36984896913873,75216400
2013-07-05,130.4016876220703,130.4496804001882,129.02583768946423,129.96173347983733,122416900
2013-07-08,131.14561462402344,131.49757797680417,130.4496948528296,131.07362544887084,108092500
2013-07-09,132.0894775390625,132.24945750406926,131.4015527044134,131.96948341104073,119298000
2013-07-10,132.1374969482422,132.58544582284767,131.6895480736367,131.9615152895484,121410100
2013-07-11,133.937255859375,134.07323942314508,132.12944708124786,133.67328345710808,135592200
2013-07-12,133.9932403564453,134.329201895734,133.68928212891012,133.89725483255916,104212700
2013-07-15,134.50523376464844,134.69721708986165,134.12927404799652,134.3612554250073,69450600
2013-07-16,134.0012664794922,134.67318965430542,133.64130850767717,134.59319356915145,88702100
2013-07-17,134.34519958496094,134.76915191052345,134.16921799257423,134.51318645248892,92873900
2013-07-18,135.0811767578125,135.40114897887366,134.5452370189388,134.63322785401908,103620100
2013-07-19,135.32110595703125,135.3690987221285,134.6331811773651,134.8011680608935,103831700
2013-07-22,135.5851287841797,135.77711212164022,135.1931673806658,135.51313960976668,79428600
2013-07-23,135.297119140625,135.8490603896444,135.22512998788912,135.8250640053991,80829700
2013-07-24,134.80123901367188,135.8731186839892,134.52925952548404,135.8171189581082,112914000
2013-07-25,135.12911987304688,135.24911398897572,134.3372148540799,134.5611892236552,111088600
2013-07-26,135.2731475830078,135.31314563265374,134.00129016182845,134.5612262397982,107814600
2013-07-29,134.85714721679688,135.2331067944067,134.47319291406095,134.92913635999352,79695000
2013-07-30,134.85714721679688,135.40908839267885,134.53718733213148,135.2651101062856,85209600
2013-07-31,134.95314025878906,135.86503932466417,134.7771586666301,135.1371165757964,142388700
2013-08-01,136.5130615234375,136.6330435085513,135.90512025033993,135.97712164710356,110438400
2013-08-02,136.74497985839844,136.76098151902193,136.02506380432155,136.20904018157393,91116700
2013-08-05,136.54495239257812,136.75293728832264,136.2649905643098,136.44097215039224,54072700
2013-08-06,135.76904296875,136.57696179700545,135.4650847475141,136.28098609501177,87495000
2013-08-07,135.3290557861328,135.5290337114858,134.8251197141084,135.33706271478465,84854700
2013-08-08,135.82504272460938,136.12900094598913,135.12911107346653,135.9690210075229,102181300
2013-08-09,135.43312072753906,136.06505814519312,134.9611755003785,135.6491004201529,91757700
2013-08-12,135.2731475830078,135.43312757590044,134.68921511638874,134.753209554684,68593300
2013-08-13,135.6730499267578,135.9050189937134,134.71315814393282,135.51306999723468,80806000
2013-08-14,134.97718811035156,135.82509308371377,134.94518478738047,135.60911337357896,79829200
2013-08-15,133.08938598632812,133.92928397021012,132.85740463014517,133.91329451548006,152931800
2013-08-16,132.6494140625,133.28934613083587,132.38544162659812,132.83339041272652,130868200
2013-08-19,131.801513671875,132.95338899230467,131.793506739626,132.49743325893067,96437600
2013-08-20,132.44943237304688,132.94537391452198,131.8734947481196,132.0174730515071,89294400
2013-08-21,131.63352966308594,132.80940139473992,131.33756609991102,132.08147847406084,159530500
2013-08-22,132.83338928222656,133.02537256280013,131.8974936750972,131.90548840132107,101471400
2013-08-23,133.2813720703125,133.44935900938611,132.60145399713838,133.22538456108265,90888900
2013-08-26,132.785400390625,133.82528849747257,132.69740957683737,133.417325540053,89702100
2013-08-27,130.64962768554688,132.78539124878142,130.55364215191022,131.47353606443062,158619400
2013-08-28,131.11363220214844,131.57758281562192,130.4257071139903,130.59368186715707,108113000
2013-08-29,131.321533203125,132.0174526399439,130.70559763170306,130.82559173832868,119200500
2013-08-30,130.9055938720703,131.60952033764514,130.521639529797,131.59351868005794,134928900
2013-09-03,131.49752807617188,132.44942527205072,130.94558686473368,132.16945120066705,142375100
2013-09-04,132.5854034423828,132.80937780809293,131.2895500113904,131.52951382773156,97389400
2013-09-05,132.75338745117188,133.10533844276367,132.5693989217023,132.6653966518521,63090500
2013-09-06,132.81744384765625,133.56936342442341,131.56958250991244,133.19340363603982,159756500
2013-09-09,134.08926391601562,134.16924779943255,133.14536132845558,133.14536132845558,87559300
2013-09-10,135.0811767578125,135.10517314868056,134.59322980067492,134.89720035925995,105847200
2013-09-11,135.5050506591797,135.5050506591797,134.6651530546692,134.8971221003839,94545900
2013-09-12,135.14515686035156,135.633103765708,134.96118048132269,135.45712211422267,83209000
2013-09-13,135.4490966796875,135.55308914263256,134.97715154210144,135.28911672524845,72727800
2013-09-16,136.2330322265625,136.97695685070377,136.01705253494853,136.9129624159407,106299200
2013-09-17,136.8409881591797,136.87297927720059,136.35304122094166,136.35304122094166,82523300
2013-09-18,138.42477416992188,138.80073378672674,136.4489905516286,136.79294685321815,203460600
2013-09-19,138.1927947998047,138.86473016621161,138.0568112224466,138.80073574056865,146616900
2013-09-20,137.2266387939453,138.52077521987658,137.1141057249593,138.52077521987658,132867100
2013-09-23,136.59158325195312,137.17032809346452,136.15753075341019,137.0417276682696,104616500
2013-09-24,136.27015686035156,137.07396832641402,136.01294356911018,136.567563177934,106333100
2013-09-25,135.876220703125,136.63180508707487,135.75565394618994,136.35851226123285,117306500
2013-09-26,136.39865112304688,136.78447685726337,135.88421272236525,136.1012450638778,77146900
2013-09-27,135.77174377441406,135.95661690396008,135.41806490732793,135.71547110683912,99141800
2013-09-30,135.0482635498047,135.47428234135134,134.35698569207565,134.62224475825806,143937000
2013-10-01,136.1173553466797,136.24596805367807,135.01613817281523,135.15278457455747,127160000
2013-10-02,135.98875427246094,136.11736699046114,134.9036166604419,135.32160186135062,113350000
2013-10-03,134.73480224609375,135.7958387033951,134.10783061775498,135.6752596886019,176698000
2013-10-04,135.7556610107422,135.89230743077408,134.66247738530245,134.8393168147989,96878000
2013-10-07,134.5821075439453,135.401998427877,134.43742741070287,134.5740738471605,96295000
2013-10-08,133.0146484375,134.73480358506978,132.91819503685338,134.55796417376214,178015000
2013-10-09,133.11111450195312,133.59339377181377,132.25103079300098,133.27187425857335,168973000
2013-10-10,135.980712890625,136.0530529409671,134.42131750227415,134.46954420250222,195955000
2013-10-11,136.85687255859375,136.9051115270269,135.65920187729213,135.77173493993493,105040000
2013-10-14,137.4034881591797,137.516021236301,135.9083988401766,136.01289822078405,112106000
2013-10-15,136.40675354003906,137.57227728729643,136.22188040458903,137.05783862742908,155485000
2013-10-16,138.3118133544922,138.38415342631808,137.16235684189346,137.2266632163565,161676000
2013-10-17,139.2361602783203,139.3165462947144,137.7249914794367,137.74910483131814,129389000
2013-10-18,140.17660522460938,140.273058623484,139.4692475923743,139.75058635933587,138316000
2013-10-21,140.1846160888672,140.4659548100097,139.8711303283963,140.2248090869134,104104000
2013-10-22,140.9965057373047,141.41447867168048,140.20876204098388,140.59460019373915,126663000
2013-10-23,140.3213348388672,140.5785480592089,139.8310094891175,140.51424168782694,105484000
2013-10-24,140.78750610351562,140.96434552276693,140.2730675016529,140.60263298891064,70350000
2013-10-25,141.43055725097656,141.4707502580639,140.80358558900213,141.076878412902,93625000
2013-10-28,141.65560913085938,141.8485281863729,141.2295902819684,141.38231633443544,84979000
2013-10-29,142.41123962402344,142.4675122995768,141.7762341245847,141.9771869398128,87401000
2013-10-30,141.70379638671875,142.68444651522302,141.1974039378662,142.57995945460405,140002000
2013-10-31,141.30194091796875,142.1861379905255,141.09295445772054,141.5913133903343,133795000
2013-11-01,141.63955688476562,141.96107641314663,140.84377949402446,141.4868308159703,142805000
2013-11-04,142.13792419433594,142.19418459577932,141.45467982485582,142.02539112626462,85677000
2013-11-05,141.68777465820312,142.07360052098198,141.12510938640415,141.58327529873222,85825000
2013-11-06,142.41123962402344,142.67649881194689,141.90483460478896,142.29870653810315,87348000
2013-11-07,140.6106719970703,142.78900550823494,140.47402557979197,142.67647244311254,157000000
2013-11-08,142.50770568847656,142.52378534937301,140.54641634067409,140.56248373638297,136713000
2013-11-11,142.53179931640625,142.70059278977124,142.20223380054253,142.3710272739075,62614000
2013-11-12,142.24241638183594,142.56393591288975,141.76815851553326,142.22633672572806,83990000
2013-11-13,143.38381958007812,143.4240003205874,141.54308539993485,141.54308539993485,103844000
2013-11-14,144.09921264648438,144.21977939981767,143.27932192826762,143.51242173977315,103435000
2013-11-15,144.72621154785156,144.78247195494046,144.14746649250026,144.33233963748629,102818000
2013-11-18,144.2198028564453,145.08792041719036,143.89828328514068,144.96735364424748,104796000
2013-11-19,143.9062957763672,144.58149413572468,143.657116305546,144.14744155190448,93891000
2013-11-20,143.4561767578125,144.6297341669682,143.06230487929597,144.1956815431454,124909000
2013-11-21,144.6136474609375,144.7261805161721,143.76964341408643,143.85806311928383,92841000
2013-11-22,145.33709716796875,145.35317682578463,144.50113893932192,144.66993241824028,81296000
2013-11-25,145.19241333007812,145.62646595852448,144.98341457937238,145.59431890890008,79486000
2013-11-26,145.23260498046875,145.66666990669137,145.01558478254327,145.26476429769272,86994000
2013-11-27,145.58627319335938,145.6827388727652,145.20848096741423,145.38532040360917,58800000
2013-11-29,145.48983764648438,146.09269608977093,145.3290778479786,145.7470631362428,55870900
2013-12-02,145.11203002929688,145.83545517866767,144.88696388215106,145.5621623235885,99726000
2013-12-03,144.48504638671875,144.99948500424767,144.01883447314813,144.63777245937618,116563000
2013-12-04,144.46893310546875,145.07179129500187,143.35968237705106,143.96254056658418,123033000
2013-12-05,143.8339385986328,144.4769898351104,143.69729220397343,144.21173074011907,106934000
2013-12-06,145.44158935546875,145.5782357771849,144.8065716875816,145.22455691383274,127728000
2013-12-09,145.81134033203125,146.02837278069478,145.61843350227255,145.8676130008342,70124000
2013-12-10,145.28887939453125,145.77920473399436,145.20045966888426,145.4737525426346,80976000
2013-12-11,143.6571502685547,145.36927218794233,143.48031080903172,145.34515883120616,130591000
2013-12-12,143.182861328125,143.76963994015676,142.88544290954766,143.59280053403495,115565000
2013-12-13,143.1667938232422,143.60889237606534,142.8935009961093,143.4802796579379,107808000
2013-12-16,144.0590362548828,144.53328189293393,143.80181079786092,143.8420038086687,96195000
2013-12-17,143.60081481933594,144.2117189634337,143.27929535994429,144.18760561723838,89886000
2013-12-18,146.05245971679688,146.07657306615513,142.53177579347852,143.81786606492324,234906000
2013-12-19,145.88363647460938,146.0524298856413,145.25666498898744,145.63444480683324,136531200
2013-12-20,146.73228454589844,147.07980628780638,145.93219900546381,146.02917608144992,197087000
2013-12-23,147.5161590576172,147.6050587872045,147.14440552063013,147.4515035877564,85598000
2013-12-24,147.83944702148438,147.9041025013804,147.51618195377606,147.52425926434861,45368800
2013-12-26,148.591064453125,148.67188689043527,148.15465535425818,148.1708099763022,63365000
2013-12-27,148.58299255371094,148.84967947664833,148.42943731629225,148.78503632257278,61814000
2013-12-30,148.55870056152344,148.7203330583317,148.36473416629207,148.5990994368987,56857000
2013-12-31,149.26181030273438,149.26181030273438,148.64758954381196,148.76074585773486,86119900
2014-01-02,147.83140563964844,148.76081451579284,147.4758065796819,148.68806937587252,119636900
2014-01-03,147.80711364746094,148.38092327837163,147.5969926034024,148.08189016625383,81390600
2014-01-06,147.3787841796875,148.34859165204625,147.15249618052948,148.2920258181423,108028200
2014-01-07,148.28390502929688,148.53443723775675,147.85557338287802,147.96871735869115,86144200
2014-01-08,148.31625366210938,148.56678589546073,147.80709955447946,148.2596755026973,96582300
2014-01-09,148.4132537841797,148.809263966353,147.73438975625828,148.79309701375345,90683400
2014-01-10,148.8173370361328,148.88199251291698,147.904095382742,148.66378182024184,102026400
2014-01-13,146.8372802734375,148.84962761787082,146.55441416287144,148.43746291242792,149892000
2014-01-14,148.4375457763672,148.51836823358124,147.0474833683593,147.32225999204616,105016100
2014-01-15,149.2376251220703,149.46391317595666,148.46986120125777,148.7850490142976,98525800
2014-01-16,149.04364013671875,149.23760658671952,148.5668198203776,148.9304961238281,72290600
2014-01-17,148.4132537841797,149.06787354908758,148.15464420144508,148.7850197033395,107848700
2014-01-21,148.8496551513672,149.32648774010377,147.93642585095887,149.26990957481752,88621200
2014-01-22,148.94664001464844,149.16485069563993,148.6314522895588,149.1001952223176,61270900
2014-01-23,147.72630310058594,148.21929034477975,146.94238469434842,148.1950460812761,132496900
2014-01-24,144.57443237304688,146.8130806861349,144.52594384374365,146.76459215683167,208677100
2014-01-27,143.8632354736328,145.08358768521188,143.14396017609064,144.71182173813756,180843100
2014-01-28,144.71994018554688,144.9058170301941,143.95216387374847,143.96833083077976,110463200
2014-01-29,143.32980346679688,144.2996107452467,142.94996033020735,143.515680214989,216597300
2014-01-30,144.84921264648438,145.31795566140642,144.06528185122528,144.52594755498018,118938100
2014-01-31,144.0006561279297,144.89773112379567,142.98235978063937,143.05509259149397,194677900
2014-02-03,140.75982666015625,144.15415891383347,140.48505014244537,143.8308938732055,254837100
2014-02-04,141.74583435058594,142.1095106896348,140.7113711795354,141.39023532332973,165012400
2014-02-05,141.56802368164062,141.88321146154988,140.3880950006564,141.2528359017314,164230500
2014-02-06,143.4348907470703,143.4348907470703,141.60841974763085,141.89936323116532,132877600
2014-02-07,145.21292114257812,145.3664764111973,143.63698189159925,144.1057250104142,170787200
2014-02-10,145.47959899902344,145.52809986494242,144.83306876805457,145.22906668475696,92218800
2014-02-11,147.07176208496094,147.44352821073144,145.50389976929233,145.6008892070203,117814100
2014-02-12,147.1444549560547,147.75866362842999,146.85351140981922,147.28992056328536,94717700
2014-02-13,147.9041290283203,148.0576842791424,146.14231312931213,146.15039044133337,100542200
2014-02-14,148.72036743164062,148.9951439728999,147.62932624541972,147.76671451604938,96498400
2014-02-18,148.89820861816406,149.10025242539746,148.42137586094398,148.84970774573677,80460900
2014-02-19,147.9121551513672,149.47192659403518,147.79092153246782,148.5101966102365,126524300
2014-02-20,148.78501892089844,149.12445093307412,147.57275644951176,148.11423220691856,104998100
2014-02-21,148.6152801513672,149.42345504203354,148.54254737083207,149.06785611705712,118116400
2014-02-24,149.4396514892578,150.44178065915222,148.8658417776468,148.93049726147427,114063900
2014-02-25,149.3831329345703,149.9892644641129,148.89014546393793,149.56093250311167,117085000
2014-02-26,149.39117431640625,149.99730565012425,148.97091980546517,149.60129540599002,98677200
2014-02-27,150.1750946044922,150.21549349181464,149.00323090959603,149.17295309708663,93880800
2014-02-28,150.55496215820312,151.2499933676822,149.55283273879772,150.15087453250075,150842000
2014-03-03,149.49620056152344,149.87604377904566,148.50214881419376,149.229501345065,167748500
2014-03-04,151.5974884033203,151.92075351416247,150.926701583138,150.95902316151282,167545900
2014-03-05,151.73487854003906,151.99350049728145,151.49242353806775,151.72680122829038,88376900
2014-03-06,152.08238220214844,152.42990390265118,151.75911709952686,152.1066388000296,82516500
2014-03-07,152.14700317382812,152.71273547273688,151.47621652287464,152.71273547273688,114513500
2014-03-10,152.06625366210938,152.12281951547254,151.1934229371928,151.91269839590527,74939200
2014-03-11,151.31466674804688,152.5107751403452,150.96715726813093,152.29256434378337,99009100
2014-03-12,151.35504150390625,151.41161968380678,150.23975584780248,150.57920026365733,104824400
2014-03-13,149.65785217285156,151.9288344574442,149.23761001917646,151.80760079899065,155014300
2014-03-14,149.2376251220703,150.15894429340017,149.05982560376333,149.39118037258763,153919600
2014-03-17,150.58729553222656,150.94289461464928,149.92458590920685,149.9892414088997,98359500
2014-03-18,151.66212463378906,151.86416838535328,150.7327159775305,150.8943608441994,101804600
2014-03-19,150.8539276123047,151.88839048280494,149.89219752212787,151.6782571195104,176267300
2014-03-20,151.73487854003906,151.84802256338918,150.25591659296512,150.5226158619562,117241000
2014-03-21,151.14639282226562,153.4355117361962,151.00839813674682,152.37213145245505,163128000
2014-03-24,150.52130126953125,151.85256993552062,149.86379228306512,151.66586037214952,121411000
2014-03-25,151.23562622070312,151.74702756374853,150.3914201235818,151.28432875124116,103852000
2014-03-26,150.14785766601562,152.07168146001575,150.10726810528334,151.82815648181696,119843000
2014-03-27,149.83139038085938,150.44831004989953,149.27939919386208,149.96938508105768,142383000
2014-03-28,150.5700225830078,151.32493667027694,150.17226455838892,150.26155667060135,101642000
2014-03-31,151.80384826660156,152.03926035388295,150.5943607627157,151.5278589932771,99745000
2014-04-01,152.81040954589844,152.89970164851792,151.795732191676,152.2990081957869,89193000
2014-04-02,153.32183837890625,153.52477388612687,152.72114481850107,153.0052594830901,78774000
2014-04-03,153.11888122558594,153.59780598223392,152.64806942904775,153.55721640928778,77435000
2014-04-04,151.30868530273438,153.9874360516951,151.06517264153666,153.95497182560158,169381000
2014-04-07,149.6365203857422,151.19506357146167,149.32806684201242,150.94342552807677,140803000
2014-04-08,150.25344848632812,150.4969611762853,149.0277101446108,149.57157579584833,112660000
2014-04-09,151.86886596679688,151.91756852365594,150.22103006663997,150.659377850781,100254000
2014-04-10,148.6786346435547,151.93371488096494,148.4919251069936,151.86066108989175,172959000
2014-04-11,147.3393096923828,148.88974013479307,147.17696374347432,147.8507111983364,167251000
2014-04-14,148.50010681152344,148.84914998103,147.28249362006943,148.49198146307785,132382000
2014-04-15,149.5228271484375,149.62835753900904,147.33923986972394,148.80850283451122,157093000
2014-04-16,151.08953857421875,151.09765153498006,149.88815152676295,150.55378589518034,105197000
2014-04-17,151.30055236816406,151.72266156884425,150.62680519333503,150.88656851258338,105255000
2014-04-21,151.82815551757812,151.87687042186445,151.15442083571963,151.34111795046857,68329000
2014-04-22,152.51824951171875,152.93223359653373,151.90132986619383,151.98249665875562,85790000
2014-04-23,152.16099548339844,152.54251511415282,152.03923916983715,152.4613483671775,73869000
2014-04-24,152.469482421875,152.92405590366147,151.7389072808338,152.907817597541,88170000
2014-04-25,151.2194366455078,152.0636554008762,150.878506435679,151.9743632707161,100380000
2014-04-28,151.6983184814453,152.35582738770736,150.1397756405507,151.83631310740918,135121000
2014-04-29,152.40457153320312,152.63997128031673,151.86070584017443,152.18539770920023,84098000
2014-04-30,152.85911560058594,153.01334854377458,151.94184328764186,152.15290410935202,101508000
2014-05-01,152.8753662109375,153.28935015529095,152.3883160760045,152.7860740990731,93019000
2014-05-02,152.65615844726562,153.53284106337304,152.42887173785223,152.85909389397023,98122000
2014-05-05,152.9484405517578,153.05397098527612,151.4873023369707,151.90941168484278,75883000
2014-05-06,151.6171112060547,152.7129674372534,151.58464698852217,152.6074370544312,85454000
2014-05-07,152.5100555419922,152.58310933235606,150.99208993153687,152.1285358996069,106500000
2014-05-08,152.3476104736328,153.45970454465441,151.86057309582316,152.37197410940382,93618000
2014-05-09,152.57496643066406,152.63989486300292,151.65769439989603,152.37203101756987,83679000
2014-05-12,154.0605010986328,154.13356728852543,152.6074884405363,153.25688448560823,86940000
2014-05-13,154.19851684570312,154.57191123203614,154.04428388283512,154.26344530630013,66454000
2014-05-14,153.46792602539062,154.13356034782038,153.248752237981,154.06049416121797,72367000
2014-05-15,152.1204376220703,153.191942949522,151.3736365087855,153.15946633500567,154956000
2014-05-16,152.64808654785156,152.71302739460847,151.56846819464283,152.20973892879235,97458000
2014-05-19,153.2082061767578,153.32996253550004,152.2178798383168,152.35587450695843,63839000
2014-05-20,152.24217224121094,153.15131906480826,151.8525396576973,153.13508076118788,111644000
2014-05-21,153.52474975585938,153.59780355428848,152.6561799760965,152.6805312422395,89093000
2014-05-22,153.8981475830078,154.2147264362424,153.30557944976331,153.5653304232436,61549000
2014-05-23,154.5150604248047,154.62057843881334,153.89812871430541,154.0361233373915,61092800
2014-05-27,155.46481323242188,155.5135157649673,155.00211440084337,155.09140650590948,72010000
2014-05-28,155.35122680664062,155.7083953578288,155.09146335624814,155.4648702196366,66723000
2014-05-29,156.15484619140625,156.17919746699982,155.3106397363547,155.70839788138852,64377000
2014-05-30,156.40643310546875,156.50385056216197,155.87880579202726,156.00868747681875,76316000
2014-06-02,156.58499145507812,156.6580576320761,155.83007751107544,156.6255810231443,64656000
2014-06-03,156.50384521484375,156.58501197541577,156.05738468000192,156.20349228075082,65047000
2014-06-04,156.82044982910156,156.9097419507373,156.07364862369388,156.23599455770412,55529000
2014-06-05,157.8431854248047,158.00553130231162,156.42263732077498,156.99897943005064,92103000
2014-06-06,158.59812927246094,158.6387064566823,158.11107919982575,158.18413299486167,78696000
2014-06-09,158.76040649414062,159.14192599589433,158.427589501344,158.57370941440772,65119000
2014-06-10,158.77671813964844,158.8091823652192,158.22472721535954,158.56565732174462,57129000
2014-06-11,158.2246856689453,158.38703152656706,157.86751735046045,158.20844736732462,68772000
2014-06-12,157.1045379638672,158.12734078977107,156.75549485649978,158.03804867617947,106350000
2014-06-13,157.58343505859375,157.73766797794278,156.90968789765654,157.4129638355773,82017000
2014-06-16,157.7133026123047,158.04611970978218,157.20191372121602,157.38861085967073,87424000
2014-06-17,158.1516571044922,158.26530046156466,157.32367699656587,157.49414822527308,84834000
2014-06-18,159.31246948242188,159.4017615917166,157.80262897102006,158.1516844477899,105267000
2014-06-19,159.4910430908203,159.58846054024232,158.9390645509548,159.45045351907768,85929000
2014-06-20,159.81484985351562,159.9453538900442,159.61909379872276,159.88825370698174,100587000
2014-06-23,159.7659149169922,159.90457078956075,159.47228705580287,159.8556348869542,70611000
2014-06-24,158.80345153808594,160.2715907362299,158.62401161133783,159.48042718071758,96237000
2014-06-25,159.52114868164062,159.68427242955826,158.43635771194937,158.4689774833152,82782000
2014-06-26,159.4070281982422,159.5620001802143,158.338552885339,159.54568406486212,84312000
2014-06-27,159.71702575683594,159.76596167376397,158.95848170779044,159.03188558318251,71445100
2014-06-30,159.63536071777344,160.00239231754097,159.4803887778492,159.61904460684823,70201200
2014-07-01,160.7039031982422,161.19328716705465,159.9698396905748,160.02692743445715,90470000
2014-07-02,160.86705017089844,161.07095811296563,160.6468385542641,160.72024242647555,52475000
2014-07-03,161.6581573486328,161.73156119512896,161.20140570970298,161.3237454538632,52938800
2014-07-07,161.09542846679688,161.47877639923007,160.85890072652376,161.34828477298626,61696000
2014-07-08,160.05950927734375,160.85882455890217,159.66799724733573,160.80172438744574,108143000
2014-07-09,160.77732849121094,160.92414867964607,160.11666875713533,160.45923260274665,72992000
2014-07-10,160.14109802246094,160.56522991978946,159.09709061792145,159.22759465487638,99040000
2014-07-11,160.361328125,160.47551605028872,159.68435240880592,160.0432323012992,64243000
2014-07-14,161.1688232421875,161.38088299634674,161.03831918783487,161.17697507850266,58658000
2014-07-15,160.86705017089844,161.5766582722684,160.15745451508158,161.26671421774927,111307000
2014-07-16,161.46246337890625,161.70714294242205,161.02201527347265,161.58480316066414,79986400
2014-07-17,159.62722778320312,161.57658634375392,159.39883953984983,160.96486278987126,145398000
2014-07-18,161.2584991455078,161.42162294608454,160.0595199206691,160.14923987781853,124330000
2014-07-21,160.9567413330078,161.08724537948797,160.2145135698967,160.75283342746417,67592000
2014-07-22,161.6581573486328,161.9517851801661,161.38899746593157,161.50318537566403,67678000
2014-07-23,162.01705932617188,162.18834743694543,161.57662374147628,161.90287140083964,65612000
2014-07-24,162.02523803710938,162.35965003303411,161.86211418037007,162.17205822006153,56888000
2014-07-25,161.26669311523438,161.70712873642307,160.94859726505604,161.56847284742753,76837000
2014-07-28,161.3319549560547,161.56848267624736,160.3695030652017,161.29932271809912,69259000
2014-07-29,160.63856506347656,161.86201188413602,160.61409712270697,161.63363613992317,80466000
2014-07-30,160.66302490234375,161.42156836458403,159.9942138124599,161.20949629454884,104222000
2014-07-31,157.4903106689453,159.6843617758496,157.39243885454252,159.54570589026193,183479000
2014-08-01,157.00909423828125,158.0367856474424,156.2505627698519,157.05803014649587,189261000
2014-08-04,158.14276123046875,158.47717306937065,156.64200254026315,157.31081377252028,91340000
2014-08-05,156.60943603515625,157.90629987854592,156.03849634229232,157.49848403427856,152690000
2014-08-06,156.6583709716797,157.3271824273021,155.85089118879876,155.87535914171477,94818000
2014-08-07,155.8101348876953,157.5229665703871,155.41863512571402,157.3679945439322,135733000
2014-08-08,157.6126251220703,157.71864874708874,155.74482214102622,156.16080214368094,117014000
2014-08-11,158.06944274902344,158.77088658339628,157.99603887515443,158.2080986592938,74544000
2014-08-12,157.8491973876953,158.35488504464584,157.36797768540038,157.91444941529406,73632000
2014-08-13,158.9176788330078,159.09711880422367,158.19993139369655,158.46907890496817,69047000
2014-08-14,159.66806030273438,159.66806030273438,159.0318685596636,159.17868874028503,57371000
2014-08-15,159.63536071777344,160.39389186092328,158.4853175856952,160.2470841992347,139951000
2014-08-18,160.9730682373047,161.04647210128712,160.42659650729374,160.5163164895673,75424000
2014-08-19,161.8131561279297,161.93549589235698,161.03830858027155,161.36455624911156,59135000
2014-08-20,162.2454376220703,162.44119368796888,161.56031005975126,161.59292984795903,72763000
2014-08-21,162.7184600830078,162.930519761115,162.2535442231937,162.384048230743,67791000
2014-08-22,162.46572875976562,162.87354473137182,162.0986968744312,162.58806857302517,76107000
2014-08-25,163.2894287109375,163.60752450766108,162.43301312112808,163.24049281075685,63855000
2014-08-26,163.3954620361328,163.79512595678364,163.35467797148695,163.3954620361328,47298000
2014-08-27,163.33023071289062,163.59123880325,163.07738690382422,163.4770384295547,47874000
2014-08-28,163.2405548095703,163.3465909306005,162.62883093388055,162.79195481162034,58330000
2014-08-29,163.70541381835938,163.72171748855774,162.97950223693934,163.49334165028287,65907000
2014-09-02,163.62388610839844,163.94198199354886,163.01216229498968,163.91751403665677,72426000
2014-09-03,163.5341339111328,164.276361645492,163.30575806141465,164.25189369341865,57462000
2014-09-04,163.29763793945312,164.41504945297967,162.8490379884032,163.811477478335,85236000
2014-09-05,164.03167724609375,164.09692926981626,162.64510596725574,163.26498152429306,102177000
2014-09-08,163.60757446289062,164.11327462544747,163.12635470344821,163.87673444161769,64146000
2014-09-09,162.5717010498047,163.57492446121444,162.23728909748448,163.4607365318308,88591000
2014-09-10,163.18344116210938,163.28946482076373,162.12311745670107,162.66142492327884,67251000
2014-09-11,163.37100219726562,163.39547014815804,162.40855049514727,162.53090269515923,66774400
2014-09-12,162.41676330566406,163.22423081748394,161.95184720869207,163.207927142384,117409300
2014-09-15,162.29437255859375,162.57169676168266,161.8050010650938,162.44119271852912,76401000
2014-09-16,163.517822265625,163.81145014408418,161.90287515687484,161.9925951321138,116201000
2014-09-17,163.738037109375,164.49656849297907,162.922405542205,163.7543532254724,151266000
2014-09-18,164.61074829101562,164.6352162393293,164.02349264039032,164.23555234095838,94990000
2014-09-19,164.4624481201172,165.44577865746382,164.12647299787486,165.13439836460185,121649000
2014-09-22,163.1923065185547,164.20023188161738,162.84814145692087,164.17564955605255,125553000
2014-09-23,162.25816345214844,163.28246884047158,162.20899879410538,162.60232856217766,111393000
2014-09-24,163.52833557128906,163.63486735302166,161.85667436293514,162.282776482405,107276000
2014-09-25,160.88967895507812,163.1103783453839,160.83232436026083,163.10217590060518,150300000
2014-09-26,162.16799926757812,162.569531419712,160.95522537439086,161.18466874597425,103547000
2014-09-29,161.87303161621094,162.1598421405901,160.65206753544643,160.7749791866212,95112000
2014-09-30,161.4468994140625,162.49578698735422,161.11092429194022,161.99592552635377,131302000
2014-10-01,159.2589874267578,161.24204091714753,158.89842997328216,161.1846738205826,177798000
2014-10-02,159.2835693359375,159.84078539623152,157.62009859207708,159.11967049116743,157285000
2014-10-03,161.03717041015625,161.3813354581614,159.8571688148669,160.34882781042037,121569000
2014-10-06,160.84869384765625,161.92217623497567,160.26689547739576,161.70911274412595,104778000
2014-10-07,158.36573791503906,160.3815755927316,158.33296565771684,160.02101824357334,147913000
2014-10-08,161.13552856445312,161.36497197087832,157.6283079191223,158.45594217060395,186461000
2014-10-09,157.93968200683594,161.10273716699956,157.80856793195136,160.88148372859766,210705000
2014-10-10,156.13685607910156,158.68532744896868,156.09589388160242,157.89866820188027,221909000
2014-10-13,153.57203674316406,156.63674997335028,153.48189738323353,156.0713439923961,230939000
2014-10-14,153.80960083007812,155.54683021199705,153.26876491390374,154.39960137431925,215847000
2014-10-15,152.7689208984375,153.80142821903146,149.07323339570064,151.72823614387156,380715000
2014-10-16,152.63790893554688,153.71137907817888,149.86818291594687,150.00748696080387,270391000
2014-10-17,154.44064331054688,155.48953084506667,153.7441107664041,154.3996686014104,214625000
2014-10-20,155.9402618408203,156.06317349146246,154.11290444681242,154.1620691070693,130011000
2014-10-21,159.02955627441406,159.13607552751117,156.90718610168847,157.071072455761,154949000
2014-10-22,157.89871215820312,159.7178793661399,157.8331551187419,159.30815724730238,151822000
2014-10-23,159.73431396484375,160.77501200422336,159.1852876379809,159.4802881647448,154944000
2014-10-24,160.96340942382812,161.01258657627557,159.3736982656752,159.99647132236214,117927000
2014-10-27,160.74220275878906,160.97983611282663,159.8162266647819,160.38983519498308,82954000
2014-10-28,162.5859375,162.59412744120144,161.2092646508088,161.2830241365299,106736000
2014-10-29,162.34010314941406,163.16773735220514,161.26663316742224,162.70066062507817,142557000
2014-10-30,163.38079833984375,163.84787505975865,161.75828972440817,161.90579619114183,113330000
2014-10-31,165.24913024902344,165.38024432975376,164.51982536758553,165.3474595577077,146903000
2014-11-03,165.3391876220703,165.8964034332511,164.96223795283805,165.46209919697174,93600000
2014-11-04,164.7656707763672,165.1999752534178,163.93802403412806,164.8967723610357,93343000
2014-11-05,165.8063201904297,166.01118122036854,165.0770154239963,165.9702065136358,91709000
2014-11-06,166.47010803222656,166.56024740726474,165.23275161463724,165.84733485251706,107089000
2014-11-07,166.62574768066406,166.8388111329204,166.02755703398597,166.4864436946554,89540000
2014-11-10,167.15023803710938,167.19940269251993,166.45371791258117,166.65857897927663,66319000
2014-11-11,167.31407165527344,167.42060337757084,166.8797673310623,167.21574237544397,54499400
2014-11-12,167.13380432128906,167.36324764178696,166.60115821720785,166.63394297940653,90120300
2014-11-13,167.3223419189453,167.84678579681537,166.5192899661473,167.2977595890239,85357900
2014-11-14,167.36328125,167.56814229184863,166.93716678191166,167.2485595667138,80417500
2014-11-17,167.4698028564453,167.64189163567,166.87980204728342,167.04370088605964,80441000
2014-11-18,168.43675231933594,168.73994266225887,167.52716878684132,167.52716878684132,76068100
2014-11-19,168.16635131835938,168.43676942345024,167.4124641028305,168.2400983005495,82373000
2014-11-20,168.46136474609375,168.5678965088488,167.31413519626523,167.37969224228925,72840300
2014-11-21,169.3627471923828,170.31330561085662,168.789138665279,170.14941924650242,142327300
2014-11-24,169.8380584716797,169.9445902553037,169.55126040583653,169.76431146935406,65880800
2014-11-25,169.7151336669922,170.27234986863715,169.46110789837581,170.06748876443305,79108300
2014-11-26,170.14944458007812,170.2477739125853,169.64958296695002,169.8626340219589,62167800
2014-11-28,169.78887939453125,170.33790564924703,169.55124601707166,170.02652527572027,57890100
2014-12-01,168.60882568359375,169.247991127426,168.2974454056534,169.1332694452952,103968400
2014-12-02,169.69869995117188,169.9035610054865,168.62523002715943,168.64981235337908,74507200
2014-12-03,170.35421752929688,170.56726847404644,169.7068622524309,169.87074855637084,68952000
2014-12-04,170.165771484375,170.66563290513906,169.37909961586632,170.06742968598317,91316600
2014-12-05,170.4443817138672,170.8295214613071,170.07563435032745,170.3378499741039,91025500
2014-12-08,169.3053436279297,170.5426997002443,168.74811514580375,170.05104074937088,108588200
2014-12-09,169.1906280517578,169.29715978829483,167.09285311017462,167.46979040238645,125180100
2014-12-10,166.47833251953125,168.78915929797455,166.28985129894235,168.73180469011723,159856400
2014-12-11,167.3223419189453,168.96123060025533,166.92901213647482,167.06831617393877,159012800
2014-12-12,164.61813354492188,167.01911138815058,164.5853612808096,166.0521607965465,202330200
2014-12-15,163.4873046875,165.96202962481365,162.88911393408057,165.51133282276095,189965800
2014-12-16,162.1762237548828,165.85552064454603,162.13524903930377,162.72524993320448,259543800
2014-12-17,165.35560607910156,165.80630279843695,162.48755196079745,162.61047606810183,253910100
2014-12-18,169.4446563720703,174.5170175424843,167.10104565775663,167.77299584682268,257633900
2014-12-19,170.16561889648438,170.8330299608426,169.41580612698328,170.0914523327618,245084600
2014-12-22,170.9484405517578,170.9484405517578,170.11623837846253,170.35518328492228,148318900
2014-12-23,171.1791229248047,171.57462351516708,170.89072948163678,171.52518751296392,122167900
2014-12-24,171.19564819335938,171.66530290337394,171.15444732373768,171.40163996872755,42963400
2014-12-26,171.7476806640625,172.0855101459579,171.59112492500176,171.6405609325497,57326700
2014-12-29,171.97840881347656,172.18440058212315,171.50050640148774,171.5664252761834,79643900
2014-12-30,171.05555725097656,171.6900027998129,170.98139066438497,171.55817763276545,73540800
2014-12-31,169.35812377929688,171.54164325577312,169.23453379332477,171.37685241689863,130333800
2015-01-02,169.26759338378906,170.46235600566513,168.23763427716693,170.05037236301627,121465900
2015-01-05,166.210693359375,168.3942017882237,165.9058294658832,168.22941083424826,169632600
2015-01-06,164.6450653076172,167.03456419149842,163.8540515837314,166.51546104230036,209151400
2015-01-07,166.69677734375,167.0346068627928,165.51851045850196,165.96344714809652,125346700
2015-01-08,169.65478515625,169.869024603716,168.0810178817393,168.09748816790014,147217800
2015-01-09,168.2952423095703,170.0832490055506,167.68550226657175,170.06676614689192,158567300
2015-01-12,166.9769287109375,168.58367462303084,166.37543624497255,168.42711886152512,144396100
2015-01-13,166.50723266601562,169.30871509700975,165.21359859806074,168.1881196100647,214553300
2015-01-14,165.50201416015625,165.69977076877643,163.61513523893473,164.5050085458786,192991100
2015-01-15,163.9859161376953,166.44956942530905,163.87056126040977,166.13647051424184,176613900
2015-01-16,166.13645935058594,166.293015081969,163.59863964809597,163.77991338204083,211879600
2015-01-20,166.4907684326172,167.0345896649275,164.9334713202657,166.77091419250849,130991100
2015-01-21,167.33119201660156,167.8090943057838,165.56790343300892,166.0293228645679,122942700
2015-01-22,169.819580078125,169.95140522448418,166.71322140038436,168.0810094473482,174356000
2015-01-23,168.88856506347656,169.81965206175119,168.75672728849673,169.5642116579494,117516800
2015-01-26,169.28399658203125,169.37463344366853,167.96565708963297,168.67426912441425,92009700
2015-01-27,167.05104064941406,168.1881063322217,166.2270738144371,167.24054950109263,134044600
2015-01-28,164.90872192382812,168.32817926143179,164.71921307206398,168.22930726446546,168514300
2015-01-29,166.43304443359375,166.68847210843228,163.70570399431702,165.10645749447005,173585400
2015-01-30,164.34014892578125,166.58133926184658,164.0764861306325,165.26300014063574,197729700
2015-02-02,166.3754425048828,166.46607939270476,163.03013794612085,164.83462798465027,163107000
2015-02-03,168.78140258789062,168.78965030470357,166.8945236303613,167.26530627751242,124212900
2015-02-04,168.13868713378906,169.2263294995467,167.68550281472338,168.02333226827574,134306700
2015-02-05,169.83604431152344,169.9843648834055,168.72369659972196,168.79785059929478,97953200
2015-02-06,169.3664093017578,170.7589154606612,168.84730609932362,170.19861139612718,125672000
2015-02-09,168.60836791992188,169.4405700473822,168.2046195716701,168.72372279474547,87219000
2015-02-10,170.40457153320312,170.65999922902105,168.64951822966802,169.63828844574928,96164200
2015-02-11,170.50341796875,170.93188415997952,169.59706217017774,170.23975517065514,91087800
2015-02-12,172.1431884765625,172.2008722029331,170.53645530055257,171.2945034509588,97545900
2015-02-13,172.8517608642578,172.90119686249804,172.0113111759659,172.26675145476713,93670400
2015-02-17,173.12368774414062,173.29672632702625,172.29148569227814,172.53866570677582,76968200
2015-02-18,173.14012145996094,173.21427544326295,172.48918074590887,172.75285611684987,80652900
2015-02-19,173.01658630371094,173.37913379359748,172.40685877320954,172.54693165380414,91462500
2015-02-20,174.05474853515625,174.128902528497,171.98658385414944,172.60455894412638,140896400
2015-02-23,174.0300750732422,174.0300750732422,173.42857011269794,173.80760046355132,74411100
2015-02-24,174.5244140625,174.722170629938,173.65924636747098,173.9558749322599,72472300
2015-02-25,174.37606811523438,174.87868828027146,174.03823876749578,174.4007861091925,73061700
2015-02-26,174.17010498046875,174.44201553128175,173.56860016833596,174.2854598287468,72697900
2015-02-27,173.57684326171875,174.3348911834696,173.52740726702078,174.07121578143355,108076000
2015-03-02,174.6727752685547,174.73044642284773,173.6263336197722,173.67576962994886,87491400
2015-03-03,173.9558868408203,174.72218259095698,173.09896680206552,174.24428028315134,110325800
2015-03-04,173.22259521484375,173.4368347015873,172.25855524271728,173.36266810931616,114497200
2015-03-05,173.4120635986328,173.6922093018008,172.90944333224982,173.5438887354121,76873000
2015-03-06,170.97312927246094,172.98361049096536,170.6435475463317,172.55514418880782,188128000
2015-03-09,171.68173217773438,172.03603188586268,171.01432104550287,171.17087675755448,89818900
2015-03-10,168.896728515625,170.40458942344534,168.85552765684014,170.3222002786125,157121300
2015-03-11,168.501220703125,169.32518755252903,168.41881898909006,169.15214898215018,110145700
2015-03-12,170.64352416992188,170.7094304479297,169.0779797534291,169.12741574830258,93993500
2015-03-13,169.5970916748047,171.327414449138,168.56713315220063,170.37162249544068,162410900
2015-03-16,171.8629913330078,171.95362818111172,169.62180070056112,170.32217748797643,136099200
2015-03-17,171.35215759277344,171.73117531616833,170.54466099943568,171.12968301520186,94510400
2015-03-18,173.4120635986328,174.07947471554192,170.2480214339462,170.88247940984445,228808500
2015-03-19,172.6210174560547,173.42026613219497,172.23375211513172,173.0000476564574,117917300
2015-03-20,174.14480590820312,174.64966991678014,173.38337394309482,173.56545687267092,177715100
2015-03-23,173.8054656982422,174.72415223637307,173.8054656982422,174.15307511417527,71784500
2015-03-24,172.82879638671875,174.13646408145203,172.76258328603416,173.68126953613915,77805300
2015-03-25,170.29617309570312,173.26742723939157,170.25480096277474,173.03568772802535,159521700
2015-03-26,169.89064025878906,170.801041900528,168.9388412251926,169.63407240858214,153067200
2015-03-27,170.27969360351562,170.45349198825053,169.58446217799315,169.77482962832696,118939000
2015-03-30,172.35711669921875,172.65506948294097,171.28945992438466,171.30600373596758,96180400
2015-03-31,170.85073852539062,172.23291668553748,170.7928099467254,171.53768533953814,126768700
2015-04-01,170.24655151367188,170.84245684536316,169.26165207299155,170.8176285089476,137303600
2015-04-02,170.8590087890625,171.3059314616564,169.99825105308088,170.18033393458242,86900900
2015-04-06,172.0094451904297,172.52258099944964,169.84101954187773,169.97343313110727,114368200
2015-04-07,171.5542449951172,172.77915599053023,171.52114475366702,172.03428058373333,81236300
2015-04-08,172.133544921875,172.5721956121277,171.38866972718148,171.77766375496878,89351900
2015-04-09,172.8950653076172,173.12680493733004,171.4797991853611,171.96810678876582,85548900
2015-04-10,173.83853149414062,173.87991626544922,172.94468610394253,173.1433128000492,72722900
2015-04-13,173.05227661132812,174.32685688473805,173.0026199357931,173.69783865100243,74436600
2015-04-14,173.3833465576172,173.56542945843373,172.2329205727453,172.85365429038538,75099900
2015-04-15,174.1613311767578,174.66619513158932,173.7640651130928,173.84683466458407,99529300
2015-04-16,174.11163330078125,174.6164971361567,173.6315977992064,173.830237098469,68934900
2015-04-17,172.1087646484375,173.16814917303128,171.33077637562587,172.9281376944782,191113200
2015-04-20,173.68130493164062,174.0123578736731,172.94470140108723,173.02745832216522,92189500
2015-04-21,173.47439575195312,174.51722389775097,173.17644304903084,174.35996932831137,72559800
2015-04-22,174.3268585205078,174.50894141841778,172.89502367522857,173.81371006782535,78264600
2015-04-23,174.76553344726562,175.41109558208242,173.81373405341733,173.92960385636235,102585900
2015-04-24,175.17105102539062,175.43590347488626,174.72412830294158,175.1793355574748,61327400
2015-04-27,174.44271850585938,175.8579842078044,174.25235108673922,175.73384252477726,79358100
2015-04-28,174.99717712402344,175.04683377965628,173.2508465040935,174.41782842688292,86863500
2015-04-29,174.27725219726562,174.87314511030422,173.47443535967182,174.11171305762147,125684900
2015-04-30,172.53086853027344,174.0951169506686,171.83563718765157,173.70612282130784,161304900
2015-05-01,174.40135192871094,174.44273670365686,173.20954113188554,173.30885448866758,103399700
2015-05-04,174.89785766601562,175.47720634279506,174.71577484919152,174.82336005633013,70927200
2015-05-05,172.8950653076172,175.0138474817759,172.75436714878174,174.6579535033052,113326200
2015-05-06,172.18321228027344,173.74746038938505,171.12382798568237,173.44123586592173,135060200
2015-05-07,172.87013244628906,173.29223929645215,171.75281975617182,172.0838725616462,88244900
2015-05-08,175.14620971679688,175.3448490392088,174.4509910316435,174.53376057319656,155877300
2015-05-11,174.31028747558594,175.36967190434544,174.2358024678275,175.10483211158484,75708100
2015-05-12,173.7888946533203,174.32687148400893,172.66329694111005,173.4826700426361,119727600
2015-05-13,173.8219757080078,174.8151470066639,173.59023615928334,174.19441336639656,94667900
2015-05-14,175.63453674316406,175.72557819092486,174.55859580477068,174.8317201480531,95934000
2015-05-15,175.8249053955078,175.96560352970437,175.34486978120518,175.8249053955078,76510100
2015-05-18,176.37110900878906,176.61939234158868,175.5931208890644,175.65933398743005,74549700
2015-05-19,176.31321716308594,176.76015254493973,176.03182088791033,176.48702817355368,72114600
2015-05-20,176.18902587890625,176.93390113389245,175.87451681935968,176.4124808780878,76857500
2015-05-21,176.7021942138672,176.90910544830965,175.88282117908557,176.04836026972717,64764600
2015-05-22,176.2800750732422,176.73526962196954,176.21386197206093,176.32144721122995,57433500
2015-05-26,174.3847198486328,176.21382002539266,173.9708975364012,175.79171318444938,124308600
2015-05-27,176.04010009765625,176.2718397019903,174.43446667558356,174.84001729759882,93214000
2015-05-28,175.84149169921875,175.94907697960747,175.15454471873457,175.73389378996742,74974600
2015-05-29,174.74896240234375,175.81661888102775,174.48412257297713,175.77524673468258,124919600
2015-06-01,175.10487365722656,175.7421512688393,174.31860073702902,175.41109829212778,93338800
2015-06-02,174.9310302734375,175.61797707044715,174.02890034426045,174.6496340324049,91531000
2015-06-03,175.39456176757812,176.01529564103168,174.90625415138842,175.46077489621007,87820900
2015-06-04,173.91297912597656,175.34480087375275,173.59847010909817,174.69096713897747,151882800
2015-06-05,173.61508178710938,174.28547216475346,172.96123521540898,173.7640518137594,121704700
2015-06-08,172.54739379882812,173.65644748937723,172.4729087936828,173.50746485022844,89063300
2015-06-09,172.52259826660156,173.06057509560912,171.89359261101387,172.52259826660156,105034700
2015-06-10,174.59170532226562,174.9724275682748,173.22609616215163,173.28402474351776,134551300
2015-06-11,175.15444946289062,175.53515894742927,174.79855567984202,175.03029518230616,73876400
2015-06-12,173.81362915039062,175.0302676614573,173.54050493067632,174.3350492633774,135382400
2015-06-15,173.06883239746094,173.35022864367772,171.97633502434712,172.67983826874854,124384200
2015-06-16,174.01234436035156,174.0951139038621,172.74604864356712,172.9198470045364,85308200
2015-06-17,174.2937774658203,174.8979674777453,173.27577753539802,174.2937774658203,126708600
2015-06-18,176.10629272460938,176.56977187934456,174.32686112078122,174.8896536289997,165867900
2015-06-19,175.3245391845703,175.93998021481357,174.95028982021987,175.86513288000162,130478700
2015-06-22,176.22271728515625,176.80488428060616,176.0147995946178,176.23935425368018,70696000
2015-06-23,176.3474884033203,176.68016437061112,175.95661476347576,176.43066056771565,68476800
2015-06-24,175.06668090820312,176.45556944293014,175.04173180263163,176.0813201690699,92307300
2015-06-25,174.53440856933594,175.69043030134037,174.4595612541665,175.56568477605794,97107400
2015-06-26,174.50112915039062,175.13319422979956,173.9522235157458,174.89200265232557,104174800
2015-06-29,170.84178161621094,174.50945219008148,170.7669343041614,173.0290794637627,202621300
2015-06-30,171.1993865966797,172.42194331185507,170.725328295157,172.3720324193642,182925100
2015-07-01,172.5717010498047,173.01248558425087,171.78992842183146,172.76298179166304,135979900
2015-07-02,172.4136199951172,173.21202930825547,171.99778471938143,173.04569773601827,104373700
2015-07-06,171.92298889160156,172.69643664471428,170.93329860857745,171.13290416919813,117975400
2015-07-07,173.004150390625,173.12889592515094,169.7523147609061,172.122581439206,173820200
2015-07-08,170.10165405273438,171.9562766706822,169.86878720789298,171.67351160055927,164020100
2015-07-09,170.4093475341797,172.44695121445062,170.30123895596645,172.18912259799822,144113100
2015-07-10,172.55506896972656,172.97090440572762,170.45094267878432,172.39704947359968,129456900
2015-07-13,174.45960998535156,174.56771857403146,173.76932160863564,173.81090769210834,106069400
2015-07-14,175.21644592285156,175.52417283232114,174.3598257800409,174.41804884328667,81709600
2015-07-15,175.1581573486328,175.71537516525748,174.68409898342682,175.25795376645004,97914100
2015-07-16,176.56370544433594,176.56370544433594,175.96490148001948,176.20608041745504,106683300
2015-07-17,176.71339416503906,176.7716172078095,176.1478641567518,176.55537469499166,89030000
2015-07-20,176.80491638183594,177.29559917492722,176.48889006423516,176.9379867736105,70446800
2015-07-21,176.1062774658203,176.92963605883963,175.8068754947486,176.671807472129,77965000
2015-07-22,175.790283203125,176.12295919457958,175.391084703671,175.4243459576707,88667900
2015-07-23,174.80055236816406,176.02310938745734,174.4429400365433,175.9233129582215,90509100
2015-07-24,172.98756408691406,174.95862025143398,172.65490077055605,174.90040988170279,117755000
2015-07-27,171.98121643066406,172.61329442396672,171.54043187759277,172.1059746773746,132361100
2015-07-28,174.09365844726562,174.23504096722047,171.98953223744314,172.8128782471972,123544800
2015-07-29,175.29122924804688,175.51577119011958,174.07698449596467,174.21836698588396,105791300
2015-07-30,175.33285522460938,175.49918685706012,174.1685084168741,174.7839494162609,91304400
2015-07-31,175.06668090820312,175.85676552863868,174.78391591820096,175.83181642306718,103266900
2015-08-03,174.47616577148438,175.09160657051717,173.52806181584714,175.0333962287401,113965700
2015-08-04,174.13528442382812,174.8588341594563,173.65291370331173,174.40141255463104,81820800
2015-08-05,174.70904541015625,175.7403088109863,174.42626776740303,175.02507160220773,85786800
2015-08-06,173.27862548828125,175.00017753705393,172.69644574503167,174.89205626640072,116030800
2015-08-07,172.9459228515625,173.27027392318615,172.04771695546134,173.1205792856466,117858000
2015-08-10,175.12489318847656,175.20805263850974,174.0520309536673,174.0520309536673,80270700
2015-08-11,173.5447235107422,174.21006260904733,172.78790012779152,173.7942272588926,126081400
2015-08-12,173.7526397705078,173.93560833830855,170.79189413196906,172.2473178456554,172123700
2015-08-13,173.53643798828125,174.2766245174708,172.99584433599424,173.59464834728124,89383300
2015-08-14,174.16851806640625,174.24336540161238,173.20377677833594,173.34515930826663,72786500
2015-08-17,175.1415252685547,175.1415252685547,173.1205716096502,173.57799302121936,79072600
2015-08-18,174.63427734375,175.21644452008294,174.40141047321683,174.86714421428317,71692700
2015-08-19,173.25364685058594,174.65915967808638,172.44692525387063,173.89402415455712,172946000
2015-08-20,169.6359100341797,173.22872162889385,169.57768698136883,171.74834848098652,194327900
2015-08-21,164.52943420410156,169.61094324774174,164.27161828918466,167.77294521481267,346588500
2015-08-24,157.60162353515625,164.23835325792018,151.69675551920068,155.92996972210037,507244300
2015-08-25,155.7469482421875,162.55000728437562,155.45585847209603,162.53337032001124,369833100
2015-08-26,161.72669982910156,162.00114000948767,156.66181531070703,159.74731938075684,339257000
2015-08-27,165.7270050048828,165.85175051951322,162.3504243791661,163.855746143709,274143900
2015-08-28,165.7353515625,166.2010851675592,164.60427879723235,165.08664937112624,160414400
2015-08-31,164.39637756347656,165.61062260420843,163.84747174957215,164.76231477274618,163298800
2015-09-01,159.48948669433594,161.98449868486193,158.6245420977261,160.6122344759003,256000400
2015-09-02,162.5167999267578,162.5583860063134,160.03009957669445,161.85977286453277,160269300
2015-09-03,162.6332244873047,164.71240144906955,162.14254176999756,163.22370363788403,152087800
2015-09-04,160.1715087890625,161.22773447241386,159.35647479315662,160.38775136267458,207081000
2015-09-08,164.19679260253906,164.3464999752582,162.31722078929786,162.9576109859179,116025700
2015-09-09,162.00111389160156,165.89333897786784,161.63518947998506,165.76859346144022,149347700
2015-09-10,162.8827667236328,164.02215190683992,161.5520880777635,161.8099040514563,158611100
2015-09-11,163.6229248046875,163.68945999438665,161.78492667383196,162.49185196038175,119691200
2015-09-14,163.01580810546875,163.84747900324936,162.53343746192112,163.79758077982905,79452000
2015-09-15,165.05340576171875,165.49419030577366,162.97422859531255,163.51480958246202,113806200
2015-09-16,166.48385620117188,166.67514962395944,165.01180800848826,165.35279608532932,99581600
2015-09-17,166.10960388183594,168.73768663258204,165.73535456315815,166.35079551829418,276046600
2015-09-18,163.3950958251953,166.095354048049,162.98546675101164,163.61246252375318,223657500
2015-09-21,164.239501953125,165.25940361212471,163.19450872078528,164.22277848965334,105726200
2015-09-22,162.1077117919922,162.5675113614586,160.97911400841684,162.08263297513628,153890900
2015-09-23,161.84854125976562,162.74304874679908,161.2717030103517,162.27489386503237,92790600
2015-09-24,161.26329040527344,161.7230898073771,159.30706686497084,160.6362946995667,159378800
2015-09-25,161.2215576171875,163.01894083672755,160.35211612255,162.7179822818553,155054800
2015-09-28,157.1753692626953,160.4357564602797,156.86605528541511,160.32707306014657,178515900
2015-09-29,157.2672882080078,158.62160803211773,156.2724526680415,157.39269504230808,159045600
2015-09-30,160.2015838623047,160.36878016277768,158.3707543949144,159.1482229324308,163452000
2015-10-01,160.61961364746094,160.92057215200472,158.68846855841454,160.5778113747788,131079000
2015-10-02,163.01889038085938,163.04396918964787,158.10323975814075,158.64664371316678,211003300
2015-10-05,165.9198455810547,166.1455676897734,164.13081768721608,164.23950106479637,126320800
2015-10-06,165.351318359375,166.3461536858151,164.69088842969626,165.78603899703404,110274500
2015-10-07,166.7057342529297,167.0568505552871,165.09225757704687,166.27936872014155,124307300
2015-10-08,168.21046447753906,168.49469955536287,166.02015014140514,166.32110868153157,153055200
2015-10-09,168.31076049804688,168.78727069095308,167.68376467414845,168.35256277089263,107069200
2015-10-12,168.46961975097656,168.67025027237352,167.95966258198578,168.38601519621844,56395600
2015-10-13,167.4078826904297,169.00463509494753,167.24068635759687,167.74227535609532,88038700
2015-10-14,166.60528564453125,167.9261580678837,166.3126953157488,167.34932000416384,99106200
2015-10-15,169.16346740722656,169.17182275874816,166.89791703121068,167.26575659835083,134142200
2015-10-16,169.93263244628906,169.94934315442046,168.8040345903975,169.56479276714617,114580100
2015-10-19,170.01620483398438,170.01620483398438,168.9795797725629,169.28889366911423,76523900
2015-10-20,169.798828125,170.40910048332756,169.3306732881316,169.5814741668147,78448500
2015-10-21,168.7454833984375,170.3673019023697,168.57827430485062,170.21682902565695,102038000
2015-10-22,171.59619140625,171.80518998853404,168.74546043865388,169.69012535632027,174911700
2015-10-23,173.47718811035156,173.8450276762397,172.46564206042098,173.25983416517303,144442300
2015-10-26,173.0509033203125,173.3602172780584,172.68306361041638,173.30170428217502,69033000
2015-10-27,172.7164764404297,173.0508691527118,172.0393101502223,172.38207097188328,77905800
2015-10-28,174.6810302734375,174.7061090853593,172.39041374283119,173.05084371720903,135906700
2015-10-29,174.58071899414062,174.9485585857048,174.0624065276253,174.1794452380082,90525500
2015-10-30,173.82830810546875,175.0906678035745,173.66947988597488,174.7729858520625,131076900
2015-11-02,175.8848419189453,176.07711703799848,174.02893353501076,174.1543403349452,86270800
2015-11-03,176.39488220214844,176.94664176722318,175.30808653780127,175.53380867919853,95246100
2015-11-04,175.85980224609375,176.812835458884,175.3247662802512,176.68744138730514,96224500
2015-11-05,175.6842803955078,176.37815752446753,174.79812805807654,175.9183578900645,78408700
2015-11-06,175.59228515625,175.82637535999683,174.2714250267109,175.34149700270723,110471500
2015-11-09,173.9537353515625,175.1324906462806,173.00905749400297,174.98200500452802,131008700
2015-11-10,174.35498046875,174.388427386424,173.20967228551413,173.47718384559877,75874600
2015-11-11,173.6695098876953,174.67270078187678,173.60262879391465,174.62254315060736,67846000
2015-11-12,171.24510192871094,173.10101064828578,171.22839122403954,172.6328557922242,121315200
2015-11-13,169.3223114013672,171.10298367355642,169.23871960957644,170.8354720810577,153577100
2015-11-16,171.89720153808594,171.95572728172053,169.02137814053694,169.13842962780612,117645200
2015-11-17,171.7717742919922,173.08427889656232,171.27854064628644,172.20649496162457,121123700
2015-11-18,174.4971466064453,174.63926415551094,172.2065296016327,172.24831912597872,121342500
2015-11-19,174.3466796875,174.76467699542673,174.05407646944508,174.3801138593773,88220500
2015-11-20,174.9819793701172,175.65913276814356,174.6057844552427,175.0990180715506,94011500
2015-11-23,174.78134155273438,175.54208670200444,174.3215421177286,175.04049775530277,64931200
2015-11-24,175.01544189453125,175.41671565576152,173.3936106327194,173.77816093332171,98874400
2015-11-25,174.99037170410156,175.3414878570116,174.7312026985185,175.14084458837866,51980100
2015-11-27,175.1909942626953,175.39163752221893,174.60580070108003,175.08231090258715,37317800
2015-11-30,174.46368408203125,175.46687487233424,174.35500072135858,175.34983615940328,112822700
2015-12-01,176.12734985351562,176.24440135260087,174.81484486306445,175.09072463319487,97858400
2015-12-02,174.32992553710938,176.3948328952947,174.0791246452473,176.0771509151852,108441300
2015-12-03,171.88880920410156,174.8482237692375,171.1698535093916,174.58071219432287,166224200
2015-12-04,175.24122619628906,175.53382947930115,171.8888916347628,171.8888916347628,192913900
2015-12-07,174.179443359375,175.33310699034556,173.21804211792656,174.91510977830603,102027100
2015-12-08,173.00909423828125,174.12932403349623,172.03098200607715,172.6245438339615,103372400
2015-12-09,171.6630859375,174.45530415415365,170.6933293781942,172.37368627546385,162401500
2015-12-10,172.10617065429688,173.41031993494747,171.49589828707198,171.72997570891886,116128900
2015-12-11,168.77053833007812,170.65988091139582,168.4612117557226,169.99945100772518,211173300
2015-12-14,169.62330627441406,169.74871312337578,167.15712465335616,168.92944195314212,182385200
2015-12-15,171.40396118164062,172.30683682436776,169.59820989618638,171.12808145000753,154069600
2015-12-16,173.91189575195312,174.21285421460504,171.21163769521496,172.5241421321547,197017000
2015-12-17,171.2618865966797,174.28818353797226,171.2451631297684,174.22130242659475,173092500
2015-12-18,168.21078491210938,170.65799730563018,168.05099859513368,170.52345188854935,251393500
2015-12-21,169.59837341308594,169.77498271244173,168.2696396253656,169.3797258906182,99094300
2015-12-22,171.13739013671875,171.43173476122777,169.4975012497569,170.481434581934,111026200
2015-12-23,173.25662231445312,173.298673375871,172.04562360583907,172.13813080808546,110987200
2015-12-24,172.9706573486328,173.5172954022791,172.75200982648252,173.00430332569002,48539600
2015-12-28,172.57550048828125,172.6175387325561,171.5074647406493,172.2811557852357,65899900
2015-12-29,174.41720581054688,174.74518365920702,173.63510972227505,173.6687428824667,92640700
2015-12-30,173.18092346191406,174.25737672780107,173.03796012033254,174.1732746058439,63317700
2015-12-31,171.44854736328125,173.14731033221142,171.44854736328125,172.5081777608578,114877900
2016-01-04,169.05177307128906,169.0601781507124,167.008209539375,168.60606005038835,222353500
2016-01-05,169.33766174316406,169.7917797415429,168.2359934734525,169.3712948854894,110845800
2016-01-06,167.20162963867188,168.2444240269924,166.17564540796974,166.79795487656583,152112600
2016-01-07,163.1902313232422,166.04111911444116,162.80337947647251,164.26667189836144,213436100
2016-01-08,161.39892578125,164.70394383566386,161.11299912311821,164.14890067657436,209817200
2016-01-11,161.5587158203125,162.65197917431388,159.63290054068452,162.31558354036966,187941300
2016-01-12,162.8622589111328,163.61072172372562,160.74301084484253,162.99681719550966,172330500
2016-01-13,158.80038452148438,163.87143316593207,158.42195054530782,163.52663234738185,221168900
2016-01-14,161.40736389160156,162.52585551726517,157.81643127635823,159.40586404289417,240795600
2016-01-15,157.9425506591797,158.7414694764647,156.01673528563242,157.06794763263426,324846400
2016-01-19,158.1527862548828,159.87677699547342,156.5885818372409,159.75063665218838,195244400
2016-01-20,156.12603759765625,157.68183685415622,152.2323561654872,155.6046404300897,286547800
2016-01-21,157.0006866455078,158.8339950310881,155.27669563076464,156.597024650623,195772900
2016-01-22,160.22158813476562,160.42341269715334,158.8423980189931,159.59926579231154,168319600
2016-01-25,157.79957580566406,159.91040542483697,157.60615634093995,159.71698596011285,130371700
2016-01-26,159.95248413085938,160.23000575805105,158.11917577400814,158.45555862577692,141036800
2016-01-27,158.21163940429688,161.0961594186248,157.31179563378987,159.43104294630774,185681700
2016-01-28,159.03579711914062,159.952451108321,157.3959085990059,159.75062657180015,143798800
2016-01-29,162.9127197265625,163.04727801479393,159.6833978021161,159.80113309627245,210529300
2016-02-01,162.85379028320312,163.63589883942228,161.33163705774058,161.91190825024958,136061600
2016-02-02,159.9187774658203,161.44093034346093,159.39736760342635,161.43252526729455,182564900
2016-02-03,160.87754821777344,161.28121018625023,157.34547712119056,160.97005542223505,205054900
2016-02-04,161.1298065185547,162.0969165818912,159.75061666507509,160.38134396695014,139531800
2016-02-05,158.0602569580078,161.1886653558561,157.42952966541228,160.61681210334902,180788300
2016-02-08,155.9326171875,156.52129347506644,153.72928044024542,156.22696174737354,191526700
2016-02-09,155.94107055664062,157.21094354754484,154.06571093400825,154.2002692220299,184513100
2016-02-10,155.80648803710938,158.3882588094194,155.68033486002952,156.76519315488096,148214100
2016-02-11,153.77976989746094,154.82257728439015,152.29124945106454,153.34246191814435,219058900
2016-02-12,156.9502410888672,156.9670512503249,154.70485264457105,155.54582267609098,127632400
2016-02-16,159.5992431640625,159.6244712307841,157.79116327738643,158.74986830934805,120250700
2016-02-17,162.2062530517578,162.57628180304022,160.63363085880755,160.75978402338853,136009500
2016-02-18,161.5419158935547,162.53426711513927,161.23076111589208,162.47539305872573,102343000
2016-02-19,161.46621704101562,161.6175854600442,160.1627111599252,160.76821050040357,114793000
2016-02-22,163.80413818359375,163.94710154600978,162.9715732507409,163.03885239167502,103640300
2016-02-23,161.73532104492188,163.41726067559446,161.61757295188102,163.14814417523996,111455300
2016-02-24,162.4754180908203,162.75293975913436,159.2124628821816,160.31413164197713,150812200
2016-02-25,164.44325256347656,164.45167047527613,162.16423126556654,162.92109906093668,110728300
2016-02-26,164.0647735595703,165.40191228545746,163.9049872654997,165.30941793855246,129833700
2016-02-29,162.77810668945312,165.02349443633847,162.58468723529066,164.0816123998809,125918100
2016-03-01,166.60455322265625,166.6886553484673,163.52660020140348,163.99754130870676,141799700
2016-03-02,167.35299682617188,167.4034529630207,165.8812996179015,166.2933794558025,102415000
2016-03-03,168.00897216796875,168.0257951596379,166.6045539198895,167.17640731481302,95172200
2016-03-04,168.5555877685547,169.3292913545124,167.3782350632835,168.20238195697334,129293600
2016-03-07,168.69012451171875,169.09379924390373,167.56322809010834,167.63891229032535,100219000
2016-03-08,166.8484344482422,168.12671237675397,166.6886609353385,167.6221381015242,123974900
2016-03-09,167.67259216308594,168.01738008894603,166.8736604475755,167.65576917113228,94801200
2016-03-10,167.80706787109375,169.09376316111837,165.99058329260131,168.16028639442771,156838700
2016-03-11,170.51502990722656,170.5570809631396,167.79029600171765,169.25357522291893,137964500
2016-03-14,170.2963409423828,170.75045887207108,169.68243673841505,170.0104143632392,73612000
2016-03-15,170.01889038085938,170.32164007103475,169.07700815906168,169.33770678601047,93169100
2016-03-16,171.00279235839844,171.40646709284871,169.49746209507504,169.53951315060283,129303200
2016-03-17,172.0876922607422,172.5922665527953,170.5234875742287,170.91874449403795,134278500
2016-03-18,172.76388549804688,173.102003210549,172.27360578606408,172.58636531504672,138372400
2016-03-21,173.0091094970703,173.23734616662023,172.27369599319582,172.50193266274576,72926700
2016-03-22,172.91604614257812,173.4824004429276,172.07920023384244,172.23979777406544,97471900
2016-03-23,171.77493286132812,172.72167307934697,171.6058610523664,172.53570440818353,81052500
2016-03-24,171.6988067626953,171.73262627622688,170.53229151316006,170.7520667576545,84360900
2016-03-28,171.80029296875,172.3243794669448,171.3522810464154,172.11305260175422,62408200
2016-03-29,173.38943481445312,173.49932889445788,171.09019785277664,171.3945090064799,92922900
2016-03-30,174.15023803710938,174.86874160408692,173.78674913986507,174.38692308250992,86365300
2016-03-31,173.72755432128906,174.4798772781633,173.566943875715,174.05722364175384,94584100
2016-04-01,174.91094970703125,175.0969183074102,172.42574468229753,172.7385170911329,114423500
2016-04-04,174.3446044921875,175.03776256550444,174.0402933938666,174.83488420050253,63497000
2016-04-05,172.60330200195312,174.35308142963854,172.34970722882548,173.00904589993777,99662200
2016-04-06,174.48837280273438,174.5475505190194,172.42582043662486,172.60334068711117,91839800
2016-04-07,172.4004364013672,173.7613817898661,171.6734715435659,173.40635424047946,113859000
2016-04-08,172.8653564453125,174.00652654940822,172.33280867695225,173.5754115375483,95040600
2016-04-11,172.45953369140625,174.19241558028205,172.3665494076609,173.49925766538738,83757500
2016-04-12,174.06570434570312,174.34465734525966,172.18912082022655,172.62868429513696,115350600
2016-04-13,175.8239288330078,175.9084647273703,174.84336921121576,174.97862148284912,96336400
2016-04-14,175.83236694335938,176.33110805344006,175.4858007528931,175.88309621601945,65212900
2016-04-15,175.63796997070312,175.96763933969962,175.31674903226698,175.83238706052995,75761600
2016-04-18,176.87208557128906,176.9058921844675,174.97859277418618,175.63793136726323,82531000
2016-04-19,177.4300079345703,177.68360271971372,176.61852010015124,177.29476856107817,88316100
2016-04-20,177.59906005859375,178.2922053029783,176.99888623015522,177.47225623087934,81100300
2016-04-21,176.64382934570312,177.72582142404946,176.37332487693504,177.61592737131704,85695000
2016-04-22,176.64382934570312,176.9143209161082,175.74780586504409,176.28880190421725,99251700
2016-04-25,176.33956909179688,176.38183703951964,175.4350840243229,176.0437063561041,66166500
2016-04-26,176.6016082763672,177.10879784072287,176.128238228764,176.70304102989175,75864200
2016-04-27,176.965087890625,177.35392202438942,175.866185824204,176.22121334134943,77329400
2016-04-28,175.35897827148438,177.31163586436776,174.94478599321482,176.21274680920294,97216200
2016-04-29,174.4122314453125,175.08847976684544,173.31332953511696,174.74190072853477,142424100
2016-05-02,175.79855346679688,175.97606076990039,174.47987619313815,174.91097825618343,62188000
2016-05-03,174.26852416992188,174.80952022697704,173.52464975458471,174.57283525816314,106422100
2016-05-04,173.2964630126953,174.00653102154735,172.79773474926188,173.27956615175552,92243800
2016-05-05,173.26271057128906,174.11646665693246,172.84005674502322,173.76143899067367,67619200
2016-05-06,173.89662170410156,173.93888964948354,172.34125934162606,172.493408466962,89315000
2016-05-09,174.04034423828125,174.4714463791938,173.59233233742088,173.76985257095404,74374900
2016-05-10,176.2042999267578,176.22120968389922,174.67429581377937,174.74192194397955,77472200
2016-05-11,174.5559539794922,176.28037516192643,174.5559539794922,175.747840344403,81727000
2016-05-12,174.60667419433594,175.39281669215237,173.6007564414654,175.2237449131014,89586300
2016-05-13,173.08509826660156,174.86024855249067,172.76389030030523,174.31080402981107,96474600
2016-05-16,174.79263305664062,175.26600305543033,173.1950028615428,173.25418056057407,77486800
2016-05-17,173.1611785888672,174.80952498741053,172.63707937362392,174.5221236457904,114924900
2016-05-18,173.2119140625,174.3868906401381,172.12992179956848,172.81461861769614,120062100
2016-05-19,172.61178588867188,172.8991873380156,171.41145080755814,172.49344335668513,115430500
2016-05-20,173.70220947265625,174.21784746460355,173.16966172241183,173.22037809893678,104990400
2016-05-23,173.46551513671875,173.99804996000537,173.27954650053434,173.71909700572874,58682600
2016-05-24,175.71400451660156,176.02677695323382,174.25162666398688,174.27698484825916,93537800
2016-05-25,176.9059295654297,177.32013482998423,175.7140430497996,176.39029154154224,76621400
2016-05-26,176.9565887451172,177.26936114923737,176.64382923936,177.04112461614707,55280700
2016-05-27,177.71739196777344,177.7258403964382,177.06650180638476,177.11721817510207,64211200
2016-05-31,177.3792724609375,178.09778879176213,176.82136657335826,177.98789472041207,109879400
2016-06-01,177.74282836914062,177.9203357377645,176.57629978184633,176.77071691360536,69936200
2016-06-02,178.28375244140625,178.30064929932263,176.8720909034982,177.3454608924536,63044700
2016-06-03,177.7512969970703,178.09787623968285,176.55096164549744,177.7259387986715,101757100
2016-06-06,178.65570068359375,179.01072819715816,177.94563275809935,178.10624320674253,64887000
2016-06-07,178.9346160888672,179.49252191834097,178.78246698902734,178.80782517233396,60974800
2016-06-08,179.51785278320312,179.6446565788036,178.9430501845724,179.06984108181098,66170900
2016-06-09,179.27279663085938,179.39113915204098,178.52047355369749,178.790965217098,73786900
2016-06-10,177.57366943359375,178.24145637011725,177.0326605048946,177.90333868804305,113829200
2016-06-13,176.2042999267578,177.8272883564658,176.1197769377817,176.97353264712376,117751200
2016-06-14,175.85765075683594,176.4493759356592,174.9109111080953,175.8238441543925,125059300
2016-06-15,175.61260986328125,176.9735552739446,175.42664120604522,175.85774333052848,109124500
2016-06-16,176.13665771484375,176.3057294740903,173.78670472299714,175.61257137659956,149533100
2016-06-17,175.48072814941406,176.05852016671878,174.82645298180685,176.03303010509904,117055700
2016-06-20,176.61077880859375,178.10625146398706,176.52580331997765,177.434991779501,82789600
2016-06-21,177.1121368408203,177.5199907459401,176.55132961787942,176.9931789116003,72461700
2016-06-22,176.8232879638672,178.01286757292578,176.67882697199653,177.29061447535392,95560500
2016-06-23,179.1259307861328,179.17691090402317,177.81739355365994,178.27622758011506,102731400
2016-06-24,172.69371032714844,179.1599532196565,172.2518609629972,173.02509410890087,333444400
2016-06-27,169.60079956054688,171.30020631780508,168.79357097849353,171.29170098613423,230775800
2016-06-28,172.65972900390625,172.6852190687765,170.89234436871354,171.1982381126016,159382400
2016-06-29,175.59970092773438,175.8291115016937,173.9512743213602,174.0532345764532,137328600
2016-06-30,177.995849609375,178.04682973460984,175.5147174462101,176.0670323889565,165021900
2016-07-01,178.3697052001953,178.85404227750905,177.83438800220492,177.99583369464284,106055300
2016-07-05,177.0866241455078,177.65592366010577,176.49183457543833,177.54545810943563,109803700
2016-07-06,178.14877319335938,178.26773112085175,175.93953972228192,176.59381480621082,96021500
2016-07-07,178.03829956054688,178.98996293735152,177.27357191353474,178.3271955191567,85593800
2016-07-08,180.68942260742188,180.93584385377594,179.10048140026723,179.32990494831705,133971000
2016-07-11,181.32669067382812,181.89600333096453,180.9443267573715,181.14826023002234,73633900
2016-07-12,182.64369201660156,182.94109330937678,181.3521395804779,182.28681824453608,101275600
2016-07-13,182.61819458007812,183.06853620035284,182.13387053950225,183.06004383663773,87324100
2016-07-14,183.6378631591797,184.10520254210473,183.24700692287342,183.87577903313377,91230900
2016-07-15,183.3914337158203,184.39407721649118,182.9495844443756,184.19864912093422,107155400
2016-07-18,183.8843231201172,184.04576884692244,183.25553791188761,183.51045153497773,58725900
2016-07-19,183.6973419189453,183.73132434308258,183.22151018837002,183.4679184183314,54345700
2016-07-20,184.4620819091797,184.6999977903,183.6973541434992,183.6973541434992,58159500
2016-07-21,183.76535034179688,184.5725659452951,183.3235009617616,184.35164773799968,67777300
2016-07-22,184.5895233154297,184.6405034317106,183.6208622097674,183.88426812084657,62787500
2016-07-25,184.08822631835938,184.43660780494187,183.51043426149064,184.3856276782116,55873100
2016-07-26,184.1731719970703,184.5300457917998,183.3319611459951,183.98623625238693,70080500
2016-07-27,183.97776794433594,184.61504543941956,183.21302717096927,184.54706761742406,84083900
2016-07-28,184.19021606445312,184.4791121188098,183.32351493593765,183.782349083125,65035700
2016-07-29,184.48753356933594,184.84440731673325,183.64633579527097,183.9267393751061,79519400
2016-08-01,184.33460998535156,184.9378919826407,183.88426833708508,184.5470357803996,73311400
2016-08-02,183.1535186767578,184.24113768399988,182.3208132105284,184.0881843732158,92295500
2016-08-03,183.6888427734375,183.74832822448334,182.79666473129126,183.09405309019246,53993600
2016-08-04,183.8843231201172,184.19870924150925,182.04896059240286,183.79934759060532,46585500
2016-08-05,185.38827514648438,185.43076290809694,183.8843095158664,183.8843095158664,71892200
2016-08-08,185.27781677246094,185.67717838141996,185.0144108102633,185.57520516362686,39906500
2016-08-09,185.38827514648438,185.88110465721232,185.0653966822067,185.3458003503163,51251700
2016-08-10,184.92942810058594,185.5751979494322,184.58104663134466,185.49872776314322,57941100
2016-08-11,185.7876739501953,186.0340952375987,185.19288406491538,185.45629008800742,72504300
2016-08-12,185.6261749267578,185.8386007360844,185.22681336798837,185.48171396682633,61313500
2016-08-15,186.1614990234375,186.5098804996308,185.98306858520257,185.99156095092297,49813500
2016-08-16,185.20130920410156,185.81308356016547,185.20130920410156,185.74511871594618,53213600
2016-08-17,185.54966735839844,185.6856229701783,184.40257591828794,185.2352813509182,75134300
2016-08-18,185.96603393554688,186.0000163571197,185.41373206825997,185.5241846624526,52989300
2016-08-19,185.6941375732422,185.87258095575433,185.014385363815,185.498709461304,75443000
2016-08-22,185.6856231689453,185.9150466433893,185.09083357357272,185.45619969450132,61368800
2016-08-23,186.0594940185547,186.59481113538277,186.00000857648902,186.29740985593588,53399200
2016-08-24,185.10784912109375,186.00853244745392,184.6914898814524,185.9150645759198,71728900
2016-08-25,184.98037719726562,185.39673641740734,184.5725233066918,184.72546365361646,69224800
2016-08-26,184.63201904296875,186.18697759310794,183.7483333411749,185.16733625551717,122506300
2016-08-29,185.54122924804688,185.8046352194913,184.72550830428693,184.75950369989272,70502200
2016-08-30,185.2352752685547,185.73659698441068,184.6829734413154,185.45619340636233,58114500
2016-08-31,184.70849609375,185.02288214638892,183.93526302680513,184.90392421035452,85269500
2016-09-01,184.71702575683594,185.00592180761885,183.561428588259,184.7000280581295,97844200
2016-09-02,185.54966735839844,185.97451892112989,184.98036782019116,185.5666650512311,79293900
2016-09-06,186.11053466796875,186.18700486226328,185.11638324580503,185.83013099011055,56702100
2016-09-07,186.09344482421875,186.2718881546602,185.49016296957663,185.94899687359404,76554900
2016-09-08,185.6686553955078,186.0340345407559,185.3627617021031,185.76212327308824,74102900
2016-09-09,181.22470092773438,184.41108798872762,181.1992108684818,184.36010787022246,221589100
2016-09-12,183.82481384277344,184.22417544194204,180.4005104872635,180.4684883089777,168110900
2016-09-13,181.18218994140625,182.81361835158876,180.56191030339323,182.55021246279313,182828800
2016-09-14,181.11427307128906,182.4313159238154,180.56197105189648,181.2332310277172,134185500
2016-09-15,182.92408752441406,183.3064513371822,180.77433965761284,180.95278301847304,134427900
2016-09-16,182.21702575683594,182.49031058682112,181.53383974374876,182.3109657882761,155236400
2016-09-19,182.2511749267578,183.50654930012172,181.92665248084597,182.86605270272938,80250500
2016-09-20,182.25970458984375,183.25887768736118,182.22555050597774,183.10516476355983,69665300
2016-09-21,184.30931091308594,184.4886426667215,182.27679749897058,182.95999648976823,110284400
2016-09-22,185.470703125,185.76960670869244,185.0693373005467,185.31699021745638,76678700
2016-09-23,184.45443725585938,185.21449250101216,184.3604972578772,185.0778501346866,73630900
2016-09-26,182.95997619628906,183.80542328866972,182.7635478752264,183.62609155492524,89827300
2016-09-27,184.09584045410156,184.18976746178166,182.43053858486124,182.79776347434967,78494800
2016-09-28,185.0095672607422,185.1632932124232,183.36136235505222,184.31783305551744,87411000
2016-09-29,183.335693359375,185.2059450351346,182.7891369225673,184.80456622659563,128070600
2016-09-30,184.7191925048828,185.4194618994715,183.91643480964768,184.16408772176285,117202900
2016-10-03,184.27511596679688,184.49715006712572,183.6431547153356,184.30928307819204,83512100
2016-10-04,183.335693359375,184.60815096845954,182.74644758496672,184.38611689538976,119948100
2016-10-05,184.14703369140625,184.57403139469778,183.89083246324418,183.9591536594831,72816000
2016-10-06,184.27511596679688,184.49715006712572,183.3869665345465,183.92497474513854,62927400
2016-10-07,183.64309692382812,184.71913906825728,182.91720892180058,184.54834265783498,89788300
2016-10-10,184.59963989257812,185.06079165273607,184.45446224528888,184.59963989257812,51855000
2016-10-11,182.2682342529297,184.24097459765528,181.54234597238792,184.1726534010862,130367400
2016-10-12,182.5073699951172,183.0283077312698,181.90956276636723,182.40488168196612,73866100
2016-10-13,181.90956115722656,182.40488006844393,180.3723798138563,181.18367286306528,101357000
2016-10-14,182.0034942626953,183.3442732865908,181.92663780463312,182.88310847634645,93346200
2016-10-17,181.3715362548828,182.23406686559122,181.19219149811556,181.97786565489582,58275700
2016-10-18,182.5073699951172,183.01975943712776,182.13160991908106,182.95998653281447,76869700
2016-10-19,182.99411010742188,183.30154893374586,182.41339956377323,182.77207602266222,66519200
2016-10-20,182.6525421142578,183.2076339173306,181.99496200114302,182.6439938203751,73639800
2016-10-21,182.73794555664062,182.8233503153305,181.69607004912004,182.6525538288874,89089100
2016-10-24,183.51507568359375,183.88230049108293,183.16493443320397,183.60901570123647,60146600
2016-10-25,182.90017700195312,183.59191112953658,182.7379158054218,183.33570992611527,66542300
2016-10-26,182.53294372558594,183.11365422260218,181.84119664870533,182.08032729969594,75705500
2016-10-27,182.04620361328125,183.2844943762672,181.96934715227448,183.25034029279843,77220200
2016-10-28,181.5081787109375,182.69523180962065,180.79937398784872,182.0205811693207,140623200
2016-10-31,181.51675415039062,182.06331077329938,181.35449291327214,181.84126359368977,61272500
2016-11-01,180.20155334472656,181.89247351279658,178.9974298098665,181.84122284602958,122781800
2016-11-02,179.1169891357422,180.2784233312652,178.68144316808676,179.89411499958456,103330800
2016-11-03,178.2971649169922,179.54400397899198,178.02389315535012,179.3305051213913,88939300
2016-11-04,178.10073852539062,179.24508920344076,177.95556087497548,178.4081773824272,109122100
2016-11-07,182.0290985107422,182.06326562110294,178.10072783000038,178.10072783000038,109794900
2016-11-08,182.84896850585938,183.41260863701984,181.37156000836592,181.6362965160798,106772100
2016-11-09,184.7875518798828,185.40242968708276,181.33740273604562,181.3630215587675,258429000
2016-11-10,185.24867248535156,186.4357255180889,183.7968829751666,185.57319489302805,172113300
2016-11-11,184.82167053222656,185.06078818574503,183.882283473671,184.53131524308765,100552700
2016-11-14,184.9668426513672,185.5475662432321,184.22387089519597,185.34260267593842,94580000
2016-11-15,186.4101104736328,186.4101104736328,185.1462009601001,185.35115151146815,91652600
2016-11-16,186.0599822998047,186.2905647172134,185.67568695808095,185.7952457984158,65617700
2016-11-17,187.01644897460938,187.07622187385005,186.10266768262042,186.21369124955535,69797200
2016-11-18,186.59800720214844,187.2555873521638,186.4186624227128,187.08479086709053,86265800
2016-11-21,188.00709533691406,188.03271415824327,187.0250057701305,187.17018343464147,72402600
2016-11-22,188.37429809570312,188.55362982400158,187.64839682723974,188.31451216564693,67429000
2016-11-23,188.47682189941406,188.52805954926382,187.66552870460347,187.8619440393403,56620200
2016-11-25,189.1770477294922,189.21120180882446,188.7415017746651,188.81837125729808,37872300
2016-11-28,188.28892517089844,189.1429206753413,188.1864498802652,188.86964889000694,76572500
2016-11-29,188.6561279296875,189.10874445158365,188.02416663924018,188.32307024318024,69886700
2016-11-30,188.20352172851562,189.4332772633448,188.14373579207478,189.27101604264698,113291800
2016-12-01,187.51174926757812,188.50237388560947,187.15305978393636,188.50237388560947,79040500
2016-12-02,187.60568237304688,188.09246595181148,187.24700590861025,187.59714711113205,74840300
2016-12-05,188.7329864501953,189.0745794033417,188.23766754647798,188.43408284299034,67837800
2016-12-06,189.33074951171875,189.36491661997857,188.44260016096956,188.9208354291371,59877400
2016-12-07,191.807373046875,191.86714594909836,189.05750680214237,189.17706563752486,110738100
2016-12-08,192.27703857421875,192.74673860027067,191.5169832705835,191.78173276231044,99714400
2016-12-09,193.43846130371094,193.4555448575416,192.46490723029848,192.49907433795983,88005800
2016-12-12,193.21644592285156,193.82278834864064,192.79798351457825,193.34454001164195,102016100
2016-12-13,194.50599670410156,195.00131562296514,193.85696486090256,193.87404841836303,110477500
2016-12-14,192.9005126953125,194.90739435361698,192.46496663925623,194.20712480160623,142501800
2016-12-15,193.6946563720703,194.54865160357252,192.90898232280023,193.1395646839671,124972600
2016-12-16,193.31588745117188,194.20928498412835,192.9980509040442,194.1491466602162,156420200
2016-12-19,193.73684692382812,194.1577759343136,193.35028642034894,193.4963198057635,90341100
2016-12-20,194.484130859375,194.63017730203725,194.03744528469852,194.26937364194734,89838800
2016-12-21,193.94297790527344,194.52711132423568,193.94297790527344,194.35530814852572,67909000
2016-12-22,193.60791015625,193.91716104060143,193.21275115101358,193.79689753600582,56219100
2016-12-23,193.8914337158203,193.90001928669471,193.4619192327482,193.65089354617749,36697800
2016-12-27,194.37252807617188,194.76767414206097,194.1405865371316,194.15777079017948,42672500
2016-12-28,192.76605224609375,194.64732736428263,192.65438741838653,194.63015622632082,64095000
2016-12-29,192.72314453125,193.1870143832582,192.28503139062656,192.83480937821537,48696100
2016-12-30,192.01878356933594,193.13552407843167,191.3315576323736,193.04961592090717,108998300
2017-01-03,193.4877166748047,193.99454069132435,192.3194365897589,193.31590037085448,91366500
2017-01-04,194.63877868652344,194.78481203331074,193.80551956658192,193.8141051371901,78744400
2017-01-05,194.484130859375,194.63876287194785,193.69382587217012,194.37246601957602,78379000
2017-01-06,195.1799774169922,195.6438472919025,194.05463845938746,194.59583090323432,71559900
2017-01-09,194.5356903076172,195.05969846051255,194.5013218113095,194.92225069076343,46939700
2017-01-10,194.5356903076172,195.38612052899077,194.14911681673016,194.55286144803023,63771900
2017-01-11,195.08544921875,195.08544921875,193.78830731855393,194.44976317657327,74650000
2017-01-12,194.5957794189453,194.7847667903599,193.24711111320138,194.57000960536502,72113200
2017-01-13,195.0425262451172,195.34317851378316,194.7332752979734,194.76763068865978,62717900
2017-01-17,194.35528564453125,194.81056990593012,193.96872526700736,194.40682528050235,61240800
2017-01-18,194.7848663330078,194.82782041350566,194.05468628777945,194.60446443801487,54793300
2017-01-19,194.063232421875,194.9995708275679,193.63371794868652,194.86212305028965,66608800
2017-01-20,194.77622985839844,195.26586954642843,194.1147738932784,194.74186135988379,129168600
2017-01-23,194.2693634033203,194.8363255733062,193.51342695107874,194.77620037162023,75061600
2017-01-24,195.51495361328125,195.9272837533854,194.37244377439325,194.4841086014126,95555300
2017-01-25,197.20729064941406,197.20729064941406,196.29670891355826,196.45992651817147,84437700
2017-01-26,197.00111389160156,197.32754909240646,196.72621833139917,197.06123910305723,59970700
2017-01-27,196.69186401367188,197.2244577797934,196.5114621628368,197.07842442804207,59711100
2017-01-30,195.47201538085938,196.0303788843842,194.49272302648026,196.00460906777474,79737300
2017-01-31,195.45484924316406,195.514987559318,194.41543158963867,194.98238071531566,75880800
2017-02-01,195.5321807861328,196.36543998180076,194.9480473458977,195.4548713204092,79117700
2017-02-02,195.6610107421875,195.94449184417536,194.84493593159607,195.5321485461528,69657600
2017-02-03,197.00973510742188,197.19013698991253,196.25379839557718,196.56304940288678,80563200
2017-02-06,196.65748596191406,197.00110539735095,196.32246520470133,196.60594632353383,57790100
2017-02-07,196.6660614013672,197.284563204328,196.47707401114363,197.0440361818143,57931200
2017-02-08,196.92379760742188,197.0526467044636,196.12489388253917,196.66608630559708,51566200
2017-02-09,198.09205627441406,198.39270850457046,196.92377652459453,196.92377652459453,65955200
2017-02-10,198.87379455566406,199.0971504795477,198.109259287333,198.43569449439863,66015900
2017-02-13,199.9561309814453,200.21384223466117,199.33762921682276,199.36339903137048,55182100
2017-02-14,200.7550811767578,200.76367985599123,199.43218224134307,199.77578860936848,71109000
2017-02-15,201.80307006835938,201.99205747727612,200.48875688400074,200.54029652138877,86785800
2017-02-16,201.6313018798828,202.0092767632744,200.88395079264967,201.82887489338543,84722400
2017-02-17,201.94915771484375,201.94915771484375,200.95268076491678,200.969865017914,77204100
2017-02-21,203.1517791748047,203.3235823585384,202.30992129134683,202.31851997056626,88946100
2017-02-22,202.97134399414062,203.1946867855585,202.58478361725787,202.74800120272272,62115200
2017-02-23,203.1088104248047,203.50395640806377,202.3528607417118,203.48678526635115,74615900
2017-02-24,203.36648559570312,203.40942655009553,202.22397570324117,202.266929765373,82381600
2017-02-27,203.6843719482422,203.85617513110842,203.0315146102534,203.28062725924806,56515400
2017-02-28,203.13458251953125,203.54691275686145,202.7480221028003,203.30638569277366,96961900
2017-03-01,205.9779815673828,206.44186458797842,204.76674747862452,204.78393172954287,149158200
2017-03-02,204.6808624267578,205.7976028515699,204.6293227792308,205.78900417181973,70246000
2017-03-03,204.80966186523438,204.97287944797426,204.2169298469644,204.59490464746935,81974300
2017-03-06,204.19976806640625,204.55195995780062,203.5984373429105,204.01936622780934,55391500
2017-03-07,203.58985900878906,204.25131496349996,203.38368734417045,203.89910995184624,65103700
2017-03-08,203.21185302734375,204.13960571430084,203.0744052720006,203.8818944499673,78168800
2017-03-09,203.46957397460938,203.7960091321492,202.50746585690035,203.3321262127252,90683900
2017-03-10,204.1826171875,204.46609834720095,203.2376799884968,204.42314427311115,81991700
2017-03-13,204.28570556640625,204.3286596424068,203.79606580168246,204.12248794225042,57256800
2017-03-14,203.50399780273438,203.79607767190416,202.8940944543311,203.7445249130546,59880800
2017-03-15,205.26495361328125,205.68588249425696,203.83896248939536,204.07090396321794,96081800
2017-03-16,204.86119079589844,205.47969259936318,204.53476875521514,205.40238315086498,78344000
2017-03-17,204.50148010253906,205.3124824716804,204.50148010253906,205.1226728463593,89002100
2017-03-20,204.27716064453125,204.78618955241723,203.88891848029223,204.50147512137056,52537000
2017-03-21,201.65432739257812,205.00186424803397,201.52491773672975,204.88107751431994,131809300
2017-03-22,202.1288604736328,202.41357489403939,201.06766175376634,201.68885445924116,97569200
2017-03-23,201.91310119628906,203.04332241149606,201.54211818081436,202.12879266987093,100410300
2017-03-24,201.76644897460938,202.7845064935825,200.9899648725032,202.21509096226112,112504900
2017-03-27,201.5594024658203,201.81823491644124,199.82524742676122,200.10132571992898,87454500
2017-03-28,203.02615356445312,203.4489005875409,201.1453163558855,201.2574801774073,93483900
2017-03-29,203.21591186523438,203.44886238743723,202.51707346339117,202.74140106431437,61950400
2017-03-30,203.86300659179688,204.06145228376155,202.9829946026055,203.15554519863713,56737900
2017-03-31,203.3884735107422,204.05279389108298,203.33669648930265,203.52650607361866,73733100
2017-04-03,203.03475952148438,203.63869319312118,201.80963316908782,203.44026066489053,85546500
2017-04-04,203.1641387939453,203.25042066188962,202.3703956349636,202.75001479029498,56466200
2017-04-05,202.5602569580078,204.8120773730439,202.35318832090323,203.83714730823257,108800600
2017-04-06,203.12962341308594,203.64727509961673,202.2582213522318,202.69824042526162,69135800
2017-04-07,202.92259216308594,203.61280770350876,202.4394452342199,202.8794512234158,74412300
2017-04-10,203.04336547851562,203.8371086898843,202.51707764475574,203.06062448619653,67615300
2017-04-11,202.80177307128906,202.90530077816507,201.31781450383258,202.66372735227813,88045300
2017-04-12,201.91310119628906,202.71548032369031,201.6887868030785,202.52567077375724,81864400
2017-04-13,200.6017608642578,202.31004738858752,200.6017608642578,201.57669086568936,92880400
2017-04-17,202.37901306152344,202.37901306152344,200.92093651514458,201.11936899540362,68405400
2017-04-18,201.77511596679688,202.31003993363836,201.09353649850053,201.64570630976806,83225800
2017-04-19,201.4041290283203,202.70690115523192,201.17980140736037,202.33591803559278,68699900
2017-04-20,203.04336547851562,203.48338460340221,201.69745250424853,202.0166717401344,92572200
2017-04-21,202.3963165283203,203.01750923577197,201.99945145480618,202.96574537094554,110389800
2017-04-24,204.6222381591797,204.82930676634282,202.37041806974946,204.63086108102416,119209900
2017-04-25,205.8128204345703,206.1579215493844,205.17436889092426,205.2606507520096,76698300
2017-04-26,205.68344116210938,206.6583711066453,205.64031338720525,205.77834596347805,84702500
2017-04-27,205.85604858398438,206.15800889619294,205.32112451518853,206.00271727816042,57410300
2017-04-28,205.40737915039062,206.14072252393868,205.2779563211051,206.11484059103506,63532800
2017-05-01,205.9250030517578,206.3477631731403,205.51087901668387,205.9250030517578,66882500
2017-05-02,206.00265502929688,206.18382852892205,205.59715392949636,206.06304180758352,57375700
2017-05-03,205.75242614746094,206.09754043651324,205.07946973976397,206.00263565261935,73137700
2017-05-04,205.9940185546875,206.13206428303263,205.1485115069127,206.05441849762545,61462700
2017-05-05,206.80502319335938,206.8222822007975,205.9249981207301,206.36501723942743,62001300
2017-05-08,206.77049255371094,206.99480696336738,206.34773249518068,206.84813833035005,48385700
2017-05-09,206.5806884765625,207.22776296193527,206.23557418550524,207.0293304725549,51363200
2017-05-10,206.9517059326172,206.9517059326172,206.33051327021153,206.53758187926883,54293800
2017-05-11,206.52894592285156,206.69287358241365,205.45048833601197,206.50306399394864,62358300
2017-05-12,206.18385314941406,206.57209528830768,205.91639774628214,206.27875795356732,53912700
2017-05-15,207.3227081298828,207.44349486408936,206.58935163770735,206.60661064681307,61918900
2017-05-16,207.1328887939453,207.64191763813506,206.74464667828815,207.61603570807566,51241800
2017-05-17,203.45750427246094,207.13288305142774,203.39710432748612,207.13288305142774,172174100
2017-05-18,204.27716064453125,205.12266785006005,203.12104390989,203.37987640763856,107047700
2017-05-19,205.6057891845703,206.27012277416677,204.70851822433954,204.7602820844805,115011400
2017-05-22,206.6497802734375,206.8137079707807,206.04584651856928,206.11485623503836,61010600
2017-05-23,207.10696411132812,207.27089174437592,206.64106313690144,207.02068225243036,48341700
2017-05-24,207.5901336669922,207.6936613772002,207.0034459246956,207.33993731240122,46927700
2017-05-25,208.58229064941406,208.8583820715962,207.89208842348594,208.09914382535894,64071700
2017-05-26,208.53916931152344,208.70308378813723,208.31484173289525,208.39248751099086,46629900
2017-05-30,208.3580322265625,208.60822862597266,208.06469488524934,208.2199864783797,35201900
2017-05-31,208.30625915527344,208.68587836361388,207.6160436096332,208.6513603457103,91796000
2017-06-01,209.9627227783203,209.97998178350838,208.47876428647643,208.76347863064268,68962000
2017-06-02,210.66160583496094,210.81691058511038,209.7211939063202,210.014531232999,88666100
2017-06-05,210.5063018798828,210.77375725994833,210.3078562016436,210.48904287204337,44698800
2017-06-06,209.83331298828125,210.49763329272264,209.75565404737722,209.94546361000724,50375400
2017-06-07,210.22157287597656,210.44588730323053,209.5054754952336,210.16980902082295,54144300
2017-06-08,210.32513427734375,210.79965830020518,209.79884639103685,210.31651135502514,65950700
2017-06-09,210.0059051513672,211.3863230492574,208.74626081933565,210.5925797958981,132256400
2017-06-12,209.9627227783203,210.0144866291208,209.11721583079745,209.76429029533065,86108100
2017-06-13,210.98944091796875,211.04120477479216,210.15255679328286,210.4976579486158,60067000
2017-06-14,210.72201538085938,211.26554911922136,209.9023769825641,211.25692619678506,78602300
2017-06-15,210.3164825439453,210.43726926369385,209.09997926055743,209.37605754936908,66464900
2017-06-16,210.36245727539062,210.52718436310528,209.4868187704982,210.47516806781985,84553100
2017-06-19,212.11370849609375,212.17438975310907,211.09067303745704,211.18604063759295,65123800
2017-06-20,210.68321228027344,211.7669290874146,210.66588233621394,211.75826411538486,56906400
2017-06-21,210.63119506835938,211.18605754202875,210.1630352304678,211.07335999027543,55977600
2017-06-22,210.5358123779297,211.1340261266323,210.36242034776063,210.63985817920226,44148100
2017-06-23,210.78721618652344,211.1166570347078,210.21501065115152,210.59648100806612,66986800
2017-06-26,210.92599487304688,211.87100612216315,210.71792968194868,211.45484928203297,56700500
2017-06-27,209.22669982910156,211.00399800962012,209.20935665635997,210.70921698887196,82247700
2017-06-28,211.09934997558594,211.29875014596385,210.0069550662031,210.24104157949424,70042600
2017-06-29,209.24407958984375,211.29880274868893,208.0389868383951,211.24678645033342,106949700
2017-06-30,209.63414001464844,210.4230888678693,209.44340483631018,210.05028348149455,86820700
2017-07-03,209.98959350585938,211.00395060543894,209.98959350585938,210.5704639870394,39153800
2017-07-05,210.47511291503906,210.68317804165946,209.54744512898048,210.3537371815229,54427600
2017-07-06,208.55047607421875,209.83359313782432,208.36840582021688,209.71221737814497,65400800
2017-07-07,209.90292358398438,210.05030746972056,208.5591122118483,209.12265284091893,57972300
2017-07-10,210.1283416748047,210.50114712110005,209.59948736422132,209.90293335006723,36663300
2017-07-11,209.97232055664062,210.28443155542396,208.8105792057673,210.1283694415492,50354600
2017-07-12,211.55020141601562,211.71492849955277,210.9346576321268,210.9346576321268,59610400
2017-07-13,211.90560913085938,212.01831989138938,211.33340358673195,211.558825107792,39471600
2017-07-14,212.8939971923828,213.24945948004287,211.81028038534473,211.90564799352268,60262700
2017-07-17,212.86802673339844,213.1974809343332,212.69463465936806,212.81601043408605,33531900
2017-07-18,212.98069763183594,213.0327139214029,212.12238916708705,212.46050827823697,42742500
2017-07-19,214.13375854492188,214.14242351624048,213.28411511299942,213.29279331328186,51034300
2017-07-20,214.22915649414062,214.50658113424,213.68295895752232,214.38520537376544,47135200
2017-07-21,214.03836059570312,214.06436873493507,213.4314687363925,213.65689024835197,82340800
2017-07-24,213.98641967773438,214.12512539283267,213.51824654875693,213.9603983003764,46622300
2017-07-25,214.50656127929688,214.83601541107564,214.2811529532698,214.73196960532394,54915600
2017-07-26,214.5152587890625,214.82736979573008,214.25517730764497,214.7926966745299,47575400
2017-07-27,214.3158416748047,215.00942310480684,212.99803828069716,214.9747499863412,70766600
2017-07-28,214.06443786621094,214.19447860436682,213.3881995698679,213.83901628145244,50088400
2017-07-31,213.94302368164062,214.5585673703291,213.73494530899112,214.46319976981857,65838700
2017-08-01,214.41986083984375,214.57590969699348,213.89967152475035,214.54123658283703,55050400
2017-08-02,214.52389526367188,214.66261417942312,213.59622739716988,214.54990340675474,47211200
2017-08-03,214.10777282714844,214.4372137482906,213.83033496832851,214.41120560264687,40856000
2017-08-04,214.4979248046875,214.82736575126967,214.11645433383487,214.59329242240065,60191800
2017-08-07,214.89674377441406,214.89674377441406,214.46325697083216,214.56730279938967,31995000
2017-08-08,214.36788940429688,215.798403793894,213.99509710301749,214.58463280614788,61719400
2017-08-09,214.3591766357422,214.41119292395376,213.32747615633122,213.68293843106287,62632600
2017-08-10,211.3334503173828,213.6569461183922,211.28143402531697,213.52689215926216,120479500
2017-08-11,211.6455841064453,212.23513301430953,211.324808118161,211.55889468664876,74869900
2017-08-14,213.74362182617188,213.96036518186153,212.88532660417815,212.91999972034407,73291900
2017-08-15,213.71762084960938,214.1424426034363,213.41418807884588,214.1250994302894,55242700
2017-08-16,214.0903778076172,214.63657519179344,213.6655561500399,214.23776167356147,56715500
2017-08-17,210.75257873535156,213.79566409729918,210.75257873535156,213.4835531173293,128490400
2017-08-18,210.42308044433594,211.70619713264114,209.9809156263603,210.58779424725046,136748000
2017-08-21,210.5878448486328,210.84793952835773,209.66019014000403,210.36243651498586,65469700
2017-08-22,212.78997802734375,212.94602690749204,211.1513986409579,211.16874181507407,63140100
2017-08-23,212.0270233154297,212.45184506535176,211.68023922946892,211.8276231274505,50203800
2017-08-24,211.53286743164062,212.56455477652642,211.32478903078268,212.4085058976072,50741700
2017-08-25,212.0270233154297,212.9373480772828,211.87963941744812,212.3217911113928,64445900
2017-08-28,212.03570556640625,212.58188985077862,211.61954878054664,212.55588170528304,40565600
2017-08-29,212.27847290039062,212.53855437473308,210.61387209080198,210.72658288232782,51135700
2017-08-30,213.28416442871094,213.55293734929995,212.07907168858918,212.26114196008922,62030800
2017-08-31,214.56724548339844,214.80999697024225,213.31880170593672,213.89967228009607,103803900
2017-09-01,214.8707275390625,215.29554935301522,214.7233436188667,214.94008701250172,62007000
2017-09-05,213.32749938964844,214.59328653283174,212.36515826603326,214.36786495407853,91398800
2017-09-06,214.0557403564453,214.38519450201161,213.4748697301334,214.00372406587485,57916900
2017-09-07,214.02976989746094,214.37656727726971,213.6222912442902,214.35922410103743,58034700
2017-09-08,213.77828979492188,214.2377846111686,213.53553831573353,213.743603452773,63832800
2017-09-11,216.05844116210938,216.1364655911094,215.02674072656248,215.04407066925324,71364800
2017-09-12,216.78671264648438,216.82138576355234,216.24051514266796,216.4225853869284,56896000
2017-09-13,216.89073181152344,216.92541815541094,216.38788565686775,216.50059643105592,59228000
2017-09-14,216.82144165039062,217.02085511906736,216.39663301922786,216.57002510719033,95446300
2017-09-15,217.11326599121094,217.2003856134073,216.5730791318973,216.67762799637953,95432400
2017-09-18,217.57508850097656,217.92359365475687,217.19172485504657,217.47924758949407,46235200
2017-09-19,217.7929229736328,217.8800559155599,217.47055501881934,217.81906019728686,47108100
2017-09-20,217.87132263183594,217.98459279117168,216.87806830388612,217.88004390232,59574100
2017-09-21,217.28753662109375,217.80158630708547,217.11328406757664,217.71446667763573,48211400
2017-09-22,217.3311309814453,217.49667558165336,216.96519658369985,216.99133380535173,51214000
2017-09-25,216.88674926757812,217.42694948014497,216.14617257274787,217.0784310696796,57064400
2017-09-26,217.01744079589844,217.55762769427997,216.78219253918303,217.3136714631001,54082000
2017-09-27,217.86256408691406,218.24592764987884,216.83445150490712,217.7144487638807,81001400
2017-09-28,218.1239471435547,218.20235879113042,217.4966273737161,217.58374699503923,44778800
2017-09-29,218.8906707763672,218.96909572207406,217.93227513116253,218.1152356503722,85578000
2017-10-02,219.84039306640625,219.84039306640625,218.94296644773243,219.1172323043251,59023000
2017-10-03,220.31085205078125,220.33698926746806,219.76194391112475,219.84036885580198,66810200
2017-10-04,220.57225036621094,220.81620659924897,220.04947941277652,220.16274955476476,55953600
2017-10-05,221.87913513183594,221.89655107859585,220.60706640372368,220.90329703403205,63522800
2017-10-06,221.62646484375,221.9139875099942,221.1734109102285,221.43478306625389,80646000
2017-10-09,221.26052856445312,221.91398553794212,220.9991431161343,221.85300313361688,35803100
2017-10-10,221.8443145751953,222.21897020843707,221.2866984073851,221.82689862545803,43057400
2017-10-11,222.19281005859375,222.19281005859375,221.58291951527698,221.74845078840696,47674300
2017-10-12,221.8616943359375,222.22762861807522,221.62644612077213,221.87912357640553,47065100
2017-10-13,222.13177490234375,222.41058955526134,221.86168151646385,222.29731944068678,54800400
2017-10-16,222.42807006835938,222.61975187422956,222.01858253176565,222.35837967951406,38221700
2017-10-17,222.5849151611328,222.62848162678486,222.15798506913274,222.37580410277423,31561000
2017-10-18,222.80270385742188,223.00309361859325,222.61102207034773,222.9595271588733,40888300
2017-10-19,222.86367797851562,222.89853646284217,221.60905172970456,222.02726047930824,61903800
2017-10-20,224.01382446289062,224.0399882761307,222.8463307701544,223.65662459798477,89176400
2017-10-23,223.14242553710938,224.36223289111098,223.06401390821952,224.33609568148103,63915300
2017-10-24,223.53460693359375,223.7698419219857,223.17738052135843,223.56946542458297,66935900
2017-10-25,222.42807006835938,223.31677541424685,221.3041297472279,223.2035052667913,103715300
2017-10-26,222.71556091308594,223.3080221958349,222.59358280813078,223.03794206480885,69798000
2017-10-27,224.53656005859375,224.69340996704878,222.72431743940916,223.45618618499736,85562500
2017-10-30,223.70013427734375,224.44072426563199,223.40390359987563,223.45617803770907,54285700
2017-10-31,224.0486602783203,224.30133781089364,223.75242957323775,224.07479749967354,60304800
2017-11-01,224.34486389160156,225.16386551408445,223.97894283684508,224.82408167752484,54202700
2017-11-02,224.43199157714844,224.5713989340232,223.2122104410375,224.27516827162728,56449500
2017-11-03,225.18130493164062,225.22485809828677,224.1793162064306,224.58881701199687,59589700
2017-11-06,225.52984619140625,225.6605323015323,224.98093793963778,225.05062833529198,49652600
2017-11-07,225.37295532226562,225.9654165701216,224.86760039556466,225.63432746419292,57502200
2017-11-08,225.75631713867188,225.8521713274261,224.9198996031262,225.1987143113861,50469600
2017-11-09,224.93739318847656,225.12907502025172,223.3603587697755,224.55402952492625,95085500
2017-11-10,224.86767578125,225.041941660444,224.2403558410877,224.55402910578889,59984700
2017-11-13,225.07672119140625,225.3032614637964,224.1531707429087,224.18802922848425,50228600
2017-11-14,224.55401611328125,224.65856499905252,223.49975280686448,224.27520135839887,61315200
2017-11-15,223.43006896972656,224.10966333642224,222.72433738082103,223.58689230298575,80811500
2017-11-16,225.3294219970703,225.69536966039584,224.32745979427324,224.371012963824,67777000
2017-11-17,224.66722106933594,225.30326213412084,224.58880941848312,224.9808942619812,75756800
2017-11-20,225.05056762695312,225.24224939984404,224.66720408117126,224.91118687324328,48075500
2017-11-21,226.52305603027344,226.7060431484956,225.01576545227593,225.81732454351769,69176800
2017-11-22,226.32266235351562,226.66244616724182,226.1571177863148,226.53176008503942,45033400
2017-11-24,226.84539794921875,226.9499734001881,226.67115870940125,226.8105660547947,27856500
2017-11-27,226.73220825195312,227.18526229014694,226.53180515987808,226.88903158180037,52274900
2017-11-28,229.03233337402344,229.0584705922239,227.0980994594827,227.19395365237457,98971700
2017-11-29,228.8928985595703,229.6944841369649,228.44856590345722,229.16299197832421,77512100
2017-11-30,230.89688110351562,231.80298907710585,229.72937435393015,229.80778600995802,127894400
2017-12-01,230.4176483154297,231.1582382487055,227.19394300180855,230.6790470744156,164390900
2017-12-04,230.13882446289062,232.45639491279027,230.08652344782726,232.02947823873978,94040600
2017-12-05,229.3111114501953,231.01880480795086,229.1804253800767,229.3111114501953,77994500
2017-12-06,229.35470581054688,229.7816491686028,228.8929305536896,229.40698024798462,75898600
2017-12-07,230.07785034179688,230.3914969262056,229.09330424757107,230.07785034179688,77218600
2017-12-08,231.33250427246094,231.34119895197028,230.04300619244404,231.0275523480179,76563900
2017-12-11,232.02957153320312,232.09056725094402,231.30642395892278,232.02957153320312,83077500
2017-12-12,232.4390411376953,232.9095376852706,232.06439878927281,232.8136834861178,85195800
2017-12-13,232.41285705566406,233.11858844010973,232.32572414379501,232.68295046999603,102905400
2017-12-14,231.46322631835938,232.82241499178923,231.41095187624578,232.70914483746373,100666700
2017-12-15,233.39071655273438,233.8548521961984,232.40990362504797,232.46244526580634,144610300
2017-12-18,234.87066650390625,235.22095296471468,234.67800494169003,234.78308820741816,83653600
2017-12-19,233.96865844726562,235.15963771971707,233.8985851223314,235.11586193549044,82382900
2017-12-20,233.8460693359375,234.9845071030803,233.5483244849178,234.93196546614422,76751500
2017-12-21,234.3277130126953,235.0370785709979,234.0825097953715,234.4678329547584,67032300
2017-12-22,234.26641845703125,234.38026757357494,233.73220953905195,234.3452309088358,78720900
2017-12-26,233.98619079589844,234.20512319293601,233.7234826095118,233.86357582548726,45244400
2017-12-27,234.10003662109375,234.4590889541957,233.82856259060253,234.15257825763103,57751000
2017-12-28,234.58160400390625,234.62540650411728,234.21381266290302,234.59913569404563,45116100
2017-12-29,233.69715881347656,235.17714378920894,233.5045239818633,235.15963882046495,96007400
2018-01-02,235.36981201171875,235.40484867534212,234.17006685277175,234.555389977197,86655700
2018-01-03,236.85858154296875,237.00746733124353,235.53622131969905,235.53622131969905,90070400
2018-01-04,237.85693359375,238.33860096911457,236.91992311560224,237.49790793094982,80636400
2018-01-05,239.44190979003906,239.56449799129422,238.154586688609,238.64499294390268,83524000
2018-01-08,239.87989807128906,240.0375230077794,239.056709991639,239.34568904187134,57319200
2018-01-09,240.42274475097656,241.0445051103658,240.01989000533143,240.30012981313524,57254000
2018-01-10,240.05496215820312,240.3176970387955,239.00410281126253,239.66963904678204,69574300
2018-01-11,241.8064727783203,241.8064727783203,240.4403366278896,240.6067274035964,62361500
2018-01-12,243.38279724121094,243.54916128836368,241.77143115943943,242.06920275998172,90816100
2018-01-16,242.55084228515625,245.28311451775946,241.85900837845608,244.63508312865815,106555100
2018-01-17,244.86265563964844,245.2479786679201,242.5507441951556,243.4790151109545,113258800
2018-01-18,244.45114135742188,245.16921922426718,243.9607082585169,244.74888617541,100728000
2018-01-19,245.5633544921875,245.5633544921875,244.45118745715803,245.02914550833063,140920100
2018-01-22,247.55995178222656,247.55995178222656,245.30055491341997,245.3531232657294,91322400
2018-01-23,248.08538818359375,248.3743671253375,247.2797053798622,247.60372098050044,97084700
2018-01-24,247.98904418945312,249.3201699767737,246.81557000467438,248.72465367580068,134816100
2018-01-25,248.09408569335938,248.94354413438,247.30593471383634,248.84722674500017,84587300
2018-01-26,250.966552734375,251.01035524522612,248.67214568032333,248.92611472279938,107743100
2018-01-29,249.30259704589844,250.83512323690195,249.14497219457067,250.39725861090093,90118300
2018-01-30,246.7455291748047,249.35518573431412,246.272627806415,247.48113867833266,131796400
2018-01-31,246.86810302734375,248.0941187951975,245.7997121313985,247.5949733674873,108364800
2018-02-01,246.5879669189453,247.88405654725665,245.7998155028056,246.14136292738482,90102500
2018-02-02,241.21971130371094,245.40569741543945,241.1846746392417,245.27431660496606,173174800
2018-02-05,231.13125610351562,241.5699623998002,230.58830814689736,239.46821716686404,294681800
2018-02-06,235.6851043701172,236.18427664100065,226.55125133339826,227.63714745239045,355026800
2018-02-07,234.4065704345703,238.5137179630542,234.3277312468436,235.13341429511374,167376100
2018-02-08,225.6142120361328,234.84440913137536,225.5791753705031,234.7042891940019,246449500
2018-02-09,229.00331115722656,230.8510879526417,221.48954890465834,228.39028969160273,283565300
2018-02-12,232.3660888671875,233.82856905831616,229.14341035308112,231.04372861908254,143736000
2018-02-13,232.94407653808594,233.48702462091063,230.58836174636198,231.16634649666958,81223600
2018-02-14,236.08790588378906,236.44695817544297,231.45528947945988,231.46405532625278,120735700
2018-02-15,239.1003875732422,239.10915341894105,235.36977192448305,237.82183018275933,111200300
2018-02-16,239.17050170898438,241.10588339525876,238.4348920412954,238.47869455702082,160420100
2018-02-20,237.6729736328125,239.66089664066095,236.8848224521223,238.2246874768384,86369700
2018-02-21,236.49075317382812,240.58042191213403,236.39443575185126,238.1108581787282,98883700
2018-02-22,236.7972412109375,239.11791894051447,236.13170499282666,237.4102625244751,110511300
2018-02-23,240.5716552734375,240.5716552734375,237.54163853771126,238.01453997396973,92766400
2018-02-26,243.36524963378906,243.4615937865243,241.05333739504624,241.640061258888,86491400
2018-02-27,240.3264617919922,244.25850577220086,240.26515430746772,243.54914022654583,99099200
2018-02-28,237.89193725585938,241.86775706876602,237.5766874322221,241.42112642680044,121907800
2018-03-01,234.4327392578125,239.22297949478823,232.94398878977802,237.6816874078948,176855100
2018-03-02,235.64125061035156,236.20173024351914,231.91066161199691,232.76885930321743,139083200
2018-03-05,238.3647918701172,238.97781315135055,234.3539361789086,234.45904615794302,97307400
2018-03-06,238.96908569335938,239.41571631929486,237.4803347570045,239.33687714106907,79213200
2018-03-07,238.88148498535156,239.2317714301234,236.622114700202,236.8147762535979,87063500
2018-03-08,240.03744506835938,240.16003329299775,238.56622602184905,239.55577784083428,66901200
2018-03-09,244.21475219726562,244.21475219726562,241.1234272349642,241.43870384345095,113625300
2018-03-12,243.90817260742188,245.12544944991558,243.52284948642702,244.50368898314173,71924800
2018-03-13,242.33189392089844,245.56333825543905,241.7276383640236,245.06416597364745,91968900
2018-03-14,241.08828735351562,243.47027233344934,240.53660029385185,243.28637664689475,105895100
2018-03-15,240.82566833496094,242.23558032877742,240.32649599019436,241.59631474965676,83433000
2018-03-16,241.08676147460938,242.13305550077044,241.03400940876764,241.35052180381805,100343700
2018-03-19,237.8247833251953,241.26260286497254,236.18061459577604,240.33941484185743,109208400
2018-03-20,238.22927856445312,238.8623302848663,237.55224889423462,238.22047760805523,59757300
2018-03-21,237.77203369140625,240.26906332282726,237.56102541703248,238.1852761168424,78709600
2018-03-22,231.8284149169922,236.40043088874282,231.55582678099475,235.55637094248118,148785900
2018-03-23,226.88705444335938,232.59331974598862,226.69362126645365,232.26800641032418,183534800
2018-03-26,233.09451293945312,233.37587522490952,228.08287803665996,230.47440379867055,141956100
2018-03-27,229.12913513183594,234.55401162788922,227.5816696445901,234.02649096831001,129941400
2018-03-28,228.4521026611328,230.9227829355966,227.35305658067978,229.26101238250533,146452300
2018-03-29,231.37115478515625,233.22635835567246,228.46088317113092,229.58630518351373,111601600
2018-04-02,226.37710571289062,231.3535893470145,223.9152399272108,230.84361696405603,186286300
2018-04-03,229.27859497070312,229.75339040602205,225.82320042029326,227.60805024012828,119956900
2018-04-04,231.73167419433594,232.43505297835821,225.61219291036392,225.7440730783455,123715300
2018-04-05,233.56051635742188,234.43975330772295,232.3999171433007,233.48136141957434,82652600
2018-04-06,228.35536193847656,233.09443390544112,226.84307370714194,231.60854853458864,179521200
2018-04-09,229.48086547851562,232.8571324633948,228.5488763706566,229.80617888738539,105442900
2018-04-10,233.129638671875,233.91217232519995,231.22170978854876,232.35590597309297,103529000
2018-04-11,231.9075164794922,233.56048602453347,231.58220314327897,231.65253028400932,91140200
2018-04-12,233.81546020507812,234.75625011906138,233.05052840233344,233.226386513572,68890500
2018-04-13,233.129638671875,235.23102756207518,232.12732264458262,235.11672248173076,85079200
2018-04-16,235.04635620117188,235.81131473753118,233.93853610609082,234.75621987041131,63405300
2018-04-17,237.56105041503906,238.15892514346524,236.29494697120467,236.80489263199541,64682000
2018-04-18,237.7368927001953,238.53697471543825,237.27967231184803,238.0006530533323,57303900
2018-04-19,236.4180908203125,237.28852701500608,235.3893715457022,237.08629281033882,77655900
2018-04-20,234.41336059570312,236.56750195013655,233.53412360731127,236.3476927030386,99953100
2018-04-23,234.3782196044922,235.53881891429748,233.30554936340266,234.9848952967911,65558000
2018-04-24,231.2217254638672,235.61790988481712,229.7270120278721,235.39810066376964,112885500
2018-04-25,231.79322814941406,232.23284659924198,229.3489506416581,231.16017650837463,103840900
2018-04-26,234.1495819091797,234.9760667601679,232.37353299119516,232.81315145098966,67731900
2018-04-27,234.3693084716797,235.05511195377335,233.43731981222345,234.75617472641682,57053600
2018-04-30,232.5669403076172,235.53876505828364,232.49658633585722,234.98484156743206,82182300
2018-05-01,232.9801788330078,233.08568295672404,230.45674665729734,232.0042120242767,74203400
2018-05-02,231.4151611328125,233.59565145638658,231.02829475304668,232.78676854028026,86368900
2018-05-03,230.90521240234375,231.55583918408507,227.76632993031865,230.58869996761013,136311500
2018-05-04,233.89463806152344,234.57166778485288,229.61275778057427,229.93807120660654,91222100
2018-05-07,234.68592834472656,235.65306748213024,233.97372176043777,234.65955231065522,55304900
2018-05-08,234.68592834472656,235.046391866308,233.12966183797334,234.3166370355465,67499200
2018-05-09,236.9542999267578,237.27961322534588,234.83533617693945,235.3540826303874,59666100
2018-05-10,239.17001342773438,239.49535362187376,237.58739773035467,237.69290186588918,72063900
2018-05-11,239.8997802734375,240.16354059598854,238.78313229955305,239.2931046993908,59871500
2018-05-14,240.01409912109375,240.9812382473619,239.46894970292735,240.3306115263057,54790600
2018-05-15,238.3611602783203,238.8095529103585,237.42037023197227,238.7919778296341,87036100
2018-05-16,239.3633575439453,239.82057773735357,238.36981591709545,238.3962187733345,53942600
2018-05-17,239.16123962402344,240.23390972369216,238.38750685282884,239.0996866008191,56536400
2018-05-18,238.5633087158203,239.17878520760263,238.211619362878,238.81829490037902,64368000
2018-05-21,240.3570098876953,240.8933584003689,239.6536310337644,240.0404974530814,58025900
2018-05-22,239.68878173828125,241.13074327395273,239.3634683467948,240.87575703514577,52966400
2018-05-23,240.3481903076172,240.37459317397244,238.2644031113261,238.42268614855146,64694200
2018-05-24,239.85580444335938,240.22509573036155,238.0797556474602,239.95253445059927,76043800
2018-05-25,239.28427124023438,239.9085218069266,238.78309986328713,239.28427124023438,56374800
2018-05-29,236.53225708007812,238.42263752838613,235.42443703849958,237.66647998262778,115908600
2018-05-30,239.68878173828125,240.12840023103232,237.76327742564035,237.83360457831984,69678400
2018-05-31,238.220458984375,239.58326551029967,237.62258430411012,239.28432817016724,93519900
2018-06-01,240.55923461914062,240.85817196194657,239.44258652128468,239.5129405032286,71258400
2018-06-04,241.7023162841797,241.95730260140826,241.1396183931347,241.37700279264234,45385200
2018-06-05,241.87811279296875,242.25617827688455,241.06920291762384,241.8341348420718,51135000
2018-06-06,243.9003448486328,244.00584899825836,241.8693094717872,242.484786120849,62732200
2018-06-07,243.87400817871094,244.67411721877548,242.9683949719898,244.38398076046977,72969400
2018-06-08,244.5948486328125,244.64760068584744,243.24961761607486,243.41667472807663,72139700
2018-06-11,244.92025756835938,245.63243739467774,244.70044831746642,244.81475342108018,58892500
2018-06-12,245.2367706298828,245.59723415049666,244.59491802629464,245.33347381049114,72329000
2018-06-13,244.45425415039062,245.72915849213456,244.2520199873287,245.47417225734918,79070600
2018-06-14,245.0697021484375,245.59722280407743,244.48060164006642,245.31588739846273,77097600
2018-06-15,244.75709533691406,245.0927099931847,243.18502690964945,244.28900830387096,120041600
2018-06-18,244.25363159179688,244.37729042408938,242.83171673643022,243.30861721127397,52917600
2018-06-19,243.31753540039062,243.53833171200623,241.5776593867527,241.99275753069702,97531500
2018-06-20,243.7325439453125,244.39493263665724,243.3969293626048,243.99748864078447,53785500
2018-06-21,242.2046356201172,243.74139578349843,241.7100541970671,243.7237148345327,71061400
2018-06-22,242.64620971679688,243.57357002925116,242.42541349278358,243.458751680338,54898500
2018-06-25,239.34310913085938,241.6570492683329,237.6650632027626,241.4980824541548,137854200
2018-06-26,239.873046875,240.72089691229266,239.15766919468012,239.90838182108166,68547400
2018-06-27,237.88589477539062,241.8778814341139,237.73574146013553,240.45596646380378,105110700
2018-06-28,239.24603271484375,240.00555898908178,237.12636684148768,237.8329311168301,76650500
2018-06-29,239.59042358398438,241.69240817765476,239.47560522258217,240.33229574304445,97592500
2018-07-02,240.10263061523438,240.2616243790332,237.7886905220563,238.02716769142265,63554800
2018-07-03,239.25482177734375,241.0918617527472,238.83091020814945,240.9946973830279,42187100
2018-07-05,241.20669555664062,241.26852498890335,239.3078527788111,240.37652627018724,56925900
2018-07-06,243.24684143066406,243.61776406289744,240.853390508735,241.23318056910415,66493700
2018-07-09,245.4370880126953,245.49007695257492,244.20063449439598,244.2447829600739,50550400
2018-07-10,246.32025146484375,246.41741581459235,245.59603341276468,245.88749950934758,51966800
2018-07-11,244.51853942871094,245.56071801354992,244.21825982042242,244.77467057650426,77054700
2018-07-12,246.7353973388672,246.7883862844151,245.1721695398669,245.7727288911889,60124700
2018-07-13,246.92962646484375,247.229906052148,246.10827109786496,246.5587039551515,48216000
2018-07-16,246.70889282226562,247.11515037248324,246.26730032556523,246.9738644918861,48201000
2018-07-17,247.7069549560547,248.09555860157684,245.88759559414336,245.9405845501079,52315500
2018-07-18,248.22805786132812,248.3340357847289,247.34487256275293,247.78646521204053,44593500
2018-07-19,247.29180908203125,247.94535738117995,246.8148816177688,247.5655942858729,61412100
2018-07-20,247.00914001464844,247.7157040880866,246.85017320537366,247.08862341928582,82337700
2018-07-23,247.46844482421875,247.67156012208483,246.46160099896863,246.80605608213324,47047600
2018-07-24,248.71372985839844,249.55276643988464,247.8482257560957,248.87272365197978,68026900
2018-07-25,250.83340454101562,251.15133823423943,248.42229955672244,248.46644802989135,78882900
2018-07-26,250.24166870117188,250.92171154070462,250.02087242114126,250.11803679974358,57919500
2018-07-27,248.5458984375,250.66553673891525,247.62737862424348,250.5683723876494,76768700
2018-07-30,247.24766540527344,248.7843987666531,246.72656250768478,248.6254319263729,63742500
2018-07-31,248.46652221679688,249.0759222634331,247.6275123073878,248.0072755385733,68570500
2018-08-01,248.0513916015625,249.17305409717716,247.40668363118806,248.6696320457284,53853300
2018-08-02,249.40255737304688,249.57033768103972,246.54986089461025,246.75300309241618,63426400
2018-08-03,250.47129821777344,250.52428716723554,249.34963589792847,249.52628369791557,53935400
2018-08-06,251.3898468017578,251.69894005781967,250.11805796494795,250.50666160689948,39400900
2018-08-07,252.21998596191406,252.59977603437054,251.91970626585007,252.0522055913909,43196600
2018-08-08,252.114013671875,252.5114577519987,251.65476711815006,252.05221119827377,42114600
2018-08-09,251.76953125,252.5643922863209,251.637058902724,252.17578876586805,35717000
2018-08-10,250.0826416015625,250.87750262765104,249.37607750407815,250.3387727714421,77076000
2018-08-13,249.1465606689453,250.96592010037233,248.85509444733034,250.35652013082233,65732900
2018-08-14,250.73617553710938,250.97465269822771,249.48206813353383,249.87067162686614,43842000
2018-08-15,248.86386108398438,249.5350902895857,247.43310573744802,249.39377745931876,102925400
2018-08-16,250.87753295898438,251.74306397579707,250.2592926680228,250.29462761533514,69967900
2018-08-17,251.76071166992188,252.20230416593347,250.2681268771893,250.6743844267732,65618500
2018-08-20,252.29945373535156,252.5643984363551,251.7606969064238,252.21112985079523,39807500
2018-08-21,252.89122009277344,253.7479107239545,252.33480916340102,252.81173666753028,67272000
2018-08-22,252.74107360839844,253.26214954531227,252.21997071881626,252.48494240121423,44993300
2018-08-23,252.40538024902344,253.42103733306237,252.08741971986157,252.56434703727442,49204900
2018-08-24,253.92453002929688,254.06584286476027,252.92652665879552,252.97951560301087,57487400
2018-08-27,255.9293212890625,256.03529916548314,254.9578125007662,255.11677931539714,57072400
2018-08-28,256.05291748046875,256.4945098259801,255.59364419143597,256.3885050228248,46943500
2018-08-29,257.43072509765625,257.6603348266685,256.0264644460227,256.2649146482262,61485500
2018-08-30,256.38861083984375,257.32478484249407,255.79689194613198,256.9538622126653,61229500
2018-08-31,256.3974304199219,256.8390229116999,255.49659143965482,255.9823323995439,66140800
2018-09-04,255.95591735839844,256.3091860709166,254.95791370484514,255.98241183802043,57594400
2018-09-05,255.26698303222656,255.80573994733908,254.26016605468752,255.60259767562948,72452400
2018-09-06,254.49859619140625,255.6732203977271,253.47409834357205,255.37294072808618,65909900
2018-09-07,254.0039520263672,254.97546068984587,253.21790462279685,253.45638176676854,73524800
2018-09-10,254.44557189941406,255.27576785124796,254.25127014573667,255.01079621296216,50210900
2018-09-11,255.28460693359375,255.7261994222889,253.45643451442245,253.80086264021804,50530500
2018-09-12,255.3465118408203,255.94707133435404,254.56049099395184,255.2935228827247,59810800
2018-09-13,256.856689453125,257.0421777146509,256.1236577401461,256.4062834173273,51034200
2018-09-14,256.90087890625,257.2453070700821,256.12367172789,257.0598457510956,55079900
2018-09-17,255.5406951904297,256.88312642756125,255.26691004965062,256.84781844031767,68244000
2018-09-18,256.9273681640625,257.519087058753,255.7262224711646,255.7527169447676,61930400
2018-09-19,257.2010803222656,257.616178259258,256.8566253105935,256.9802841207306,49080600
2018-09-20,259.2853698730469,259.60333040189687,257.2187207698315,258.45520099544166,100360600
2018-09-21,259.0484924316406,260.1397370028223,258.88880602844426,260.02439890895715,105479700
2018-09-24,258.18792724609375,258.613784734562,257.6112638442955,258.4718322384059,53409600
2018-09-25,257.9484558105469,258.74691509115587,257.7089261487671,258.64045746369817,44370000
2018-09-26,257.17657470703125,259.27031328454706,256.75959767511273,258.09037198021355,79739700
2018-09-27,257.8952331542969,258.97759751708634,257.3717984236816,257.64682299273915,59249500
2018-09-28,257.9219055175781,258.41872595233053,257.2387841884643,257.27425202331585,70091400
2018-10-01,258.8179931640625,259.8825968764054,258.1526056908411,259.15510007442543,62078900
2018-10-02,258.66705322265625,259.37678873765856,258.2944515534161,258.66705322265625,47258200
2018-10-03,258.80902099609375,260.13091497744125,258.4541532176749,259.7139378922632,64694600
2018-10-04,256.7862548828125,258.38317348526033,255.20707019384005,258.3299446701572,111545900
2018-10-05,255.34906005859375,257.5226425255621,253.92956160739504,257.00808821277656,105951700
2018-10-08,255.34906005859375,255.70392790272317,253.29078865808967,254.66591170709657,87742200
2018-10-09,254.97628784179688,256.2715669280958,254.41735844112472,254.9674344260819,74339000
2018-10-10,246.90301513671875,254.541674754797,246.53041344296443,254.47068495382157,214731000
2018-10-11,241.464599609375,247.4353236388137,239.85877353327564,245.82064414383953,274840500
2018-10-12,244.81814575195312,245.82952023558337,241.64201563082707,245.5456151938126,183186500
2018-10-15,243.4430389404297,245.7852153367795,243.3543152148686,244.46329409768276,102263700
2018-10-16,248.76612854003906,249.1387573439858,244.92463774239474,245.39484368863774,118255800
2018-10-17,248.8104248046875,249.43143651418163,246.24645354039433,248.80154431287454,110626000
2018-10-18,245.21739196777344,248.47336570550362,243.94872669197238,247.8789411434179,134557500
2018-10-19,245.08428955078125,247.7901867141416,244.39228793386016,245.86501487749734,139901600
2018-10-22,243.98419189453125,246.06905016858272,243.45187670926651,245.7496773022289,82415800
2018-10-23,242.74212646484375,243.8599857033554,238.30621148621196,240.38224352192685,146352700
2018-10-24,235.3873748779297,242.87520076291182,234.8373258087181,242.4936915369687,177806700
2018-10-25,239.61032104492188,241.14515705075235,236.19468889139034,237.21494370639343,138061500
2018-10-26,235.39625549316406,240.42659505910345,232.6992386438329,235.91971729336254,201574600
2018-10-29,234.09207153320312,239.76118336987363,230.53448644606027,238.47475731008242,160749100
2018-10-30,237.5610809326172,237.87160052665556,233.43568368235813,233.9236507800435,157116000
2018-10-31,240.09832763671875,242.40500873650913,239.64585566540876,240.11606154894994,128296300
2018-11-01,242.65345764160156,242.84863900602303,239.87657021470125,240.95893467655137,99495000
2018-11-02,241.21612548828125,244.17931255792325,239.17558896420334,243.7534551005849,122634100
2018-11-05,242.5469512939453,243.0970003719423,240.73709055773415,241.70411669077308,65622500
2018-11-06,244.08177185058594,244.2414582856126,242.4227440457888,242.4848533509687,60085900
2018-11-07,249.30723571777344,249.38707891710627,245.82058689889206,246.2464443700029,102752100
2018-11-08,248.85479736328125,249.4935701186445,247.71920436204357,248.50878304490112,65584900
2018-11-09,246.42398071289062,247.7369943421544,245.02221628610278,247.55069347645488,98812600
2018-11-12,241.81954956054688,246.15786165691804,241.30496810391364,245.9183319217379,99673600
2018-11-13,241.36700439453125,244.26808305260565,240.64838833175432,242.280801799956,98176600
2018-11-14,239.7168731689453,243.62932663010966,238.1643028170083,243.23011049870425,125335900
2018-11-15,242.2187042236328,242.68005673296886,236.88675255543484,238.4570567918774,135101400
2018-11-16,242.8485870361328,243.7535038549721,240.6128687812642,241.12745002947233,126668000
2018-11-19,238.7409210205078,242.53806270523495,237.82712372715233,242.24527718983254,103061700
2018-11-20,234.3227996826172,236.87789138228501,233.4622309792524,235.42289807982084,136021300
2018-11-21,235.12124633789062,237.01095059988435,235.11239291801454,235.8664768641583,75563700
2018-11-23,233.5509033203125,234.94378700042947,233.39121689288703,233.48879401808904,42807900
2018-11-26,237.32139587402344,237.54319157110197,235.40507780230456,235.79544039513638,79981400
2018-11-27,238.1199493408203,238.1199493408203,235.6890762013248,236.29235423855013,75502400
2018-11-28,243.60263061523438,243.60263061523438,238.05773835869508,239.18447779301218,127629600
2018-11-29,243.07040405273438,244.4632607628635,241.6952541807513,242.83084731891725,82346400
2018-11-30,244.55198669433594,245.11091631207717,242.60020035383283,242.9195732355842,98204200
2018-12-03,247.79017639160156,248.766083009342,246.20213847352844,248.65962539189283,103176300
2018-12-04,239.76116943359375,247.3909474928535,239.45065001569253,246.96508997047422,177986000
2018-12-06,239.39747619628906,239.51281432725884,232.83232689770992,235.91973372608498,204185400
2018-12-07,233.83480834960938,240.62175226185676,233.0008542401647,239.06030166124987,161018900
2018-12-10,234.2784423828125,235.2454686908417,229.4432837679875,233.65740339707534,151445900
2018-12-11,234.33168029785156,237.64973648123552,232.867833574281,237.46343560815416,121504400
2018-12-12,235.51156616210938,238.6522012238071,235.4317229496942,237.29481246340214,97976700
2018-12-13,235.4317626953125,237.3125864377424,234.3227838778724,236.45201779242177,96662700
2018-12-14,231.0845947265625,234.2429645549487,230.53454550893176,233.29367209242812,116961100
2018-12-17,226.55099487304688,231.24418581517028,224.92744876381283,230.13520734197775,165492300
2018-12-18,226.30264282226562,228.8488672551829,224.70571070380527,228.18348000060263,134515100
2018-12-19,222.91357421875,230.13524260112197,221.21906514046967,226.38246266332683,214992800
2018-12-20,219.28500366210938,223.23296500175658,217.04929888317656,221.67152791499083,252053400
2018-12-21,214.7919464111328,222.83215230759592,214.1494434382455,220.1818309485332,255345600
2018-12-24,209.11654663085938,214.91691180258488,209.05408824030314,213.31065410867478,147311600
2018-12-26,219.68212890625,219.68212890625,208.5989713794765,210.57110150476595,218485400
2018-12-27,221.3687286376953,221.56503617697558,213.23929261778002,216.46072697864727,186267300
2018-12-28,221.08309936523438,224.34022131598698,219.92302387031256,222.71612651620765,153100200
2018-12-31,223.01954650878906,223.2604885336004,220.8332580470889,222.698295014504,144299400
2019-01-02,223.25160217285156,224.1707495507205,219.4769065496838,219.5036763783565,126925200
2019-01-03,217.92416381835938,221.81487042798517,217.4422797539412,221.51145639556273,144140700
2019-01-04,225.22366333007812,225.8661662538114,220.56552394120638,220.94031504398598,142628800
2019-01-07,226.99951171875,228.40051582840488,224.59905087670086,225.49141469210105,103139100
2019-01-08,229.13226318359375,229.6141473029635,226.6604250449765,229.17689771717087,102512600
2019-01-09,230.20310974121094,231.04193396167105,228.61470313427708,229.83723728481584,95006600
2019-01-10,231.01513671875,231.26499748458872,227.99894282433766,228.67714800280606,96823900
2019-01-11,231.10438537597656,231.1311552005087,229.36426508304245,229.94429610309322,73858100
2019-01-14,229.69444274902344,230.4975647437102,228.81101127814628,229.2125586590983,70908200
2019-01-15,232.3269805908203,232.63931344778908,230.06036833008562,230.06930068487554,85208300
2019-01-16,232.8891143798828,233.77254582759014,232.55001177856187,232.7552380236273,77636700
2019-01-17,234.65594482421875,235.51263356154,231.97885379384078,232.02348831734736,96118400
2019-01-18,237.779296875,238.24334357044071,234.69172515029445,236.45861562252975,127900300
2019-01-22,234.56671142578125,236.52992247827257,232.96046764303685,236.31576390264777,115531200
2019-01-23,235.05755615234375,236.28902257625495,232.60355565717606,235.59297988875502,86030300
2019-01-24,235.18247985839844,235.76253814239962,233.87070392027388,234.8790794198042,59204100
2019-01-25,237.17245483398438,237.99344153026766,235.28064789407634,237.02074100226002,96883400
2019-01-28,235.36984252929688,235.43228728722033,233.6118850682267,235.03967233956106,85613700
2019-01-29,235.05755615234375,236.07483674202095,234.22766433893665,235.5126704132107,66136300
2019-01-30,238.77870178222656,239.61752596151732,235.80714220909275,236.56565691157263,92473700
2019-01-31,240.8757781982422,241.3576623238347,238.50208698383028,238.7162728356407,104012100
2019-02-01,240.9917449951172,242.0090527116639,240.20646056117508,241.0720544623004,85782500
2019-02-04,242.68722534179688,242.74969733695082,240.36707426458165,241.03634704265647,60744800
2019-02-05,243.7045440673828,244.00794447257655,242.6158592097911,243.11558072808432,79552800
2019-02-06,243.38330078125,243.91872452251008,242.65158314207002,243.42793531214494,58347800
2019-02-07,241.0631866455078,242.32139572551998,239.41230805498316,241.77706684167765,95482000
2019-02-08,241.35772705078125,241.45587403322736,239.0018726785705,239.82285965964783,75788900
2019-02-11,241.491455078125,242.26780712361779,240.96496377408712,242.0090412636391,68021400
2019-02-12,244.59690856933594,244.9716860928263,243.02633965967624,243.09774400981368,72270200
2019-02-13,245.3910675048828,246.22989150119363,245.00735767733852,245.42676967549392,65277200
2019-02-14,244.84683227539062,245.97121960048418,243.4993539561301,244.3114084428324,83234400
2019-02-15,247.5149383544922,247.55064053102285,246.40841597707413,246.61364221836726,97088700
2019-02-19,247.94332885742188,248.5947371116846,246.711862249656,246.7207946036442,59120800
2019-02-20,248.4430694580078,248.89818382156787,247.4079239294486,247.9076456007822,76610800
2019-02-21,247.55960083007812,248.1664017356935,246.60476493775758,247.8094616284365,64214700
2019-02-22,249.09445190429688,249.29074580289446,247.54172032600366,248.17529101841103,78114600
2019-02-25,249.43356323242188,251.03090233919505,249.35325374429854,250.5133432270269,69030700
2019-02-26,249.2550811767578,250.12958033501678,248.8802763712297,249.08552986387414,56844100
2019-02-27,249.14791870117188,249.49592633112158,247.61305227722667,248.54109077894248,56921600
2019-02-28,248.68392944335938,249.3710669767745,248.36269155717653,248.93379021020638,69268300
2019-03-01,250.23667907714844,250.64715881686314,248.8088914918301,250.25451655008104,78880500
2019-03-04,249.32644653320312,251.53058626385302,247.04199732647075,251.28965783560562,106494600
2019-03-05,248.98739624023438,249.64776412586107,248.44306726592998,249.45144295437018,59114600
2019-03-06,247.47926330566406,249.11230445937753,247.15802538001947,249.10337210607034,75039800
2019-03-07,245.4090118408203,247.17587498414431,244.57018757231435,247.03309348814483,94885100
2019-03-08,244.91812133789062,245.08767261110944,243.09771908771646,243.56173838491776,85795800
2019-03-11,248.4697723388672,248.6303912829194,245.6052922388111,245.6320620628198,65098900
2019-03-12,249.40672302246094,249.92430922135716,248.83562441270334,249.02301316544484,79667500
2019-03-13,251.05760192871094,251.98566780868583,250.12953604873607,250.29018221282456,80639200
2019-03-14,250.8968963623047,251.5036969373525,250.4596470115746,251.0842850507933,67518400
2019-03-15,252.13661193847656,252.94327154458463,251.25823345246562,251.44647499765688,81309000
2019-03-18,253.05075073242188,253.34654316082592,252.1275687228912,252.35164229173583,62199800
2019-03-19,253.11351013183594,254.87023933773344,252.22618750919187,254.10841104901942,90268100
2019-03-20,252.35169982910156,254.09948500568512,251.24927512477552,252.89845368516478,84609200
2019-03-21,255.2019500732422,255.60526619804367,251.49127760863934,251.53610874655385,79550400
2019-03-22,250.29026794433594,254.3683974478117,250.22752075745402,253.84855861316004,122659300
2019-03-25,250.10203552246094,251.13276877053153,248.84722863990814,249.94965341580806,85575200
2019-03-26,251.96629333496094,252.91636327100957,250.56807617048426,251.84977067913186,68125900
2019-03-27,250.6487274169922,252.53992285404814,249.1070999307263,251.95730960273139,72224700
2019-03-28,251.59869384765625,252.04684087039578,250.1287858364869,251.27604112059112,56238500
2019-03-29,253.18524169921875,253.50789454083147,251.98421053421598,253.10457848881558,82186800
2019-04-01,256.18780517578125,256.4835976324492,254.90611080417543,255.17501552412202,77617900
2019-04-02,256.31329345703125,256.54633873826305,255.5245500615383,256.3760406254756,40070400
2019-04-03,256.7167053222656,257.91773677565595,256.11617591920054,257.523364972723,68243200
2019-04-04,257.3979187011719,257.6488801360489,256.3492691654427,257.03940627316825,48997500
2019-04-05,258.64373779296875,258.69751328043895,257.77433094188007,258.06115177688133,58621700
2019-04-08,258.8409423828125,258.94849336551664,257.5681919310813,258.2224968795213,53566300
2019-04-09,257.5143737792969,258.20451070581373,256.9676472568753,257.88185781115266,66142300
2019-04-10,258.3927001953125,258.4823350989078,257.5143219044501,257.9266096377098,52601500
2019-04-11,258.3210144042969,258.88568428123676,257.756344527357,258.8767125839089,55093100
2019-04-12,260.0687255859375,260.34657459676157,258.3657720946108,259.9253152331367,69727800
2019-04-15,259.89849853515625,260.23909479705657,259.10078335831236,260.140488185737,49596700
2019-04-16,260.0687255859375,260.8305811183733,259.47716813790714,260.776805655164,52153200
2019-04-17,259.4324645996094,261.20711027659587,259.0201494187386,261.18022253460333,58268300
2019-04-18,259.9432678222656,260.21217252885253,258.72432068114665,260.0149866851149,68708500
2019-04-22,260.1673583984375,260.31974047739857,259.09182156001907,259.1814564680707,40160100
2019-04-23,262.5067443847656,262.73978971372134,260.3018675160108,260.5348854922284,52246600
2019-04-24,261.9241638183594,262.7577111776434,261.7807534093311,262.4260865735888,50392900
2019-04-25,261.76275634765625,262.4170610760673,260.57966858301586,261.8255035173805,57770900
2019-04-26,262.98175048828125,263.0534420070687,261.03677955107406,261.8076069798987,50916400
2019-04-29,263.3940734863281,263.9139396398111,262.98178565451457,263.0714205795363,57197700
2019-04-30,263.5284729003906,263.81529367659437,261.64627651929874,263.0534379566247,81111700
2019-05-01,261.54766845703125,264.3620460215108,261.53869676009515,264.15588846112246,71671900
2019-05-02,260.98297119140625,262.3453560513314,259.4951193512274,261.4311183473855,65030200
2019-05-03,263.5374755859375,263.81532469782667,261.09058170896674,262.45296687976565,56543700
2019-05-06,262.4529113769531,262.89208684427564,258.9394255801766,259.2531340651493,107198100
2019-05-07,258.070068359375,260.6514008912022,256.16992839920704,260.05984323993033,144729900
2019-05-08,257.7115173339844,259.41447115468867,257.11995977153765,257.7115173339844,91568300
2019-05-09,256.9317626953125,257.5322646414615,253.92019920925287,255.65006823450122,103471100
2019-05-10,258.2224426269531,258.9753267004435,253.02391828227698,255.99962249136024,112429300
2019-05-13,251.73324584960938,254.09050462722408,250.89969857658744,253.13149035474845,127290500
2019-05-14,254.00982666015625,255.53353807627536,252.62058128578565,252.74604827795415,77003200
2019-05-15,255.4977569580078,256.1341185162251,252.18145573121285,252.38761335271656,73956400
2019-05-16,257.8639221191406,259.2173081278269,256.12510871199436,256.19680023221036,76749600
2019-05-17,256.19671630859375,258.6704969130999,255.55138342710202,255.56932681582998,100353000
2019-05-20,254.50277709960938,256.304310040441,253.75883751403418,254.6013563431719,62877600
2019-05-21,256.7973937988281,257.17382224143785,255.93693122452083,256.18789263717485,46847100
2019-05-22,256.00860595703125,256.95867595197024,255.53357095956173,255.84727950945393,49482500
2019-05-23,252.88052368164062,253.83953793393536,251.4733348614828,253.79473415351669,98733800
2019-05-24,253.45413208007812,254.7268821770515,252.83568674916825,254.3145670546218,55268100
2019-05-28,251.0968780517578,254.6820557568773,251.07896201021688,253.73198585323945,70029400
2019-05-29,249.41184997558594,250.38880765637472,248.0136328037473,249.98549156030757,104972900
2019-05-30,250.09300231933594,250.99826833289026,248.99952215787044,250.16469382953431,62523800
2019-05-31,246.72299194335938,248.38114233820747,246.69610420085868,247.5565666663596,86862800
2019-06-03,246.0955810546875,247.87022661296436,244.76905538206495,246.75883021463042,96428000
2019-06-04,251.43746948242188,251.5719081732355,247.93295506062827,248.3811022651635,77231900
2019-06-05,253.61557006835938,253.64245781836817,251.24936600934626,253.05089996542821,71169700
2019-06-06,255.26458740234375,255.93680807916107,253.26586876235368,253.9112017062075,69430400
2019-06-07,257.8190612792969,258.8946254277593,256.10713580857265,256.2774339212914,74272200
2019-06-10,259.0022277832031,260.6603781109152,258.9125928609169,259.36074011961,60799100
2019-06-11,258.939453125,261.1801891806901,258.29412004685184,260.8127051852287,58641300
2019-06-12,258.48236083984375,259.26213260858515,257.97146645593216,258.70643444478026,47096300
2019-06-13,259.5489196777344,259.90745931903905,258.68848471461854,259.3875932507878,48945200
2019-06-14,259.2621154785156,259.8626173825372,258.50025980152225,259.2621154785156,52324700
2019-06-17,259.3606262207031,260.1224816964581,259.1903281489675,259.49506486872434,39205700
2019-06-18,262.0764465332031,263.12512289413803,260.81266829422253,261.1712078946069,85434800
2019-06-19,262.66802978515625,263.19684018898215,261.24292499801845,262.21091089679237,78674400
2019-06-20,265.17767333984375,265.581016799397,262.73080690028075,265.3390271353072,116570000
2019-06-21,264.7922058105469,266.1611896327849,264.57605770329127,264.9092951972342,83309500
2019-06-24,264.4679260253906,265.3145150896043,264.3148028256005,264.99930833046005,47582700
2019-06-25,261.8740539550781,264.5489962916945,261.7659799189752,264.5219777826687,82028700
2019-06-26,261.6128845214844,263.27008405135524,261.5048104738926,262.7657201720802,51584900
2019-06-27,262.5405578613281,263.044921742749,261.9911722884758,262.3694314566564,40355200
2019-06-28,263.89154052734375,264.3868890801006,262.99990213807325,263.51325387039157,59350900
2019-07-01,266.2873229980469,267.42215565476,265.0894379746776,267.20598003847806,78705600
2019-07-02,266.98077392578125,267.0348109497761,265.40462992580103,266.24223128349144,61504500
2019-07-03,269.1153259277344,269.1333565933882,267.51216337347967,267.6562712698563,40898900
2019-07-05,268.8091125488281,268.97125111423253,266.6025273362104,267.8904556118029,51677300
2019-07-08,267.33209228515625,268.6290360762006,266.79169445792525,267.50321872187567,45841800
2019-07-09,267.6653137207031,267.962517390623,266.12520336866174,266.1792403995563,41101300
2019-07-10,268.9442138671875,269.8899168340314,268.1966833184836,268.72806575397624,58448500
2019-07-11,269.57476806640625,269.8179347709425,268.575055239754,269.58378340257536,50826100
2019-07-12,270.7815246582031,270.85359234497,269.7547937508127,270.06101270514915,40326000
2019-07-15,270.87158203125,271.21383481192174,270.3672181920815,271.21383481192174,33900000
2019-07-16,269.9979248046875,270.988649224032,269.6917058906657,270.78148900906183,36650100
2019-07-17,268.16064453125,270.1330784852856,268.16064453125,269.9709674033634,36036300
2019-07-18,269.14239501953125,269.5206817543314,267.22402528507104,267.66533690419124,51392600
2019-07-19,267.647216796875,270.25910648981244,267.4760904303873,270.23208798382825,58678600
2019-07-22,268.3046569824219,268.84505454901955,267.5301082093827,268.04345978617664,43638100
2019-07-23,270.2231750488281,270.2231750488281,268.59299376994335,269.42160741038407,44564500
2019-07-24,271.49310302734375,271.49310302734375,269.37656094928735,269.46663183286364,47213200
2019-07-25,270.1961364746094,271.09679026285806,269.39454140989733,271.04275323442494,55394100
2019-07-26,272.0064697265625,272.2046146669419,270.75454772012597,270.88065244844626,45084100
2019-07-29,271.5111083984375,272.00648451921296,270.96172273001054,271.8893951181974,38126500
2019-07-30,270.84454345703125,271.2498485590155,269.7367296678358,270.1150162620722,45849000
2019-07-31,267.88134765625,271.2768287361373,265.87290806398926,271.0876717228636,104245200
2019-08-01,265.5486755371094,270.97961506099136,264.75609605671474,268.0344880009356,142646600
2019-08-02,263.5493469238281,264.90032781024166,262.00022107464287,264.65716114556676,116749700
2019-08-05,255.62353515625,259.5773905358963,253.73215692294193,259.4693164915534,178745400
2019-08-06,259.2081298828125,259.42430546615407,256.0378386800961,257.50590864289825,120711700
2019-08-07,259.3612060546875,260.12676707572143,254.02033705525537,256.14586625780424,140572300
2019-08-08,264.45001220703125,264.45001220703125,260.29801063095204,260.84739635518525,87713900
2019-08-09,262.6485900878906,264.1076444758025,260.87430145284293,263.5132098204003,93730000
2019-08-12,259.4512939453125,262.6395879585057,258.50559115636844,261.1535149881845,65527600
2019-08-13,263.4862976074219,264.92734940012593,258.81190148737363,259.1541543802907,94299800
2019-08-14,255.6956329345703,260.05479444786425,255.56955568303667,259.45137173581514,135622100
2019-08-15,256.37103271484375,257.2626984377654,254.33557434084287,256.5781929304247,99556600
2019-08-16,260.1537780761719,260.5860741804113,256.42505926251977,258.0192336041962,83018300
2019-08-19,263.2881164550781,263.96360681327474,262.48654885595346,263.16203921415007,53571800
2019-08-20,261.2706604003906,263.3151346538664,261.14458315961394,262.78375220434907,51596400
2019-08-21,263.3962097167969,263.76545358018495,262.7387225606181,263.4232282308441,49524700
2019-08-22,263.3150939941406,264.7291268538394,261.54982049544003,264.09868577575924,51666400
2019-08-23,256.5511779785156,263.67535110067126,255.30827163933517,262.01815181035266,149161500
2019-08-26,259.3882141113281,259.3882141113281,257.20862049623975,258.7307271459625,72423800
2019-08-27,258.3706359863281,261.14466599259146,257.6140898443786,260.7753945151312,66668900
2019-08-28,260.1897888183594,260.3518998430598,256.91139706146447,257.71299182653104,59696700
2019-08-29,263.5132141113281,264.0356085832633,261.7389254473887,262.7386652204971,57899400
2019-08-30,263.3962097167969,265.00836019790177,262.4685374201458,264.9903570171277,62901200
2019-09-03,261.8561096191406,262.6126556070422,260.5321472688688,261.703013846112,69101400
2019-09-04,264.82830810546875,264.8463112904694,263.27016680088786,264.01772500798256,46887300
2019-09-05,268.2326965332031,269.1423380968448,264.792192738452,267.30502430433256,83258100
2019-09-06,268.4399108886719,269.07939501172183,267.87252196268025,268.5480124555917,49584300
2019-09-09,268.574951171875,269.511611253967,267.63826360401265,269.42156787029035,51260300
2019-09-10,268.51190185546875,268.57495421337273,266.5664864936177,267.81838089006624,57947100
2019-09-11,270.4212951660156,270.5023507072399,268.16966073499134,268.8181325505572,68821100
2019-09-12,271.35797119140625,272.41172066807127,270.56539150782567,271.3219373460333,72908700
2019-09-13,271.1778564453125,272.15057796681884,270.8085850793493,271.7993097824489,62104800
2019-09-16,270.3402404785156,271.22289107314236,269.70078399410147,270.0520246738491,58191200
2019-09-17,271.0247497558594,271.11479314596744,269.97097273102594,270.1420991494671,41475500
2019-09-18,271.18682861328125,271.29490265718533,268.6109447952342,270.6374155757433,73375800
2019-09-19,271.16888427734375,272.5649144175921,270.83564670729453,271.57418955678503,76560500
2019-09-20,269.88763427734375,272.0501507115491,269.100451345295,271.7696332635808,89565000
2019-09-23,269.8241882324219,270.5389979988221,268.9736620832095,269.2270085353562,43476800
2019-09-24,267.7070617675781,271.2991710708117,266.74796203940343,270.91010804409495,94869400
2019-09-25,269.2903747558594,269.73372418132254,266.31353298263394,267.7883822298212,71854000
2019-09-26,268.7294921875,269.507618203709,267.3270429198188,269.29952886168803,56179700
2019-09-27,267.28179931640625,269.5890894193695,265.73457655955974,269.4804886465628,84746600
2019-09-30,268.5213623046875,269.22711538810705,267.75229329262123,267.7975229006122,51662400
2019-10-01,265.3273010253906,270.05042502403563,265.11015478586074,269.3989586927503,88242400
2019-10-02,260.64044189453125,263.7620579252307,259.355622841825,263.75300095877276,122539500
2019-10-03,262.77581787109375,262.80296115805885,257.70885927355687,260.4142414543203,85278800
2019-10-04,266.3316650390625,266.5850115298141,263.37290937944215,263.42722355353567,65091200
2019-10-07,265.18255615234375,267.1550692865488,264.9020663585836,265.5354464421896,59610500
2019-10-08,261.0657043457031,264.0696902542639,261.02950409268243,263.33679390363403,95708100
2019-10-09,263.54486083984375,264.47681708385716,262.45004489012706,263.0743680413565,62359400
2019-10-10,265.3273010253906,266.2049705604182,263.30052915592313,263.4633888355705,55296300
2019-10-11,268.07794189453125,270.30377370590077,267.95128245800737,268.06888493024525,98720400
2019-10-14,267.7794494628906,268.4309160029819,267.4356160649668,267.76133552866014,40394800
2019-10-15,270.4305419921875,271.17249535642475,268.702345668871,268.8199757891408,46754500
2019-10-16,269.9961242675781,270.6837908068591,269.5618318113538,269.9689809890641,48928200
2019-10-17,270.7923889160156,271.66100152133464,270.10472231326054,271.1543085338405,45736600
2019-10-18,269.607177734375,270.90105392298045,268.7566511570259,270.2586443124997,64304000
2019-10-21,271.4349060058594,271.63396601654864,270.4848631805334,270.9191834618667,39048600
2019-10-22,270.5480651855469,272.2581468989858,270.4575783893553,271.9686001962502,48594700
2019-10-23,271.3353576660156,271.38964424316333,270.08671116620945,270.29482812041203,34352200
2019-10-24,271.7785949707031,272.41197492603146,270.95521207385355,272.2672015758795,35453100
2019-10-25,272.8916320800781,273.4345254538607,271.15437880651467,271.2086653826225,45205400
2019-10-28,274.4297180175781,274.92738163756786,274.0768553754071,274.1039986555741,42147000
2019-10-29,274.34832763671875,275.27125452053383,274.0316375807567,274.15832464822154,44284900
2019-10-30,275.18988037109375,275.5608294575838,273.24451003899617,274.5474431635399,49643900
2019-10-31,274.4568786621094,275.18074553352045,273.0092001446827,275.18074553352045,69053800
2019-11-01,276.9993591308594,277.04458871848,275.7325993251926,275.89548658854665,71141500
2019-11-04,278.1123962402344,278.6824329073958,277.74141955822927,278.5467164658584,60606900
2019-11-05,277.80474853515625,278.61004540055967,277.51520173325594,278.31144163213037,42933200
2019-11-06,277.8680725097656,278.13950535949533,276.9270592762012,277.8047289739284,46487100
2019-11-07,278.8451843261719,280.17526016200947,278.3746916406929,279.1980745498013,54272300
2019-11-08,279.5329284667969,279.5872150373997,277.804732335404,278.50142839994095,49032100
2019-11-11,278.99908447265625,279.171001145757,278.0218710031677,278.1576150386581,35797300
2019-11-12,279.58721923828125,280.4829752793879,278.8181226595838,279.36101598647036,46484600
2019-11-13,279.6776428222656,280.0757626644481,278.37471017743115,278.60091337809416,53917700
2019-11-14,280.0848388671875,280.16629633222396,278.7638196858961,279.39719979877964,51219900
2019-11-15,282.1116638183594,282.156893425013,280.7273009797878,281.41494010951646,62023600
2019-11-18,282.3197937011719,282.5550539600533,281.42403750421016,281.8764440865474,49228000
2019-11-19,282.23822021484375,282.92588670614794,281.5958109263683,282.9168297430437,67804700
2019-11-20,281.1888122558594,282.1660260584954,279.6415892831806,281.65027586336583,79406200
2019-11-21,280.7362976074219,281.40587795167755,279.94008542437876,281.2973048182035,54664700
2019-11-22,281.360595703125,281.6139421962558,280.35626669515204,281.47822579148874,44850200
2019-11-25,283.541259765625,283.541259765625,282.2835839904739,282.2835839904739,48647200
2019-11-26,284.1836853027344,284.3646589671821,283.2607858845415,283.5774759909728,37569000
2019-11-27,285.45037841796875,285.45037841796875,284.4460217587132,284.66316801468287,44444600
2019-11-29,284.3917541503906,285.13370739133796,284.1655509144457,284.8893902243896,36592700
2019-12-02,281.9759216308594,284.7084468054774,281.55065843888804,284.64510327178596,75767800
2019-12-03,280.0848388671875,280.16629633222396,277.89520698160726,279.27051273112295,73941700
2019-12-04,281.81304931640625,282.4102292100744,280.78157685476225,281.1254102128774,49080000
2019-12-05,282.3197937011719,282.52791066962135,281.016860535024,282.5098243469022,40709000
2019-12-06,284.8984375,285.2965573907383,284.21077085005226,284.2198278152459,48927000
2019-12-09,284.00274658203125,285.1789925931911,283.93034606930155,284.50943972031905,34838500
2019-12-10,283.6859436035156,284.6088426783579,283.03447731165807,283.9483470355303,52649800
2019-12-11,284.4913024902344,284.7446490140432,283.6045758505534,284.1384121824113,53429100
2019-12-12,286.943359375,287.7214853233215,284.26512054939514,284.50035315953534,96389600
2019-12-13,287.1152648925781,288.33676795280417,285.93899143681557,286.7080880016024,81503900
2019-12-16,289.08770751953125,289.67583035344785,287.0518785933374,288.834361024335,82749700
2019-12-17,289.1510314941406,289.7662975676277,289.0696016561228,289.4677214948956,61097700
2019-12-18,289.16912841796875,289.76630819803626,289.11484185729864,289.540104991012,48133000
2019-12-19,290.3545837402344,290.42698426767464,289.1059369626412,289.3592835832608,85310500
2019-12-20,291.62744140625,292.754916750099,290.4090343656645,291.3819230502159,147142100
2019-12-23,292.0730285644531,292.4640044146452,291.92754337051724,292.40945093547714,52990000
2019-12-24,292.08209228515625,292.3457581508804,291.78202044007725,292.30030617360654,20270000
2019-12-26,293.6368408203125,293.6459423126431,292.45481225232305,292.4638859962015,30911200
2019-12-27,293.5640563964844,294.4187641405281,293.0366971121668,294.36421068864865,42528800
2019-12-30,291.9456787109375,293.7824047534291,291.4637712118447,293.6460210741499,49729100
2019-12-31,292.6548767089844,292.9003950592716,291.10004740048026,291.44557119091616,57077300
2020-01-02,295.3917541503906,295.40995713786896,293.26408574966416,294.18244866671154,59151200
2020-01-03,293.1549987792969,294.2734003955614,291.9638684535366,292.01842192277303,77709700
2020-01-06,294.27337646484375,294.35520666204394,291.29097239733835,291.4091808205573,55653900
2020-01-07,293.4460144042969,294.1825141011181,293.0004573388211,293.7096802968142,40496400
2020-01-08,295.0099182128906,296.2192238536559,293.39143377910256,293.63692440584015,68296000
2020-01-09,297.0102844238281,297.08304088810894,295.9828144164329,296.5647551368362,48473300
2020-01-10,296.155517578125,297.7467249999372,295.69181314128934,297.5921661038104,53029300
2020-01-13,298.19232177734375,298.20139552344506,296.34652203143133,296.77387604888196,47086800
2020-01-14,297.73760986328125,298.80142999540743,297.1829460670198,297.75578509898844,62832800
2020-01-15,298.4105224609375,299.1651972676741,297.56491595799633,297.6467461600431,72056600
2020-01-16,300.8927917480469,300.8927917480469,299.5561763932098,299.78349174098173,54050300
2020-01-17,301.8293762207031,302.0384886137536,300.8291829872231,301.602060838024,95846000
2020-01-21,301.2382507324219,302.0384050979575,300.80182307736766,300.87455177039266,77742400
2020-01-22,301.2746276855469,302.7385527682541,301.1200688078495,302.09295728378254,48914900
2020-01-23,301.6201477050781,302.02932637339586,299.5197564044105,300.62905625680025,51963000
2020-01-24,298.93798828125,302.3568214862694,297.65592582936773,302.2749912551026,87578400
2020-01-27,294.1461181640625,295.6191174690561,293.38234177437914,293.71876411583315,84062500
2020-01-28,297.2285461425781,298.1014295336754,294.23706762447324,295.56458182841783,63834000
2020-01-29,296.9830322265625,298.81065700129847,296.7829935559523,298.5833415914443,53888900
2020-01-30,297.94677734375,298.1559174611264,294.18244947017035,294.9280227504924,75491800
2020-01-31,292.5367736816406,297.4831594979668,291.62751199111693,297.3285728012533,113845600
2020-02-03,294.70989990234375,296.5648015533711,293.89156991609985,294.0097783777118,69083000
2020-02-04,299.2016296386719,300.0654392862416,297.9832223847323,298.30146950480867,62573200
2020-02-05,302.65679931640625,302.86593947140614,300.665541964284,302.12033830849697,65951100
2020-02-06,303.6751708984375,303.86610804710017,302.6022212214516,303.6115159327302,50359700
2020-02-07,302.056640625,303.68419851140686,301.51107824895325,302.62037823914807,64139400
2020-02-10,304.3116455078125,304.3753004752346,301.1383316131343,301.1747098442984,42070000
2020-02-11,304.83892822265625,306.4392091152202,304.31154117120803,305.6572577782839,54864500
2020-02-12,306.80291748046875,307.01202979144057,305.9027300494393,306.2664289692785,43992700
2020-02-13,306.47564697265625,307.43946184215287,305.1117548650529,305.3845221871912,54501900
2020-02-14,306.96661376953125,307.08482217571895,305.6936535268408,306.884783584121,64582200
2020-02-18,306.1756896972656,307.0303978801557,304.7935942108236,305.97565102151555,57226200
2020-02-19,307.6395568847656,308.31240156841585,306.857605252249,307.1394741196409,48814700
2020-02-20,306.375732421875,307.91238687215724,303.4024289862752,307.09402916606956,74163400
2020-02-21,303.220458984375,305.33902553887464,302.4021016407909,305.0298800362003,113788200
2020-02-24,293.16412353515625,303.2932828550101,292.0911738086347,293.81879296639795,161088400
2020-02-25,284.2806701660156,295.1554325277739,283.40778668758634,294.5462427167481,218913200
2020-02-26,283.2348937988281,289.2450976481431,282.50749586116564,285.67170741329534,194773800
2020-02-27,270.514404296875,283.28951758192875,270.514404296875,277.7430167478903,284353500
2020-02-28,269.3778076171875,270.85990822902744,259.63052370677684,262.50379323523845,384975800
2020-03-02,281.04364013671875,281.1072951028056,267.7411396475447,271.15087035057456,238703600
2020-03-03,272.9966735839844,285.3626359732163,270.5689608318298,281.41644425276655,300139100
2020-03-04,284.4715270996094,284.6897687189938,275.8062664944297,278.3431137377837,176613400
2020-03-05,275.0151062011719,280.4797743247538,272.7874331417552,277.3064619460479,186366800
2020-03-06,270.468994140625,271.6692263180458,263.8950494044823,266.5500781925707,228667200
2020-03-09,249.3468475341797,258.4030863530408,248.63762451369897,250.3197364704086,309417300
2020-03-10,262.2492370605469,262.3401410197597,248.68304208033334,258.81222939877176,276444100
2020-03-11,249.46490478515625,256.35712064223424,246.30069337444888,255.22964556471337,255316300
2020-03-12,225.5968780517578,242.46368215490747,225.20588838049142,232.77095094586227,392220700
2020-03-13,244.88223266601562,246.84624018480108,225.96959696033426,239.21752540930882,329566100
2020-03-16,218.0863800048828,233.5892777421095,215.8223138369543,219.29568561096787,297240000
2020-03-17,229.86129760742188,232.92551813203102,215.55861886674538,222.80541986754847,262070500
2020-03-18,218.22276306152344,225.8332774835406,207.3298140234867,214.81303238868713,327597100
2020-03-19,218.68646240234375,224.93309788570622,211.14869122239375,217.54079799071988,289322000
2020-03-20,209.2623291015625,223.59423587653282,208.98794388953863,221.81989398869834,347158800
2020-03-23,203.91192626953125,210.06723647976997,199.62241092920152,208.7044789871797,326025200
2020-03-24,222.38697814941406,223.25586710368103,213.83539985668068,214.4024524745698,235494500
2020-03-25,225.7161407470703,234.45980644396235,219.27730546743715,223.96009476171582,299430300
2020-03-26,238.8957061767578,240.35905717065114,227.7832066302322,228.2130736603869,257632800
2020-03-27,231.780029296875,238.53898394691296,229.61241213301977,231.64284363681386,224341200
2020-03-30,239.3072052001953,240.0205984059561,231.88059185006412,233.8652897641229,171369500
2020-03-31,235.7402801513672,240.84378198565145,234.34093062328688,238.31032714142557,194881100
2020-04-01,225.1308135986328,235.6579634150699,223.0729450503608,226.80454835925843,189554600
2020-04-02,230.3257598876953,231.1031684005244,223.70399220839067,224.2527626516447,177660400
2020-04-03,226.99659729003906,231.68854153043867,224.2802099883143,229.34713296100213,135561200
2020-04-06,242.2431182861328,244.20039326267332,226.97831890956317,235.82257866876083,188061200
2020-04-07,242.49005126953125,251.54466592390668,242.27055425611888,250.79468057924873,201427200
2020-04-08,250.63009643554688,252.43187579591768,242.5998371553158,245.0784176857371,153774500
2020-04-09,254.4440460205078,257.18787098300805,251.94715525644546,253.87696541582113,189999200
2020-04-13,252.12088012695312,253.8129107475081,248.23379557966797,253.47451020572214,114839100
2020-04-14,259.556640625,260.57184221885353,251.9836866702338,256.98659409583337,134143400
2020-04-15,254.04156494140625,259.6938365265299,251.9379494803532,253.86778716253068,121775000
2020-04-16,255.2671356201172,256.1177144854086,252.21234780388616,255.31285486213815,131798300
2020-04-17,262.1633605957031,262.7669775669255,258.28540206750915,261.01094510010387,146684800
2020-04-20,257.5444641113281,262.3004368896552,257.32496712241556,258.4773542258276,100109300
2020-04-21,249.7245330810547,254.2975722926318,248.79161521845853,253.0994382521279,126385700
2020-04-22,255.2671356201172,257.004885491292,253.26414157499525,254.58117952005145,92951600
2020-04-23,255.248779296875,259.6937885331083,254.9469709487033,256.5383798804853,104709700
2020-04-24,258.8067626953125,259.4744369338839,254.71846167335374,256.7580486318894,85063200
2020-04-27,262.53826904296875,263.6540921481232,260.31577784625483,260.77308193998005,77896600
2020-04-28,261.33099365234375,266.5168061709099,261.02915733590845,266.1692506121664,105270000
2020-04-29,268.1722717285156,269.6996797561553,265.61137984510384,266.63573659846855,118745600
2020-04-30,265.6753845214844,268.2728683089117,263.94676172651174,266.8003346785692,122901700
2020-05-01,258.64202880859375,265.839989989389,257.4804586743474,260.9468311402784,125180000
2020-05-04,259.35546875,259.6572771920801,255.2946058776954,256.7671117660128,80873200
2020-05-05,261.75177001953125,264.55046938143977,259.48353122781396,262.16335494813103,79569900
2020-05-06,259.9774475097656,263.8279412037995,259.54758042908,263.4438212918201,73632600
2020-05-07,263.11444091796875,265.0351234329796,262.6114176478668,263.1784701811811,75250400
2020-05-08,267.468017578125,267.9344766802259,265.1083128503956,266.2332909565574,76452400
2020-05-11,267.5229187011719,268.89483110476766,265.12664950208534,265.54736149059846,79514200
2020-05-12,262.1907043457031,269.1142661339823,262.05349080766416,268.70270925473403,95870800
2020-05-13,257.5536193847656,262.6662747752704,255.13904085778958,261.63276326538846,144721100
2020-05-14,260.63580322265625,260.7638338091344,249.678791001501,255.12987394852624,121977900
2020-05-15,261.83404541015625,261.87976465743145,257.3158784788834,258.25792384810507,111146300
2020-05-18,269.80938720703125,271.4099513684289,267.7057997595582,268.0258902625386,119703800
2020-05-19,267.03814697265625,270.9160766593907,267.0198648575471,269.2149188705736,95189300
2020-05-20,271.5745544433594,272.43428822067204,270.3307009256605,270.5593529321453,85861700
2020-05-21,269.6996765136719,272.2514412639975,268.6112904984,271.4465815641365,78293900
2020-05-22,270.2117919921875,270.3855697465573,268.1813610988964,269.41608749145286,63958200
2020-05-26,273.5409851074219,276.3854308835985,270.23010816848546,276.14762383993184,88951400
2020-05-27,277.6110534667969,277.6476456136954,271.5197588989895,276.32145242701677,104817400
2020-05-28,277.09881591796875,280.6383447830718,276.4311419598092,278.6353508202171,90405200
2020-05-29,278.3335266113281,278.9188612453655,273.8976720162019,276.6323411356739,119090800
2020-06-01,279.45855712890625,280.06220196111565,277.18119137546694,277.69336979462093,55758300
2020-06-02,281.7724914550781,281.8182386135936,279.04697679082,280.3731419784623,74267200
2020-06-03,285.5223388671875,286.47353906948985,283.473625734496,283.7479969891875,92567600
2020-06-04,284.7723388671875,286.2723094131286,282.6870337042213,284.5436868628639,75794400
2020-06-05,292.0709533691406,293.83614034000306,290.07711436853054,290.1411436356498,150524700
2020-06-08,295.6014099121094,295.79346983737577,292.33625162443076,292.87586716507536,73641200
2020-06-09,293.3971252441406,295.674490365222,292.08921451504034,292.9489483181037,77479200
2020-06-10,291.7599792480469,294.86051405519015,291.0465860578865,293.97334309587063,95000800
2020-06-11,274.9403381347656,285.4949238306077,274.39159558292613,284.86384198436707,209243600
2020-06-12,278.23297119140625,282.68710895546064,273.1020322461087,281.91884136581535,194678900
2020-06-15,280.8304748535156,281.95545314075946,271.4008652615078,272.57156280032103,135782700
2020-06-16,286.2358093261719,288.6869808136118,281.3975514551438,288.5406401343892,137627500
2020-06-17,285.04681396484375,287.5437045654918,284.3151106090864,287.25102322318884,83398900
2020-06-18,285.1565246582031,285.63211084262696,283.08037422942215,283.53767829923845,80828700
2020-06-19,283.5269470214844,288.79989229703216,281.5886165097205,288.6069871864401,135549600
2020-06-22,285.34576416015625,285.740769602764,281.7906591077808,282.92975500160884,74649400
2020-06-23,286.6594543457031,288.9101167071253,286.25525352949296,287.9822882833986,68471200
2020-06-24,279.3470764160156,285.24471199491313,277.5190059080618,284.62921561406836,132813500
2020-06-25,282.3418884277344,282.60829987594445,276.7657787916315,278.7775875200807,89468000
2020-06-26,275.6358947753906,281.4600542364899,275.0571793782524,281.24875849709974,127961000
2020-06-29,279.6870422363281,279.8248316025457,274.6070020157389,276.88522233022,79773300
2020-06-30,283.2696228027344,284.95993198050036,279.0990496919848,279.2552015830545,113394800
2020-07-01,285.25390625,286.5124569965103,283.9219052338294,284.3812217292925,72396500
2020-07-02,286.8248291015625,290.01248714880245,286.16341213389586,288.6712626090192,69344200
2020-07-06,291.2525634765625,291.83130671638787,289.8838093619901,290.6278998033505,61713800
2020-07-07,288.2486877441406,291.68436650450917,287.87204481586895,289.71850628424903,82910000
2020-07-08,290.4533386230469,290.5635700836482,287.2565141278047,289.01107826646074,54638600
2020-07-09,288.7998046875,291.29848720257166,285.4008518720043,291.05963368656217,83354200
2020-07-10,291.7486572265625,292.01506865179886,287.31167207863734,288.7355420447275,57550400
2020-07-13,289.222412109375,296.45204937769444,288.57019052506786,294.081988558485,102997500
2020-07-14,292.9704284667969,293.74207676938335,286.6134762105575,287.80768781432056,93657000
2020-07-15,295.6620178222656,296.7551932653832,293.2919291339535,296.1764500267383,87196500
2020-07-16,294.6882019042969,295.1383229718875,293.1265150463496,293.76956917243285,54622500
2020-07-17,295.5425720214844,296.32341557834684,293.7236688220878,295.68955664678975,62774900
2020-07-20,297.93109130859375,298.6751818708139,294.5321376523244,295.27622821454463,56308800
2020-07-21,298.56494140625,300.3287011916338,297.5819972984977,299.887775262516,57292200
2020-07-22,300.264404296875,300.57676422399317,298.09644361801094,298.20667510548435,57792900
2020-07-23,296.6817321777344,300.6043133781374,295.32217315904694,299.9061432651097,75738000
2020-07-24,294.7709655761719,295.7906347636458,293.27358928008266,294.8352766153247,73766600
2020-07-27,296.9205017089844,297.0950441878384,294.66984008236017,295.45987888682316,48293000
2020-07-28,295.037353515625,297.3063779975777,294.74338424671515,296.1948119559722,57495000
2020-07-29,298.6659240722656,299.2263047193863,295.8732722055928,295.9100253712527,48454200
2020-07-30,297.6003723144531,298.0137684247476,293.63189861413105,295.7079903642907,61861700
2020-07-31,299.9520263671875,300.05309057149844,295.1843190245131,299.38247841301813,84986800
2020-08-03,302.0373840332031,302.7998371691096,301.06363519242745,301.605625355919,53077900
2020-08-04,303.2040100097656,303.2040100097656,301.1830061675054,301.1830061675054,41917900
2020-08-05,305.08721923828125,305.344463414178,304.2328972007619,304.49930864404297,42697700
2020-08-06,307.1266174316406,307.2460442300477,304.1870080887841,304.5085353073124,43679400
2020-08-07,307.34710693359375,307.63188097401735,305.2617916921222,306.16206229264617,57308300
2020-08-10,308.2656555175781,308.4493652808026,305.86800901982497,307.7971437576196,44282100
2020-08-11,305.72100830078125,310.0753471733993,304.99530851738695,309.4414882495584,69601100
2020-08-12,309.9834899902344,310.75513826700785,308.1186663127522,308.14622417854946,53774400
2020-08-13,309.42315673828125,310.7276279995597,308.5045236917194,309.2210563466594,41816100
2020-08-14,309.4322814941406,309.96510423896666,308.3115483114662,309.03727610244334,47260400
2020-08-17,310.4153137207031,310.8103192248424,309.4415648789166,310.4428715922836,35481000
2020-08-18,311.0859375,311.5085008913745,309.22108532762326,310.81033073952744,38733900
2020-08-19,309.7906799316406,311.9770033690755,309.23029910931274,311.4625710268014,68054200
2020-08-20,310.75518798828125,311.23286708334615,307.9441730893931,308.0727671388715,42207800
2020-08-21,311.8575134277344,312.077976357265,310.0845305879196,310.42444831688175,55106600
2020-08-24,315.0176696777344,315.0911479893347,311.8300117530821,314.28274638944663,48588700
2020-08-25,316.1200256347656,316.2026992516571,314.42054875121903,315.578035456616,38463400
2020-08-26,319.28936767578125,319.55575113534167,316.16602021071253,316.708010467888,50790200
2020-08-27,319.9874267578125,321.42968732403983,318.33389853954054,320.1528020072036,58034100
2020-08-28,322.0543518066406,322.18297388597506,319.82208029637775,321.0071247417891,48588900
2020-08-31,320.88775634765625,322.71582741898374,320.65809805087804,321.8431427119025,66099200
2020-09-01,323.9100341796875,324.01107036337214,320.82341240947085,321.7144876310069,54908700
2020-09-02,328.59503173828125,329.55958516400403,324.6724509289128,325.8115748999467,69540000
2020-09-03,317.2867126464844,327.3824818511358,314.714523042197,326.91396998023686,148011100
2020-09-04,314.6961364746094,319.52812734335566,307.6226506452831,317.96646795020814,139156300
2020-09-08,306.09765625,314.76038567556583,305.7945197326243,309.31287135263426,114465300
2020-09-09,312.1422424316406,314.59497627275397,309.2209688638553,310.08448592607925,91462300
2020-09-10,306.7223205566406,314.65929340975237,305.76693459029764,314.00707196819104,90569500
2020-09-11,306.87860107421875,309.551827020083,304.06758575680686,308.49540445893774,84680200
2020-09-14,310.9205017089844,312.6842893155275,307.02550695570335,310.0294266223759,65605700
2020-09-15,312.491455078125,314.19090400039585,310.9297674888142,313.3641397614204,52920900
2020-09-16,311.25128173828125,315.1462772122179,310.97567498046277,313.7224070840924,82096000
2020-09-17,308.5137023925781,310.2223743451593,305.89559274386187,306.419220280496,91523300
2020-09-18,304.96185302734375,309.42583088639304,302.49006851927624,309.3151581691173,105877900
2020-09-21,301.56781005859375,301.71538308915785,296.73491293099994,300.3964860710057,99450800
2020-09-22,304.6390686035156,305.19246039063853,300.54400878415186,303.04348986243315,63612100
2020-09-23,297.5741882324219,305.46916160559636,297.0761328236134,305.19245164662516,93112200
2020-09-24,298.3673095703125,301.41092156228456,294.954751030624,296.26444372300983,76681300
2020-09-25,303.1910400390625,303.97498118619103,296.65186414481286,297.5188098317548,71069400
2020-09-28,308.2268371582031,308.9370058544443,306.34531653525386,307.33219516977516,64584600
2020-09-29,306.54827880859375,308.76181796353166,305.85654606350835,308.0239809607782,51304000
2020-09-30,308.8724670410156,312.00831599678094,307.0186145881831,307.21229184325324,104081100
2020-10-01,310.85540771484375,312.4233180156539,308.9831193152461,311.4549036577027,88698700
2020-10-02,307.90399169921875,310.8277270180738,305.4598756326697,305.9302627773023,89431100
2020-10-05,313.36419677734375,313.54864197302436,309.90553270818015,309.95163697043023,45713100
2020-10-06,308.9093933105469,315.5869392662672,308.4021338856836,313.50250890517106,90128900
2020-10-07,314.2864685058594,315.08887396765715,311.8238876072292,311.8515557905092,56999600
2020-10-08,317.0718078613281,317.1363763322467,315.30095984570346,316.21406610772175,45242500
2020-10-09,319.9033203125,320.3644754439447,318.09560007830606,318.7135321923036,59528600
2020-10-12,325.04974365234375,326.5162133421552,321.9415631009819,322.4303863309191,80388500
2020-10-13,322.9284973144531,325.08669995512446,321.96928675859624,324.9114587531888,73255500
2020-10-14,320.8993835449219,324.588624372676,320.1707787470456,323.50030508369025,57727900
2020-10-15,320.5028076171875,320.98239880801316,316.4723163816997,317.0072439350563,60357700
2020-10-16,320.30914306640625,323.500328734651,320.1339018625422,321.8493854624627,89501900
2020-10-19,315.4393615722656,322.19065172366453,314.54471943593575,321.5634874612231,68425600
2020-10-20,316.7029724121094,319.93105904406303,316.0204716740059,316.7767448648712,60051900
2020-10-21,316.1033630371094,318.8149570886233,315.7989849301,316.6567266013599,63575000
2020-10-22,317.8373107910156,318.41837073196325,314.184970207926,316.31550456028447,55399300
2020-10-23,318.9163818359375,319.1100590737951,316.4722657264527,319.0547227201215,49143900
2020-10-26,313.0228576660156,316.33394775174224,309.54573036057326,315.54997848902946,91473000
2020-10-27,311.9438171386719,313.69620122734307,311.7316756189508,313.36418300170556,65994100
2020-10-28,301.2818603515625,311.9714324418126,300.793037060004,306.29923020856904,127094300
2020-10-29,304.34393310546875,307.49821826025516,299.83382266999,301.5124340067126,90597700
2020-10-30,301.17120361328125,304.07647533605143,297.5372988957393,302.77601447703177,120287300
2020-11-02,304.5469055175781,306.5390712136703,301.816846466365,304.5469055175781,86068300
2020-11-03,309.9239196777344,311.9714496081248,304.62986772162367,307.76571701813515,93294200
2020-11-04,316.8504638671875,320.90862324436983,313.20732720493976,314.37865106265446,126959700
2020-11-05,323.02996826171875,324.8284847044749,321.75717547412864,322.107657910906,82039700
2020-11-06,322.9560852050781,324.20120938155344,320.6410780104958,322.74394376424596,74973000
2020-11-09,327.0143127441406,336.071405953707,326.5531576293563,335.6932553819829,172304200
2020-11-10,326.5347900390625,327.5862092850057,323.27903537174893,326.0275024184057,85552000
2020-11-11,328.96044921875,329.78129080470626,327.47551489956834,328.7114074071208,58649000
2020-11-12,325.7691955566406,329.00651354142656,323.97070745695135,327.9550663459089,67546200
2020-11-13,330.2793273925781,331.01716438135384,327.1526819336186,327.669173455097,62892200
2020-11-16,334.40203857421875,334.59571584824243,331.65354385962263,332.9355686346887,74541100
2020-11-17,332.6034851074219,333.802505202386,330.5006190703116,332.00398913327604,66111000
2020-11-18,328.6007080078125,333.41516883301097,328.56380771525403,332.87100914114745,70591300
2020-11-19,329.984130859375,330.3530492973279,326.63614044527395,327.9735014478599,59940900
2020-11-20,327.7244567871094,329.9287915800389,327.650684358841,329.7258822189603,70417300
2020-11-23,329.68896484375,330.9433212326786,327.3001850306235,329.52295577874605,63230600
2020-11-24,335.0014953613281,335.5456549747492,331.376823210232,332.2253327900278,62415900
2020-11-25,334.4850769042969,334.94623208204837,333.3967574400062,334.9185638972504,45330900
2020-11-27,335.41656494140625,335.88692400664513,334.4112220479706,335.5733419142613,28514100
2020-11-30,333.9316101074219,334.90925661307836,331.26614841458024,334.6417787889506,83872700
2020-12-01,337.5839538574219,339.1149920971169,336.57863916292445,337.1689311743756,74231400
2020-12-02,338.2941589355469,338.4509359040713,335.90537894601357,336.4772067543695,45927000
2020-12-03,338.2019348144531,339.5854001362347,337.1043834074392,338.1927027053722,62882000
2020-12-04,341.116455078125,341.116455078125,338.690774592366,338.7830112476437,50749900
2020-12-07,340.41546630859375,340.90428958580924,339.1519058456032,340.3508978397775,48944300
2020-12-08,341.4115905761719,341.9741863066491,339.105814998791,339.1519192516688,42458900
2020-12-09,338.3495788574219,342.223265683624,337.51950511942715,342.06648867638006,74098300
2020-12-10,338.2388916015625,339.28107867484596,336.11756086582494,336.984534864023,57735400
2020-12-11,337.8422546386719,338.24807342601844,335.03845156732064,336.5510258365132,57698600
2020-12-14,336.3297119140625,341.0703727066199,336.15447068733243,340.0005174178294,69216200
2020-12-15,340.8766784667969,340.8766784667969,337.4918152485287,338.8568165510045,63865300
2020-12-16,341.4115905761719,342.32466869787885,340.2125703879291,341.08877636600363,58420500
2020-12-17,343.32080078125,343.52371018713376,342.2232491966983,343.04411893080777,64119500
2020-12-18,341.94989013671875,343.7745873422909,339.94920475396054,343.6078706270574,136542300
2020-12-21,340.7272644042969,350.5454322565791,335.3272876322013,338.05044054116735,96386700
2020-12-22,340.153076171875,341.1626764801447,339.0323313550487,341.0515319715881,47949000
2020-12-23,340.4586486816406,342.35743274971173,340.1344584521365,341.1162723357877,46201400
2020-12-24,341.78326416015625,341.81105028673863,340.34760050896585,340.93110916719627,26457900
2020-12-28,344.7193908691406,345.1083965593925,343.70051933120067,344.32108544977285,39000400
2020-12-29,344.061767578125,346.41442964061537,343.47823072745575,346.2384414390911,53680500
2020-12-30,344.5527038574219,345.5808470308338,344.16369810171034,344.87689416495385,49455300
2020-12-31,346.3033142089844,347.0257817355218,343.84877891155986,344.35820063241187,78520700
2021-01-04,341.58868408203125,347.7574571892461,337.91150340640877,347.6277697833951,110210800
2021-01-05,343.9413146972656,345.02502991311206,340.90324308131426,340.94957212585825,66426200
2021-01-06,345.9975891113281,349.17461974787045,341.8943450056138,342.4408242377529,107997700
2021-01-07,351.1382751464844,351.87925728639124,348.1835615169557,348.3595497218485,68766800
2021-01-08,353.13885498046875,353.3518724418389,349.2856868214086,352.51826071767914,71677200
2021-01-11,350.75848388671875,352.5090660622088,349.8600282756686,349.9804442235394,51034700
2021-01-12,350.83258056640625,351.8421806908139,348.60033453721564,350.94375332137713,52547700
2021-01-13,351.77740478515625,352.7684620951219,349.98049331102504,350.7585330833306,45303600
2021-01-14,350.54547119140625,353.0185492874925,350.2120377042884,352.51837079015854,49989100
2021-01-15,347.9890441894531,349.73035497253096,346.1365606500185,348.9338006185688,107160000
2021-01-19,350.7214050292969,351.25864103080227,348.96155149790013,350.43427237101565,51233300
2021-01-20,355.57489013671875,356.40850189700177,352.6109058038798,352.99991143424205,61836100
2021-01-21,355.89910888671875,356.5567608588735,354.9821386306928,356.13066931635393,47840100
2021-01-22,354.6394958496094,355.79729820062977,353.67619637889595,354.0559589420297,52860500
2021-01-25,356.0380859375,356.3900340645269,350.5454507834374,355.3711907354322,70402000
2021-01-26,355.4823303222656,357.3903860722406,355.25076988400014,356.98283743956097,42665300
2021-01-27,346.794189453125,352.2682817840443,344.57121482669146,352.17565195238956,123351100
2021-01-28,349.7766418457031,353.7594696685846,348.16499040605424,348.60029684934375,94198100
2021-01-29,342.77435302734375,348.8875553332174,341.1071006166545,347.9242558248188,126765100
2021-02-01,348.4800109863281,349.50812595911594,343.06149005048155,346.155134700123,75817600
2021-02-02,353.407470703125,354.9543066103931,348.56324523222656,351.64761731879656,64450700
2021-02-03,353.6854248046875,355.3989777290151,352.41647810504685,354.2319040558715,52427100
2021-02-04,357.705322265625,357.7516230488669,353.79658074701985,354.7135510817987,47142600
2021-02-05,359.11322021484375,359.8171730670878,357.6590419911168,359.5670979432602,48669800
2021-02-08,361.70672607421875,361.75302686161535,359.7060402188195,360.55816692019795,38365200
2021-02-09,361.46588134765625,362.0586896986438,360.46555258868733,360.8730729966688,35551100
2021-02-10,361.3084411621094,363.34618472348745,358.9187494098211,363.19798262205444,59154400
2021-02-11,361.89190673828125,362.79963383055735,359.4744293353658,362.3828137358075,42913300
2021-02-12,363.6795654296875,363.92036905749677,361.0212279279476,361.09534309546916,50593300
2021-02-16,363.36456298828125,365.09665849859795,362.65136714284495,364.9021274134926,50972400
2021-02-17,363.4480285644531,363.69810367108147,360.6137026893847,361.62333111241526,52290600
2021-02-18,361.901123046875,362.64210502833146,359.1409128726459,360.854465504746,59712800
2021-02-19,361.26202392578125,363.4386974223099,360.817417764793,363.1515647766669,83241000
2021-02-22,358.48333740234375,360.88230010289743,358.2147193846534,358.51112352371484,67414200
2021-02-23,358.9186096191406,360.26167120695595,352.15705744136244,356.2880869432202,107284100
2021-02-24,362.8737487792969,363.2998403698214,356.85317693048404,357.83499100141944,72433900
2021-02-25,354.12994384765625,362.9755682214557,352.6942806525989,361.6139919181929,146670500
2021-02-26,352.30535888671875,357.14034278164434,350.33248736483716,356.00108332440647,152701600
2021-03-01,360.8452453613281,362.0864341700933,352.49982648838284,357.1495498565867,105348800
2021-03-02,358.0295104980469,361.29914289591414,357.52933201527884,361.0675824477177,79595300
2021-03-03,353.2871398925781,358.29808287365273,353.18523860165686,357.3348118079067,119940200
2021-03-04,348.9153137207031,355.6768678709619,344.45082125144995,353.10191667693744,183433000
2021-03-05,355.33416748046875,356.38082529964976,345.15477853579273,352.3979683617633,152039600
2021-03-08,353.5650634765625,359.0854573526908,353.2872022098644,356.28821695684354,123149200
2021-03-09,358.613037109375,361.15093050380403,356.89021272533046,357.39039119381505,113633600
2021-03-10,360.8452453613281,362.53101211553303,359.53926937994413,360.94714665159455,109899400
2021-03-11,364.5038757324219,366.4675035095816,362.84589526271924,363.29977289296414,86245000
2021-03-12,364.9947509765625,365.13368155879493,362.3457136531662,363.15153929676364,64653600
2021-03-15,367.17144775390625,367.4307942795085,363.1145048939015,365.24484933515953,73427200
2021-03-16,366.7083740234375,368.48674235114737,365.9395775428918,367.7828178436457,73722500
2021-03-17,367.9587707519531,368.7553250112462,364.2908334278087,365.4301208451546,97959300
2021-03-18,362.6051025390625,367.45859988992873,361.92893593764336,365.38382757505207,115349100
2021-03-19,361.93426513671875,363.8764477066978,359.7690371420061,362.3059696989545,113624500
2021-03-22,364.8241882324219,366.1995258918092,362.3894914731642,362.4452457226715,73778600
2021-03-23,361.9527893066406,365.6327121636265,361.17220132844585,364.1923465537259,90686600
2021-03-24,360.1128234863281,364.97294445181643,360.0663710560635,363.3467123632342,97588600
2021-03-25,362.13861083984375,362.9284721903629,356.7487968597733,358.681705445465,116128600
2021-03-26,367.97454833984375,368.37413002646963,362.68696810766545,363.28168972230213,114409100
2021-03-29,367.7886962890625,368.6900947565483,365.02874661927524,366.50629142199597,108107600
2021-03-30,366.8128662109375,367.48194559201005,365.2237849563697,366.5247931234567,76262200
2021-03-31,368.2997741699219,369.85167684984475,367.35192329787424,367.3798004306039,112734200
2021-04-01,372.2770080566406,372.3327906716872,370.01887561856495,370.22331734295256,99682900
2021-04-05,377.62030029296875,378.15929585241673,374.85107802689595,374.9254075734241,91684800
2021-04-06,377.3973083496094,378.43809222549146,376.72822894950895,377.062782829176,62021000
2021-04-07,377.8341064453125,378.17793382855064,376.7747471661256,377.2300830672533,55836300
2021-04-08,379.6275939941406,379.6833482520154,378.1500494419872,379.07932488554803,57863100
2021-04-09,382.38751220703125,382.55480332633414,379.38597091748704,379.5067812528372,61104600
2021-04-12,382.5269470214844,382.796416474297,381.1887881496238,381.79281150001924,56704900
2021-04-13,383.66058349609375,384.2832104198822,382.0436535627427,382.42465983562346,56551000
2021-04-14,382.35040283203125,384.68286497352676,381.8114071791653,383.63277915671523,61659900
2021-04-15,386.457763671875,386.7272614837685,384.43195006619254,384.47840249341357,60229800
2021-04-16,387.74945068359375,388.3534740033724,386.32766049921406,387.74014885492164,82037300
2021-04-19,385.84442138671875,387.26621157931834,384.52486623240225,386.82017754821817,78498500
2021-04-20,383.0195007324219,385.73296934964173,381.55122954047414,384.6364310503438,81851800
2021-04-21,386.64361572265625,386.8480574414504,382.26670824654997,382.4061222414996,66793000
2021-04-22,383.1123962402344,387.30343777713887,382.05303692792,386.4763973374381,97582800
2021-04-23,387.2662048339844,388.66941970392514,383.5955841738986,383.6699137247093,73209200
2021-04-26,388.0747375488281,388.6416103646639,387.3313284741211,387.91677659109115,52182400
2021-04-27,387.9911193847656,388.5672940504344,386.8574020736745,388.3721257652972,51303100
2021-04-28,387.8795166015625,389.37566462785594,387.41487893712383,388.2605228895101,51238900
2021-04-29,390.3514099121094,390.96473505982385,386.9874376079578,390.5930305834243,78544300
2021-04-30,387.7866516113281,388.93897250611576,386.89455507926465,388.0933284049745,85527000
2021-05-03,388.6230163574219,390.1470133949862,388.1305014883067,389.76600704578584,68128300
2021-05-04,386.2254638671875,387.13616403136706,382.55484279938787,386.6436491697438,101591200
2021-05-05,386.3463134765625,388.0933560641573,385.78874246957105,387.8610371745142,60162200
2021-05-06,389.4313659667969,389.56144974836434,384.42255901226315,386.42049502604334,74321400
2021-05-07,392.2657165527344,392.9162206585883,389.51506938475586,390.1934506174759,67733800
2021-05-10,388.38140869140625,392.841919793107,388.2605983376987,392.6189027457934,81852400
2021-05-11,384.91510009765625,385.9001296111552,381.0586134145165,383.8836181645365,116888000
2021-05-12,376.7375793457031,383.4097705495694,375.4272975032886,382.14596949714075,134811000
2021-05-13,381.26312255859375,383.1867295062854,378.23367557967265,378.2801563667472,106394000
2021-05-14,387.1175842285156,387.9632283561021,383.95805312758887,383.98593025886146,82201600
2021-05-17,386.1324768066406,386.9409701694624,384.1252386808852,386.0116948349033,65129200
2021-05-18,382.8056335449219,386.6342428853349,382.6476442806375,386.39262225498084,59810200
2021-05-19,381.8020324707031,381.97859704474223,376.6631412455345,378.14071391443656,106467100
2021-05-20,385.90948486328125,387.1640123182548,382.5548143000937,382.6755962796749,78022200
2021-05-21,385.593505859375,388.6229524956767,385.1381700248017,387.38700043150294,76578700
2021-05-24,389.5244140625,390.59307518890176,387.5822033599882,387.82382405889604,51376700
2021-05-25,388.6601867675781,390.9554984502717,388.08404047916116,390.6023692130514,57451400
2021-05-26,389.4313659667969,389.9331541575653,388.2140177201073,389.2454995825821,43088600
2021-05-27,389.63592529296875,390.9647824277328,389.35712563246545,390.45369225566577,56707700
2021-05-28,390.3327941894531,391.4572093308634,390.10047537085916,391.19701338840736,58520200
2021-06-01,389.9890441894531,392.8233229944938,389.5522835895408,392.68393734755085,54216600
2021-06-02,390.6022644042969,391.4386348403412,389.635838535603,390.63944335593305,49097100
2021-06-03,389.1526184082031,390.2863354413077,386.83873191934526,388.2977009886876,58138800
2021-06-04,392.7118225097656,393.00919746881766,389.2177376389968,390.99265720434005,55938800
2021-06-07,392.33087158203125,392.87914078816186,391.4015959731507,392.7025761537353,51555000
2021-06-08,392.4144592285156,393.27867864219405,390.59308717878474,393.1857454198201,47134300
2021-06-09,391.8289794921875,393.32512768168914,391.6059624638834,393.2507697660974,48436300
2021-06-10,393.6504211425781,394.5983003992887,391.7361156858262,393.0463976777421,51020100
2021-06-11,394.3008728027344,394.4123813217684,392.91626142600035,394.1986661133654,45570800
2021-06-14,395.1836853027344,395.2858919893771,393.1764469359521,394.41237080126155,42358500
2021-06-15,394.4588623046875,395.36953411673755,393.58534109284255,395.33238351653245,51508500
2021-06-16,392.2564392089844,394.82124847769757,390.22135210226025,394.59823144884797,80386100
2021-06-17,392.1263122558594,393.1020400089684,389.6637383024435,391.84754100046604,90949700
2021-06-18,386.8364562988281,389.54947004298504,386.6313456995703,388.85956550548985,118676300
2021-06-21,392.3743591308594,392.5608336456239,387.7780497072785,388.5891597876732,72822000
2021-06-22,394.47198486328125,395.30175928856414,391.6470701272005,392.3649712484025,57700300
2021-06-23,393.9965515136719,395.3483919707271,393.9126465296074,394.5466142661028,49445400
2021-06-24,396.3273620605469,396.74688700384473,395.879840335682,396.13158375367453,45110300
2021-06-25,397.7351989746094,398.18272076667404,396.7469465793157,397.0732627744451,58129500
2021-06-28,398.5368957519531,398.70470570834567,397.06384982582415,398.25721249129896,53159600
2021-06-29,398.75140380859375,399.553181588353,398.2199770743729,398.91921379244826,35970500
2021-06-30,399.0870056152344,399.75827397212026,398.26656335103905,398.29453168040874,64827900
2021-07-01,401.29656982421875,401.45507598441856,399.7768909463528,399.8421598624358,53441000
2021-07-02,404.3638916015625,404.7181760542259,401.38047053367126,402.4526561515775,57697700
2021-07-06,403.6274108886719,404.6343277321894,400.90506510112056,404.4198848881772,68710400
2021-07-07,405.05389404296875,405.3336058400532,402.3035796430938,404.3080528214478,63549500
2021-07-08,401.75347900390625,402.50865241662655,398.5835829803211,399.75830982322657,97595200
2021-07-09,406.0420837402344,406.34043156356205,401.5576479376436,403.25446917430344,76238600
2021-07-12,407.4964904785156,407.7482339001441,405.52931821683023,405.95817542684443,52889600
2021-07-13,406.1073913574219,408.2051016773012,405.8463441001398,406.7133908705391,52911300
2021-07-14,406.71337890625,408.2796908558834,405.47341158364054,407.7948684980379,64130400
2021-07-15,405.32415771484375,406.0513626561597,403.4315584155207,405.38009436786723,55126400
2021-07-16,402.1449890136719,406.54551958157515,401.75343241278944,406.49891518452205,75874700
2021-07-19,396.2062072753906,402.21032270665535,393.40926015344803,397.3436335763946,147987000
2021-07-20,401.88397216796875,403.1519362165868,396.07563556513816,396.8681095390226,99608200
2021-07-21,405.13775634765625,405.2776264574665,401.8373794156442,403.07734671744265,64724400
2021-07-22,405.9860534667969,406.2284645738568,404.33586546229367,405.3147852450992,47878500
2021-07-23,410.1629638671875,410.49858385610935,407.2261751560549,407.9067473953741,63766600
2021-07-26,411.1698303222656,411.1791625832427,409.5289741551596,409.57557855601476,43719200
2021-07-27,409.2958984375,410.16294515467484,406.48028699392114,410.1349768235407,67397100
2021-07-28,409.1280517578125,410.4985568598125,407.71094225553276,409.9205257266722,52472400
2021-07-29,410.8248596191406,411.8970168587412,410.0417179366842,410.0510501972417,47435300
2021-07-30,408.8296813964844,410.2747590491166,408.13974857508884,408.2702864028163,68951200
2021-08-02,407.9720153808594,411.08594634074757,407.6177308698033,410.535883503272,58783300
2021-08-03,411.291015625,411.4122212036647,406.5828332901923,408.76444835011597,58053900
2021-08-04,409.26788330078125,411.2630237482158,409.03480441731386,410.013724347072,46732200
2021-08-05,411.8597412109375,411.9436461991985,410.10698336189347,410.4239672459952,38969700
2021-08-06,412.5403137207031,412.9598671143708,411.8970136914866,412.1767254379363,46930000
2021-08-09,412.2046813964844,412.8293168859831,411.4401758119517,412.51233301113086,41222600
2021-08-10,412.71746826171875,413.42603723143196,411.9716271529787,412.6521993404,43339300
2021-08-11,413.7430419921875,413.83627924848605,412.66155241355983,413.78034258511013,44034300
2021-08-12,414.98297119140625,415.1228412890176,412.69881510793675,413.59383009177725,38909400
2021-08-13,415.73822021484375,415.756856285703,414.9457461970688,415.43054010755844,39470300
2021-08-16,416.71710205078125,416.8476114388509,412.89460242623954,414.44224972601063,73740000
2021-08-17,413.9854431152344,414.8431575675143,411.0113539592329,414.17188917128794,92673900
2021-08-18,409.45440673828125,414.5355387391959,409.2120240010242,412.978558984422,89351900
2021-08-19,410.0882873535156,411.2816785225219,406.6014364441112,406.7412780804755,92812200
2021-08-20,413.3514709472656,413.67778712939463,409.94852436681583,410.4333467352419,72008700
2021-08-23,416.9875183105469,417.8918656542568,413.42606560010046,415.02964970074015,54973000
2021-08-24,417.6493835449219,418.18081021842085,417.1366213910618,417.6493835449219,38744700
2021-08-25,418.5257873535156,419.03854953793854,417.4629339431671,417.83588293403466,40529700
2021-08-26,416.0551452636719,418.4791429251638,415.9619080185347,418.24606403832706,57829600
2021-08-27,419.7751159667969,420.1480365315559,416.80102680571815,416.85696346783124,77235100
2021-08-30,421.62109375,422.40423543923686,420.2039558296545,420.4463669901376,48357400
2021-08-31,420.9964294433594,421.8634761216063,420.39976225528045,421.5278561630646,59300200
2021-09-01,421.22015380859375,422.4414849020611,420.98707492126005,421.9287227307321,48721400
2021-09-02,422.5162048339844,423.3179827747985,421.322841733503,422.63741044178664,42501000
2021-09-03,422.4134826660156,422.92627324819495,420.9870411281163,421.3879584056777,47170500
2021-09-07,420.9032287597656,422.16186061767115,420.23196033235047,422.0686233593047,51671500
2021-09-08,420.3904724121094,421.09904144321104,418.47920817085276,420.37183634098136,56181900
2021-09-09,418.591064453125,421.9380740118784,418.34865329472603,420.1946484083509,57970400
2021-09-10,415.2906799316406,420.93117815889764,415.16947434641764,420.51165319314345,89948200
2021-09-13,416.35345458984375,418.5350979558744,414.05063410526645,418.27405074698356,83738600
2021-09-14,414.1066589355469,417.99439930193716,413.2209476783512,417.789288718798,78197100
2021-09-15,417.56549072265625,418.0596168232787,413.4260074279271,414.52613294221675,78792200
2021-09-16,416.9035949707031,418.01302440036307,413.9667779592012,417.04343662553293,77786700
2021-09-17,412.8424987792969,416.55565067502687,412.4870792787578,416.13478169530885,118425000
2021-09-20,405.95867919921875,408.31563107334745,401.1137908654286,406.74432982392835,166445500
2021-09-21,405.5751953125,409.5782885516768,405.05142823770416,408.2875666376567,92526100
2021-09-22,409.53143310546875,411.56105156490537,405.68735452469497,407.8385383014525,102350100
2021-09-23,414.50732421875,416.1067119256756,411.1589540771979,411.39277968477785,76396000
2021-09-24,415.1900634765625,415.90090238586725,412.6647357516255,412.87986556448413,62094800
2021-09-27,414.0023498535156,415.3211013801482,413.31020653137995,414.1613353087631,61371100
2021-09-28,405.6593322753906,411.5704499178845,404.9297975915055,411.2430883900673,130436300
2021-09-29,406.3421630859375,408.7645930197675,405.7809759041746,407.03427776898445,82329200
2021-09-30,401.3756408691406,408.51197340892935,401.03891720025194,407.81049668716884,140506000
2021-10-01,406.14569091796875,407.8198901478323,399.58924073132897,403.0966246093554,129240100
2021-10-04,400.9081115722656,405.8838996048128,398.77559428852743,404.9860171201443,128570000
2021-10-05,405.0794677734375,407.3148256262935,401.6095039247003,402.40448811569496,90682500
2021-10-06,406.76300048828125,406.96876815418193,399.8791886529931,401.49724350728303,113032200
2021-10-07,410.2797546386719,413.1043576140897,409.84952352630745,410.0272332659466,72437500
2021-10-08,409.53143310546875,411.4301240911906,408.90479657659716,411.04664674012065,74557400
2021-10-11,406.5666809082031,411.77632313075975,406.5012028772224,408.87687942323765,65233300
2021-10-12,405.56585693359375,407.8854173602366,404.7802062753356,407.48324414407466,71181200
2021-10-13,407.0248718261719,407.8385803077712,403.6203860978582,406.58527857778154,72974000
2021-10-14,413.871337890625,414.0209897091665,410.20493969427326,410.6725909235282,70236800
2021-10-15,417.0233154296875,417.38809710044063,415.35847814408345,415.97578121085803,66260200
2021-10-18,418.2579345703125,418.59462977547827,414.5915361472241,415.2462593259366,62213200
2021-10-19,421.4846496582031,421.55009912756316,419.2679591915799,419.87592853190614,46996800
2021-10-20,423.14019775390625,423.4395013974078,421.830779992545,421.9430117230665,49571600
2021-10-21,424.2437744140625,424.4682378362627,422.11128627367634,422.5415173472805,41305400
2021-10-22,423.8042297363281,425.2539656192229,421.86814686856104,423.8135918943795,58845100
2021-10-25,426.0770568847656,426.4044184794836,423.12152600267797,424.8892329450859,45214500
2021-10-26,426.46044921875,428.8267630097883,426.086333989396,427.62024353585866,56075100
2021-10-27,424.5711669921875,427.58284181405264,424.496326817205,426.91878511269175,72438000
2021-10-28,428.6677551269531,428.7425667516378,425.9834421045025,425.9927757181125,51437900
2021-10-29,429.53765869140625,429.8276001732101,426.0863902989246,426.37633178072844,70162400
2021-11-01,430.2765197753906,430.893822778383,428.55556680181957,430.5196789876019,48433600
2021-11-02,432.0162353515625,432.3249011723894,430.31397788693596,430.44493394260024,48908400
2021-11-03,434.6537780761719,435.05595130001086,431.0154376576969,431.4550309735482,52509800
2021-11-04,436.7020263671875,436.7862001540291,434.90623328507866,435.252290589815,52847100
2021-11-05,438.21728515625,440.20012191636965,436.7114618114456,438.91876204081126,66390600
2021-11-08,438.59136962890625,439.8072799359265,437.9086171102104,439.3115707807346,50405200
2021-11-09,437.14166259765625,439.1899772416883,435.7387089260269,438.9561516297501,51149100
2021-11-10,433.62493896484375,437.14168548634404,432.1471735790114,435.45812386633844,69429700
2021-11-11,433.7651672363281,435.18684509775545,433.74647146457994,435.1120049244367,34848500
2021-11-12,437.03875732421875,437.59058233417034,434.08319821257237,435.0278628031356,53466700
2021-11-15,437.1884460449219,438.4791680775358,436.06610015716393,438.32018263477465,46980500
2021-11-16,438.918701171875,440.05040906326917,436.85169089743965,436.92650252909095,48857500
2021-11-17,437.85247802734375,438.8345341273656,437.2351750198691,438.6568243884033,47858300
2021-11-18,439.3396301269531,439.6015136712342,436.16894112064045,438.88131251708705,50625600
2021-11-19,438.55401611328125,440.4713748786704,438.18923442659184,439.2274065320901,57315600
2021-11-22,437.3193664550781,442.9031231346711,437.11359877761777,440.42457739014736,72762000
2021-11-23,437.8992004394531,438.75032898546374,434.40117885688176,436.9919560370604,73206500
2021-11-24,439.0683288574219,439.18992272744345,435.0932939478714,435.9070024095088,61858800
2021-11-26,429.27581787109375,433.88685264976294,428.153443379823,432.4277829370123,112669600
2021-11-29,434.5414123535156,436.37459669252036,431.85709957846916,434.04570332408014,86268800
2021-11-30,426.08636474609375,434.0083773215289,425.8431769850362,432.10971456592034,148559600
2021-12-01,421.353759765625,434.6070082311195,421.15735424039565,431.77304290871774,131939200
2021-12-02,427.8073425292969,429.369310207567,421.1760514660489,421.56889106102784,127637800
2021-12-03,424.08489990234375,430.51975754780614,419.87603837650664,429.4628896298023,137331600
2021-12-06,429.10736083984375,430.9779654861863,424.21571941411963,426.6194532350287,98977500
2021-12-07,437.9834899902344,438.544677245548,428.9765215991178,434.3638735810573,95484700
2021-12-08,439.1431579589844,439.5921133715834,436.62719230325564,438.3762317093102,72238800
2021-12-09,436.1783142089844,439.24610518022257,435.9819086816433,437.8618472439546,61272600
2021-12-10,440.28424072265625,440.43389253118346,436.32792985552976,438.871953514165,77159800
2021-12-13,436.38409423828125,440.11594207915067,436.1034863624048,439.76988472108684,87724700
2021-12-14,433.3818359375,435.607860881952,430.47305830454087,433.1293144895392,97264100
2021-12-15,440.1532897949219,440.39644899556384,430.9311938196878,433.43782580010543,116899300
2021-12-16,436.27178955078125,442.27641461198965,434.7285178494483,441.9958353261995,116568600
2021-12-17,431.628662109375,436.19958323758465,429.9298193213432,433.20548381703225,135511600
2021-12-20,427.0389404296875,427.4331314987916,423.43476458066107,426.5696462517917,107134800
2021-12-21,434.62274169921875,434.76352423036354,428.2872700067012,430.4460118667737,69806300
2021-12-22,438.9683837890625,439.08100980710736,434.1721824687357,434.3693066437573,58890200
2021-12-23,441.69964599609375,443.1919979095506,439.86002100536876,439.9632519663119,56439700
2021-12-27,447.95068359375,447.9976015537163,443.0230947726751,443.07001273264143,56808600
2021-12-28,447.5846862792969,449.4055502317552,446.8244318978882,448.3824922202725,47274600
2021-12-29,448.1571960449219,449.1708589058926,446.6930004438283,447.6879018485856,54503000
2021-12-30,446.9183044433594,449.5838923511924,446.458405243392,448.57959577986344,55329000
2021-12-31,445.7918701171875,447.5751820751698,445.51970014618337,446.430131900379,65237400
2022-01-03,448.373046875,448.50446299701963,444.7501094779795,447.04963382232506,72668200
2022-01-04,448.222900390625,450.5036920806799,446.3738800084919,449.7903556966754,71178700
2022-01-05,439.61602783203125,448.62648196413437,439.5221632658069,447.8568326219161,104538900
2022-01-06,439.2030944824219,441.90623388075556,436.847228237835,439.1561765159226,86858900
2022-01-07,437.4667053222656,440.38573041712436,436.11513560687246,439.212494806085,85111600
2022-01-10,436.92230224609375,437.13815924974546,428.55947603097115,434.2848710913376,119362000
2022-01-11,440.9018859863281,440.9957505518421,433.674744093411,436.6594768734693,74303100
2022-01-12,442.0938415527344,444.1399857731622,440.1415905324824,442.628843747025,67605400
2022-01-13,436.00244140625,443.83965979140663,434.9793835505829,443.1920315438877,91173100
2022-01-14,436.1808166503906,436.52808978679013,431.6568135400959,432.8676006358353,95890900
2022-01-18,428.4561767578125,431.71307940228024,427.3486494050049,431.5065888243464,109709100
2022-01-19,424.0072326660156,431.38452240085,423.7350340593044,429.9954301530262,109357600
2022-01-20,419.3143310546875,430.56799582128895,417.202507339247,425.8844492805024,122379700
2022-01-21,411.0828857421875,420.5438425539786,411.0547292408569,418.1973719649646,202271200
2022-01-24,412.8287353515625,413.3355811285161,394.9204805481449,405.49836193837206,251783900
2022-01-25,407.78851318359375,412.7161024030997,400.9180390545414,406.4651000702844,167997300
2022-01-26,406.7654724121094,416.77082885836546,402.5230342303155,413.65470828881433,186391100
2022-01-27,404.75689697265625,414.47129370991206,403.0768441751336,411.34580659722957,149878300
2022-01-28,414.8092346191406,414.8561525907866,401.5469733934107,406.10850014589215,164457400
2022-01-31,422.2802734375,422.627546532085,412.8005257004034,414.142700120237,152251400
2022-02-01,425.1336975097656,425.7719308528355,419.4927711274475,423.0030831577815,123155400
2022-02-02,429.263427734375,429.98613051980317,425.2274802659756,427.52703339584536,117361000
2022-02-03,419.17364501953125,425.1524493982513,418.3382874754029,423.25651087118376,118024400
2022-02-04,421.14459228515625,424.97402004258834,416.5736430884237,418.9389039958587,118454400
2022-02-07,419.7930603027344,423.293976730891,418.46964721095105,421.90488421960123,84472900
2022-02-08,423.24700927734375,424.16683612077446,417.87828306849536,419.2955605639941,81012000
2022-02-09,429.4418029785156,429.76091964071566,427.067175149203,427.2642707198518,92589900
2022-02-10,421.7264709472656,429.6012113130062,419.73666847993013,423.6224088627865,140103700
2022-02-11,413.4106750488281,423.87593090171083,411.9840308668378,421.81105342594435,153214600
2022-02-14,412.05902099609375,414.480594825984,408.6050229613756,412.9037733723224,123006300
2022-02-15,418.704345703125,418.87328476278253,415.96365461373694,416.4798954872886,88482700
2022-02-16,419.17364501953125,420.5439762590266,414.7998190138102,416.6676010305952,84863600
2022-02-17,410.21942138671875,419.1454057486569,409.618739738148,416.0011290518587,102259100
2022-02-18,407.5632019042969,411.7211411385126,405.30120069692,410.4728026773066,132642900
2022-02-22,403.189453125,408.75527583891903,399.70726930226397,405.36698523466555,124391800
2022-02-23,396.0373840332031,406.6528164705641,395.47422526850164,406.08965770586263,132578000
2022-02-24,401.997314453125,402.4290856482403,385.42187205351536,385.7785115088942,213942900
2022-02-25,410.86712646484375,410.9515959948071,401.5844722117341,403.2270021290693,121804500
2022-02-28,409.81585693359375,411.2894475933548,404.2500346060891,405.4983445727152,145615000
2022-03-01,403.5742492675781,410.3227021337157,400.8804765076019,408.32350426508583,137785900
2022-03-02,410.9985046386719,412.71610887615117,405.0666188393467,405.8174781319554,117726500
2022-03-03,408.9523010253906,414.0206721272684,407.15959393144027,413.4199905086059,105501700
2022-03-04,405.62982177734375,406.7561108388368,401.6032689221422,405.2356019875793,113978200
2022-03-07,393.672119140625,405.75174706324987,393.60641107929933,405.04780577504613,137896600
2022-03-08,390.68743896484375,400.974360268534,389.6268294424803,393.85047743128945,164772700
2022-03-09,401.1620178222656,403.1330589273105,396.8539010797275,399.03143275089025,116990800
2022-03-10,399.3506164550781,400.24225827962516,394.6201227364952,396.57237407240876,93972700
2022-03-11,394.27288818359375,402.4385911569974,393.7660423604264,401.82851434503687,95636300
2022-03-14,391.39129638671875,398.47762614689606,390.25561263559194,395.04241839203115,95729200
2022-03-15,399.9982604980469,400.6270987320428,392.7241998621839,393.99127138077023,106219100
2022-03-16,408.867919921875,408.9242329406932,398.7123854244223,403.4898261206009,144954800
2022-03-17,413.98321533203125,413.98321533203125,406.5871337484996,406.96256340055044,102676900
2022-03-18,418.5174865722656,418.8375945905653,411.6445165852454,412.3788887995638,106345500
2022-03-21,418.39501953125,420.34391117574114,414.90201864341753,418.3479270869368,88349800
2022-03-22,423.2909240722656,424.223004155329,419.77910261257296,419.77910261257296,74650400
2022-03-23,417.8395690917969,422.25522626407883,417.754837158317,420.76766221116077,79426100
2022-03-24,424.1382751464844,424.14769938413417,418.74347374063234,419.8544419508937,64736900
2022-03-25,426.2095642089844,426.48260848847235,422.1987468815837,424.7690638457169,77101300
2022-03-28,429.2412109375,429.2412109375,423.73340526599765,425.6164137873708,68529800
2022-03-29,434.5511779785156,435.04077846785174,430.43680992270714,433.1106779472441,86581500
2022-03-30,431.8680725097656,434.22183347017983,429.7685073894001,433.41212475893184,79666900
2022-03-31,425.22100830078125,431.9245142006821,424.7690759011227,431.10541007140074,121699900
2022-04-01,426.4261169433594,426.9345085502842,422.86723203273846,426.7932886594718,89048800
2022-04-04,430.0791320800781,430.1827124889648,425.8047234508301,426.6238275552801,59601000
2022-04-05,424.6466369628906,431.0488540116193,423.5074249292268,428.59154184820875,74214500
2022-04-06,420.4004211425781,422.6694495834861,417.5288449887846,420.7488018120138,106898000
2022-04-07,422.51873779296875,424.32643810691997,417.5852660500351,419.5247619825207,78097200
2022-04-08,421.3890686035156,424.2700693409283,419.8544120623101,421.7656645610829,79272700
2022-04-11,414.1865539550781,418.9693828064198,413.6875578619317,418.131430249241,89770500
2022-04-12,412.6518859863281,419.6754993093874,411.1078052988178,417.1616704401845,84363600
2022-04-13,417.3781433105469,418.1313350308763,412.22811519032217,412.40700325207433,74070400
2022-04-14,412.18109130859375,418.7151321138891,412.0775109158974,417.6041354302853,97869500
2022-04-18,412.3505859375,414.0264622248378,410.1286211368297,411.25843764326237,66002500
2022-04-19,419.0070495605469,419.7225732355812,412.0775635034835,412.24702736869455,77821000
2022-04-20,418.6963195800781,421.38903649977607,417.53828781709484,420.77706452379897,65224400
2022-04-21,412.43536376953125,423.68635144045646,411.5315277032449,422.30233899562865,85417300
2022-04-22,401.11846923828125,412.4541594531157,400.55356095514185,411.35261559680123,132471800
2022-04-25,403.44403076171875,403.61349464580513,394.33967122309576,398.88715323977107,119647700
2022-04-26,391.75994873046875,401.11850386074025,391.73170475049534,400.9207672684951,103996300
2022-04-27,392.86151123046875,398.18103381354365,390.7337309296715,392.83326724916185,122030000
2022-04-28,402.784912109375,404.5078808966821,393.17216221026155,397.58781923542455,105449100
2022-04-29,387.89971923828125,400.9583775193331,387.155922896604,398.81174915439897,145491100
2022-05-02,390.2347106933594,391.59047917730305,381.32805937170104,387.96568189359846,158312500
2022-05-03,392.0235595703125,394.42438400889665,389.1801982351646,390.73370329446914,100028200
2022-05-04,403.9618225097656,404.52673082205837,389.5097261213919,392.6825909354839,144247900
2022-05-05,389.6038818359375,400.13931697439904,385.4895127503543,399.7156285575717,172929100
2022-05-06,387.27838134765625,390.53597823132685,381.9965559339357,387.052429506514,151770800
2022-05-09,374.87872314453125,382.63670821024124,373.3063985587751,381.40334006214687,155586100
2022-05-10,375.7449645996094,382.3260707592916,371.72475140081883,380.82908230261177,132497200
2022-05-11,369.7757568359375,380.4053467898081,369.03196050848914,374.78456583577383,142361000
2022-05-12,369.3898010253906,372.647397923669,362.62038267397736,366.5935320489902,125090800
2022-05-13,378.2210693359375,379.59565742635624,372.46846371843355,373.50412408755506,104174400
2022-05-16,376.68646240234375,380.3395037850034,374.34212582460293,376.58291071803427,78622400
2022-05-17,384.4350280761719,384.6704041422355,379.0307740612988,382.74972739807595,83029700
2022-05-18,368.9378356933594,380.17939855656863,367.7044674442447,379.8969587790726,117674500
2022-05-19,366.67816162109375,371.0844224400129,364.46562134290997,365.8873016619092,98510700
2022-05-20,366.8382568359375,373.8053816147372,358.2799877872286,370.24649717138874,131432200
2022-05-23,373.701904296875,374.46452049127714,367.5444580490805,369.85112637485844,76414900
2022-05-24,370.84912109375,372.035396905163,364.32447483504643,369.5969043569321,91448800
2022-05-25,374.1254577636719,376.08380226742474,368.96603398583363,369.3614495945758,91472900
2022-05-26,381.6011047363281,383.2299175155968,375.1423990434027,375.34953113826674,82168300
2022-05-27,390.96905517578125,391.08203108602834,383.85128550592344,384.0489933488559,84768700
2022-05-31,388.7752990722656,392.0988075494602,386.0449428026529,389.3590270440363,95937000
2022-06-01,385.63067626953125,391.89167303805095,383.1262718156382,390.8842854474684,86585800
2022-06-02,392.9744567871094,393.02152050473194,383.22988244769175,385.4706670691487,79609600
2022-06-03,386.5251770019531,389.82044199768814,385.55542873821975,388.2763611795485,71874300
2022-06-06,387.70196533203125,392.2399930695001,386.5344807583197,390.517053280102,57508900
2022-06-07,391.4208984375,391.8728307412038,383.76646564228656,384.22782218120017,59272400
2022-06-08,387.16534423828125,391.4962691477678,386.37448418684187,389.7168124827089,64350000
2022-06-09,377.9574890136719,387.65497182412037,377.9574890136719,385.3953672474794,86289800
2022-06-10,366.99835205078125,372.6285579152145,366.95128833036904,371.7812098207837,132893900
2022-06-13,353.0640563964844,359.4756973620504,351.4634878478497,357.63035727236417,170004900
2022-06-14,352.0002136230469,355.83214308056677,348.91208061939693,354.80590682519255,104011800
2022-06-15,357.0184326171875,361.4434854707774,350.352566259201,355.2860394664343,125666800
2022-06-16,345.2025146484375,349.24157577546,342.7828419203488,348.83673585883366,134473300
2022-06-17,345.94671630859375,349.2751458907682,342.45758461496894,345.61578942511153,111113900
2022-06-21,354.6554260253906,356.03595201089433,351.5728544262298,351.64851628810544,76811900
2022-06-22,354.0124206542969,358.1067313139649,350.0315450667165,350.44759870939254,90059400
2022-06-23,357.4826965332031,358.2107760726569,352.5941088918545,356.1400013974263,79292100
2022-06-24,368.84832763671875,368.85779258093,360.6124122026402,360.6407781787366,98050300
2022-06-27,367.43951416015625,370.05873603154885,366.3521130366236,369.7656112640716,66009600
2022-06-28,359.93170166015625,371.76080759717377,359.81823772369825,368.99029067465796,86548900
2022-06-29,359.63861083984375,361.4635566555144,357.8231299719536,360.480183208969,65676000
2022-06-30,356.716796875,359.94119868727216,352.282064871728,355.76176056378404,112508300
2022-07-01,360.4895935058594,360.9245770809683,353.4545407189356,356.0643267434046,74839700
2022-07-05,361.1703796386719,361.1893095314971,352.60350658660883,355.421319245886,81438000
2022-07-06,362.3902282714844,364.8676206487518,358.9388985354465,361.31226305640257,70426200
2022-07-07,367.8177185058594,368.61199482225004,362.4090502838774,364.15836271170366,64525900
2022-07-08,367.51519775390625,369.37797430776754,364.66901900062675,366.191374892305,72397800
2022-07-11,363.31683349609375,365.81312646509326,362.62655612996804,364.84865422697527,58366900
2022-07-12,360.1019287109375,365.1418402247089,358.362080869492,362.7684468745156,62219200
2022-07-13,358.21075439453125,361.1325950360605,354.2677383266244,354.68379199729,84224600
2022-07-14,357.3408508300781,358.4187870987838,350.84478066367626,353.27487695591316,89704800
2022-07-15,364.1678771972656,364.2813411355363,359.82770841913714,361.7282870982627,79060400
2022-07-18,361.1609802246094,367.912344500235,359.94118513181706,367.24099693727663,63203600
2022-07-19,370.9192199707031,371.48656848607965,364.413714078224,365.0661316858812,78506000
2022-07-20,373.2831726074219,374.6920934702504,369.7467451710396,371.1083701548272,71843800
2022-07-21,377.0843811035156,377.1316481251823,370.3140872351293,372.70638143368456,64903900
2022-07-22,373.58575439453125,378.3987087577949,371.3731210571291,377.2073085647602,72197300
2022-07-25,374.0396423339844,374.8906507241828,371.8080790828495,374.20983824071493,53631500
2022-07-26,369.6143493652344,372.61179398374196,368.7255101067166,372.4037671603326,52946400
2022-07-27,379.21185302734375,380.95170043904375,372.60229122410834,372.89541596509065,82342100
2022-07-28,383.9680480957031,384.6582965028211,376.479112587322,380.0155679818675,73966600
2022-07-29,389.56585693359375,390.54925902982006,384.62997427396704,385.3958846128279,87003700
2022-08-01,388.4123229980469,390.90864514857856,386.17132357359725,386.8805020677419,69997500
2022-08-02,385.84979248046875,390.52091664915406,384.67729339338854,386.85209567230385,63435400
2022-08-03,391.8920593261719,393.0550936237523,387.68425525698314,387.96791512064965,67820600
2022-08-04,391.62725830078125,392.4971676933185,389.9914096457841,391.81635523733325,45656600
2022-08-05,390.96533203125,391.6083135328843,387.3059760405287,387.36270800499386,56814900
2022-08-08,390.511474609375,394.8894742630945,389.41460845921597,392.64847494128367,53886100
2022-08-09,388.9607238769531,390.28451780261275,387.8922237902104,389.7833662144508,44931800
2022-08-10,397.1304931640625,397.2723519486255,394.0384853071231,395.9863599360031,68665700
2022-08-11,397.1304931640625,401.82054773180664,396.3929486818317,399.9672071505728,59489700
2022-08-12,403.8534851074219,403.9574840933842,398.11386071622206,399.05943196261893,61694500
2022-08-15,405.5177001953125,406.03778173235645,401.59358501038247,401.65031698074415,54048300
2022-08-16,406.31195068359375,408.2314590393534,403.6454330101121,404.4491742905428,59289000
2022-08-17,403.4279479980469,406.1228316979683,401.43280661081104,402.7282345419043,63563400
2022-08-18,404.6004943847656,405.28127797974213,402.3405652552225,403.62652829890396,49023200
2022-08-19,399.1634521484375,402.1136297635589,398.29351392155985,401.8488709739081,68016900
2022-08-22,390.85186767578125,394.52068860875744,389.9535634784905,394.3504638590042,77695600
2022-08-23,389.9062805175781,392.8091909558706,389.3578330753806,390.4263331221916,49105200
2022-08-24,391.1545104980469,392.51610668513507,388.9986089883818,389.67939265365226,49177800
2022-08-25,396.67657470703125,396.7238417233846,391.55156621776786,392.6389673027772,50942300
2022-08-26,383.24945068359375,397.1020626279462,383.1927187216093,396.56310898909396,103087000
2022-08-29,380.71533203125,383.7506074648165,379.3631721580166,380.30874334599116,65370800
2022-08-30,376.5359191894531,382.1053477002366,374.44621480785787,381.8689548878579,85652400
2022-08-31,373.67083740234375,379.4009968343616,373.53847243354284,378.16230081283413,76029700
2022-09-01,374.8433532714844,375.18374505731157,368.8106043103933,371.50548804103204,78740100
2022-09-02,370.89080810546875,379.70353789868255,369.0847637974907,378.49320801532787,99632100
2022-09-06,369.491455078125,372.66856083501824,367.2788216710287,371.7324544703169,76637400
2022-09-07,376.1293640136719,376.89527448554435,368.96194600017765,369.1794089387667,70964200
2022-09-08,378.5878601074219,379.0417158852862,372.66857424769665,373.86946832524006,80821700
2022-09-09,384.46923828125,385.32971149707004,380.5545598393792,380.8193186091283,76706900
2022-09-12,388.6014404296875,389.3200838556924,386.22804721967884,386.5306369628963,69256300
2022-09-13,371.70404052734375,381.1597524265052,370.58827344881297,379.9588585471244,122947100
2022-09-14,373.1224060058594,374.63532571628434,369.8318077999259,372.99947713125925,85023700
2022-09-15,368.88616943359375,374.408300843299,367.619107703033,371.5715877238693,87633800
2022-09-16,366.0720520019531,366.72717860017747,362.79641901083147,364.7238414484203,103084800
2022-09-19,368.91094970703125,368.91094970703125,362.86292236913584,362.9388950406954,73278500
2022-09-20,364.6763610839844,366.6037545982577,361.9324497442443,365.5973340819425,77274900
2022-09-21,358.31500244140625,369.6324950611645,358.3054986149796,366.5942260628629,106746600
2022-09-22,355.3052673339844,359.17903334074293,354.564693142615,357.5459685886099,89472600
2022-09-23,349.3521423339844,351.8871721443201,344.9276764863623,351.849185813524,122346900
2022-09-26,345.8961181640625,351.49789961299837,344.6808163277676,347.8899804357397,92581200
2022-09-27,345.0131530761719,351.6783204261148,342.6300104380139,349.41861164213634,108294100
2022-09-28,351.8017578125,353.48228367645163,344.2725823827886,345.9626120741058,110802200
2022-09-29,344.4530029296875,348.55462907314757,341.51918862235004,348.26980398508965,112952300
2022-09-30,339.1264343261719,347.4151894584033,338.9935256522987,343.51291314028146,153711200
2022-10-03,348.0798645019531,349.9218104770214,341.0538996463219,342.8293767828373,89756500
2022-10-04,358.8656921386719,358.8941746443229,348.04190536505,353.57721811383504,103602800
2022-10-05,358.0301818847656,360.2803868520497,352.2005400048697,354.517213813191,88065700
2022-10-06,354.33685302734375,359.5778376786651,353.8431175552407,356.6345194279789,82333500
2022-10-07,344.4530029296875,354.4222866629077,342.6965042864364,350.32063154436236,107789500
2022-10-10,341.8229675292969,345.8011884953058,339.5917702265936,345.56382461416007,76042800
2022-10-11,339.658203125,344.68083086003986,337.7308096086358,340.1329308775536,92482800
2022-10-12,338.537841796875,341.63307591693376,338.29097410138615,340.0664801784366,76991800
2022-10-13,347.47222900390625,348.934398580659,330.5149387795829,331.55934562012055,147254500
2022-10-14,339.55377197265625,351.54539946318886,338.91762404448093,349.9218097110879,123737000
2022-10-17,348.2792663574219,349.38063819195844,339.22145295922246,345.61129877486803,93168200
2022-10-18,352.3714294433594,356.4730842166548,348.94387997178285,356.16925149824414,97162900
2022-10-19,349.87432861328125,353.05501012296355,347.0734234834684,350.33955250549025,79746900
2022-10-20,346.9405517578125,353.8336082385052,346.18096994205536,349.42812063236454,88283100
2022-10-21,355.3717346191406,355.8559372584329,345.1650872068647,346.6652142635387,131038400
2022-10-24,359.72021484375,360.85006925134127,354.2513416759188,356.8908558861546,85436900
2022-10-25,365.46453857421875,365.77784623856905,359.53043983576043,359.6443698955242,78846300
2022-10-26,362.7109375,367.98990714811197,362.0748186150192,362.3311611391799,104087300
2022-10-27,360.7741394042969,365.54039595428065,360.1569701011895,363.70795365066004,81971800
2022-10-28,369.3571472167969,369.8318749398546,360.4892368270884,360.6696356798568,100302000
2022-10-31,366.6891784667969,368.76848820462624,365.78721318114583,366.90756364967945,96631300
2022-11-01,365.0846252441406,370.65795347224923,363.9168135013934,370.42058959281826,85407600
2022-11-02,355.9223937988281,368.98691130694584,355.81796759742275,364.49597616975944,126990400
2022-11-03,352.2575378417969,355.2863035789503,350.1497452124156,352.694279312725,87100100
2022-11-04,357.3276062011719,359.72022378402096,351.29855759340336,357.94474652084614,103505200
2022-11-07,360.74560546875,361.33426320464076,356.5489996813044,358.61880558333354,68286900
2022-11-08,362.69195556640625,365.654251719313,358.62828769445593,361.8469263692216,84641100
2022-11-09,355.2197570800781,361.87544877434425,354.7260217229651,360.72658686650783,78495500
2022-11-10,374.7406311035156,375.07294635677823,366.1480695589153,368.4362320447595,141455800
2022-11-11,378.3675231933594,379.1650623418643,373.7151680311234,375.5951003651524,93839900
2022-11-14,375.1488952636719,379.9531383229995,374.8735450242789,376.61106501327595,71903500
2022-11-15,378.34844970703125,381.97537606504994,374.5506283415861,380.8740043920615,93194500
2022-11-16,375.4621276855469,377.67434588986345,374.83548368097894,376.7248905450777,68508500
2022-11-17,374.31329345703125,374.9874276635937,370.42054943643274,370.72435314810673,74496300
2022-11-18,376.0128479003906,377.7028774747301,373.1739853225882,377.63640863793864,92922500
2022-11-21,374.6456604003906,375.81350115294237,372.8132181507224,374.69315056273854,51243200
2022-11-22,379.687255859375,379.84867604647417,375.1773421488015,376.58254674649424,60429000
2022-11-23,382.0799255371094,382.5641281776776,379.12710362952333,379.3549636956731,68261600
2022-11-25,381.9944152832031,382.54511569451665,381.2443663067082,381.5196875372828,30545400
2022-11-28,375.89892578125,380.5512518780544,375.13934400569946,378.9181872794732,67881600
2022-11-29,375.2532653808594,377.21861602317534,373.420794451434,376.0317967820062,52310000
2022-11-30,387.07403564453125,387.07403564453125,373.59178408114326,375.5001700531818,144566700
2022-12-01,386.7890930175781,389.2766611921108,384.29202101830936,388.1088207775073,76398200
2022-12-02,386.34295654296875,387.24492191924827,381.8140640565856,381.91849025775207,85342700
2022-12-05,379.3929443359375,384.46303355724604,378.044733664679,383.5325856510467,77289800
2022-12-06,373.92401123046875,379.77266003087607,371.84473054042496,379.23149246844036,77972200
2022-12-07,373.2878723144531,375.6425320351263,372.1580181195607,373.07899097652984,65927900
2022-12-08,376.2121887207031,377.2755741052636,373.39230509643045,375.1678109877032,60737900
2022-12-09,373.40185546875,377.52248883512004,373.2784216185342,374.977955065578,81447700
2022-12-12,378.7852783203125,378.7852783203125,373.52528680664847,374.1898882628355,75405800
2022-12-13,381.65252685546875,389.74187513015096,378.8991124337517,389.48553264444763,123782500
2022-12-14,379.2124938964844,385.00417782900206,376.2786800874481,381.3107822890158,108111300
2022-12-15,369.93634033203125,375.27227545068706,368.28429708214924,374.37028116191146,117705900
2022-12-16,365.56878662109375,368.72591299649264,363.44179709016913,367.39057737229774,119858000
2022-12-19,362.46893310546875,366.09344924310705,360.80930355412653,365.75960801740996,79878100
2022-12-20,362.96490478515625,364.5768550701663,360.39913914135377,361.7154089937889,74427200
2022-12-21,368.39215087890625,369.5176461213456,365.01563604345074,365.5497703655622,78167400
2022-12-22,363.1365966796875,368.3730338595665,357.4613834622674,365.35897373224327,100120900
2022-12-23,365.2254638671875,365.36853035773834,360.57083998702353,362.1160163012456,59857300
2022-12-27,363.7851257324219,365.45430239791636,362.11594906692744,365.1109428843461,51638200
2022-12-28,359.26409912109375,365.6832870108895,359.0351927479394,363.7184005781533,70911500
2022-12-29,365.73089599609375,366.598871305357,361.57224666314715,362.09686247852835,66970900
2022-12-30,364.76763916015625,364.9107056574417,360.952377322475,363.0603304456531,84022200
2023-01-03,363.23199462890625,368.5828851543406,360.38006673429567,366.61802772104494,74850700
2023-01-04,366.0361633300781,368.05824707832414,362.4498085414863,365.48293416385536,85934100
2023-01-05,361.8584289550781,364.20480628577707,361.2670681659543,364.09035311473775,76970500
2023-01-06,370.1566162109375,371.27259288151197,361.8870541421074,364.9392455332869,104189600
2023-01-09,369.9468688964844,375.5171770773959,369.7656707294841,372.3409551357516,73978100
2023-01-10,372.5412292480469,372.6080033161442,368.43028694753167,369.3650365764805,65358100
2023-01-11,377.2530822753906,377.3294038131555,373.3043013861297,374.1150503530879,68881100
2023-01-12,378.62652587890625,380.0858621719183,374.29622523133014,378.34994039060064,90157700
2023-01-13,380.0954895019531,380.66778464278104,375.1737978638569,375.4408650484913,63903900
2023-01-17,379.399169921875,381.74557694149377,378.7219690868492,380.07639986503904,62677300
2023-01-18,373.4091796875,381.6406112039505,373.20888660482075,380.5818900873673,99632300
2023-01-19,370.6908264160156,373.01810918357603,369.37455652309,371.3775455516614,86958900
2023-01-20,377.596435546875,377.749049499946,370.44282022993093,372.08338384027553,91806400
2023-01-23,382.12701416015625,384.05371051595347,377.4437777174287,378.3975929821439,84178800
2023-01-24,381.7169189453125,382.6230260729778,379.27515395089165,380.45787568340137,59524900
2023-01-25,381.8599853515625,382.19382654932406,375.383570904274,377.66320358749766,84800300
2023-01-26,386.0567932128906,386.2189546426973,381.55478324321655,384.5116168819161,72287400
2023-01-27,386.94384765625,389.3093204688235,384.80731034691763,385.01715091180836,68346200
2023-01-30,382.08892822265625,386.41925852273624,381.79324776134285,384.1968522201886,74202000
2023-01-31,387.70697021484375,387.75464935092873,382.26066225616484,382.6040510036584,86811800
2023-02-01,391.8274230957031,394.5648982225417,383.76769902323576,386.4955975716626,101459200
2023-02-02,397.53118896484375,398.990525390848,393.811314654258,395.6998505537126,101654500
2023-02-03,393.3057556152344,397.7123777653695,392.1039389895125,392.580846652655,94736800
2023-02-06,390.9021911621094,392.29478274143617,389.2521089864295,390.86405950020315,60295300
2023-02-07,396.0145568847656,397.254505069358,388.7464893203908,389.9864375049832,90990700
2023-02-08,391.6843566894531,395.3851657459837,390.9976083170233,394.0498297740761,76227500
2023-02-09,388.2886657714844,395.4232146721326,387.0677833556222,395.27060073163324,78694900
2023-02-10,389.19488525390625,389.57640563275254,386.30482544964053,387.1155453391367,70769700
2023-02-13,393.76361083984375,393.89715897184107,389.3856015126722,389.84344339763004,64913500
2023-02-14,393.5824279785156,395.88109763709383,389.6431654454688,392.2470630392104,88389300
2023-02-15,394.86053466796875,394.9368270971994,390.5588176281302,391.39817989035606,61555700
2023-02-16,389.4237060546875,393.8398755116949,389.2901870501047,389.9101611679617,76431500
2023-02-17,388.4508972167969,388.6893510840452,385.38912860346915,387.3063070107498,89257800
2023-02-21,380.658203125,385.49405442565177,380.4006834333242,384.44485161266954,82655900
2023-02-22,380.1335754394531,382.60395368803114,378.68375748701857,381.06829584759197,83742300
2023-02-23,382.15570068359375,383.624584623004,377.9493710671943,383.0141287647056,96242400
2023-02-24,378.07330322265625,378.9031178542997,375.4598586847204,377.15764870927023,108194400
2023-02-27,379.3609619140625,382.7565419832926,378.4262124604374,381.4021114776833,80444700
2023-02-28,377.9589538574219,380.83946629909735,377.85401901216034,378.88415609227326,96438600
2023-03-01,376.5090637207031,378.36901530523187,375.21188881048784,377.1481328157973,99706800
2023-03-02,379.4372863769531,380.2766485518157,374.2103677204858,374.54420891841545,85127800
2023-03-03,385.5226745605469,385.7706758956866,380.60098327540186,381.24957080469574,90120000
2023-03-06,385.7897033691406,388.63208364699216,385.35095644978605,386.34290347544555,72795900
2023-03-07,379.8760681152344,385.9805102708599,379.26564136455426,385.74205640878506,108310600
2023-03-08,380.49609375,381.24958704047157,378.2736873246154,379.99057269709033,74746600
2023-03-09,373.4759521484375,382.93781363415775,372.4935234600931,381.2781550603871,111945300
2023-03-10,368.0869140625,375.0020758920174,366.5703510301064,372.9322836127058,189253000
2023-03-13,367.56231689453125,372.3600366700291,363.0698541646436,364.1762836068756,157790000
2023-03-14,373.6380920410156,375.2786555832206,369.17421414646356,372.4648886988362,149752400
2023-03-15,371.30126953125,371.5015626213284,365.98851059869224,368.06785035886526,172996900
2023-03-16,377.81585693359375,378.1592456618237,368.4494105185253,368.9549315868622,143254200
2023-03-17,373.3981018066406,377.620484528316,372.01936339877824,376.4906939277479,140553400
2023-03-20,376.98858642578125,377.4003145707897,373.47474047713115,374.17366441642594,93055800
2023-03-21,381.9386901855469,382.41741807740124,378.75034606302717,380.3397261702914,91524200
2023-03-22,375.4279479980469,385.3663430375663,375.3896708071276,381.7663294027596,111746600
2023-03-23,376.44281005859375,382.3024333278602,373.7427784049594,378.2811083450335,119351300
2023-03-24,378.9130859375,378.99925344252387,372.833236516388,375.16943071668686,107682400
2023-03-27,379.6215515136719,381.9481907671168,378.73112484169525,381.18220877571866,74010400
2023-03-28,378.7694091796875,379.62152939764496,376.9406656319968,378.9321602551606,62871700
2023-03-29,384.2748107910156,384.51417469094537,381.7183914833068,382.9152109829554,77497900
2023-03-30,386.5248107910156,387.14715104431514,384.66734471738545,386.8982032553057,69840000
2023-03-31,391.9727783203125,392.26958723104974,387.3386673117375,387.4440026260915,112062600
2023-04-03,393.4664001464844,393.86851514556844,391.06317718146,391.4557374933837,67391100
2023-04-04,391.283447265625,394.3951783979073,389.91426336080593,394.1079241464662,66601500
2023-04-05,390.2589416503906,391.3121487439596,388.612116709327,390.555750574138,65200200
2023-04-06,391.78125,392.05892029879095,388.42057157363575,389.4641946465513,63743300
2023-04-10,392.183349609375,392.2599624153201,388.69822663870286,389.3109829901425,63681000
2023-04-11,392.2887878417969,393.6866651152167,391.52283489671987,392.80582215030137,59297900
2023-04-12,390.6897888183594,394.6345308679278,390.1057548634186,394.34727662483084,86420400
2023-04-13,395.8792419433594,396.2334959063615,390.6323737577498,391.7717484718132,85814800
2023-04-14,394.912109375,397.43022215552446,392.614221890679,395.2472246625358,78161500
2023-04-17,396.32916259765625,396.34830119021314,393.6004083681965,394.82595033401935,66436400
2023-04-18,396.5877380371094,398.0335055698033,395.2185833271868,397.89944773956887,63560000
2023-04-19,396.52069091796875,397.42067233366515,394.62491824072464,394.68236324131743,55227300
2023-04-20,394.3568420410156,396.0994183553833,392.815323233928,393.7153338921518,75840400
2023-04-21,394.66326904296875,395.12282909940683,392.7196350530014,394.6536851353828,73457400
2023-04-24,395.0749206542969,395.4962034683657,393.1312868972539,394.46213502684145,64332100
2023-04-25,388.8035888671875,393.667480074213,388.74614386404556,393.11213941820307,97766700
2023-04-26,387.15679931640625,390.4887558993044,386.60148782887217,389.4164101170101,80447000
2023-04-27,394.8642578125,395.1323442051522,389.4354718372607,389.68441963730396,92968400
2023-04-28,398.2344970703125,398.24408097637763,393.9259469095326,393.9833919074716,89433100
2023-05-01,397.8323974609375,399.85261481140054,397.6025882410736,397.7940910544224,62122300
2023-05-02,393.3610534667969,397.1717372569502,390.4695480864417,397.1238469456253,103998500
2023-05-03,390.6610107421875,396.2621316646499,390.4216468499389,393.85890883632186,91531800
2023-05-04,387.8939514160156,389.94289099215666,386.56307424569957,389.61735962844165,94901900
2023-05-05,395.0749206542969,396.11854378303155,391.25468204681897,391.51318454758655,87891800
2023-05-08,395.18023681640625,395.6589646428425,393.7823597445963,395.4004621354889,50046800
2023-05-09,393.4472351074219,394.55788714476665,393.21745510632536,393.6387379211536,49220100
2023-05-10,395.2856140136719,396.9037165760063,391.47492959256664,396.2717922718493,96142900
2023-05-11,394.5962219238281,394.88344694585095,392.5281141075764,394.42388691061444,70157100
2023-05-12,394.07916259765625,396.04196418738917,391.6663849084535,395.83132277822824,70481500
2023-05-15,395.4388427734375,395.8409578603601,392.777116727571,394.682444484296,54289400
2023-05-16,392.7961730957031,395.25684108298174,392.78658918922883,394.3376626382598,57705500
2023-05-17,397.5643310546875,398.16750358670436,393.16961300605146,394.80685403141115,87287000
2023-05-18,401.39410400390625,401.81538678686417,397.0281089980014,397.24830507598523,97177200
2023-05-19,400.8101501464844,402.8208132095877,399.5941917756672,402.29422419699927,103793300
2023-05-22,400.972900390625,402.50483542937735,399.59416177767093,400.8292878724486,60745400
2023-05-23,396.4727783203125,400.90580233866484,396.080218025508,399.33556115944674,86383500
2023-05-24,393.6004638671875,395.2568727625146,392.4419506407974,394.87389632279877,89213700
2023-05-25,397.00897216796875,398.4547395231807,394.86428090134467,397.09513966858555,90961600
2023-05-26,402.1504821777344,402.8685738627077,397.58342958022524,397.6600131701632,93830000
2023-05-30,402.30377197265625,404.6016600541862,400.9250332798918,404.075071050647,72216000
2023-05-31,400.07281494140625,401.38452439451896,398.5121576904561,400.48451382304125,110811800
2023-06-01,403.8739929199219,404.92720009252923,399.0579916489923,400.302672440745,88865000
2023-06-02,409.7144775390625,410.49956904772046,405.9133770414703,406.4399660164613,91426200
2023-06-05,408.9293212890625,411.34209905139056,408.23036813311154,410.0591119636998,65460200
2023-06-06,409.81976318359375,410.3463521322916,407.86654536905576,408.5176374533879,64022200
2023-06-07,408.4026794433594,411.3420751836078,407.9813966367141,410.21228457452565,85373300
2023-06-08,410.8729248046875,411.32293010381545,407.7037491177831,408.46970190729934,61952800
2023-06-09,411.61016845703125,413.6112472123868,410.62399032938276,411.6676134571485,85742800
2023-06-12,415.34423828125,415.4208510939883,411.86869890795646,412.58679062643665,76104300
2023-06-13,418.0826110839844,418.724090042695,416.13897717424237,416.79962394733377,95899700
2023-06-14,418.58038330078125,420.380404293596,415.1431216045968,418.4176322305589,100612100
2023-06-15,423.7698974609375,425.0145781797127,417.6709093443267,417.7666315386717,110303100
2023-06-16,422.326416015625,426.31461080665895,421.8555294193706,425.74761712421093,114165800
2023-06-20,420.1352844238281,421.278891227802,418.0691141682308,420.39477647392715,76160400
2023-06-21,417.982666015625,419.9527293765365,417.3964332987813,419.15510212154635,76982300
2023-06-22,419.49151611328125,419.59721339592085,416.69496661658377,417.03132680931225,70637200
2023-06-23,416.320068359375,418.09794671553647,415.60892874801584,416.0509861285015,92074500
2023-06-26,414.6190490722656,417.665440905074,414.378796055203,415.75303627413876,72823600
2023-06-27,419.1646728515625,419.77970536315974,415.04192260990584,415.49359948325997,72813700
2023-06-28,419.3761291503906,420.3851802319676,417.47331443133595,418.0883469905335,75636000
2023-06-29,421.0290222167969,421.1924071877769,418.55924326128763,418.962851943863,67882300
2023-06-30,425.9974670410156,426.97768888145606,423.9120577597363,424.22920819454237,104964000
2023-07-03,426.48760986328125,426.7662822836005,425.37283219871017,425.65153394679413,32793400
2023-07-05,425.8533630371094,426.5837417319984,424.6713074116075,424.6809269189928,58418400
2023-07-06,422.5186462402344,422.94149397333916,420.0200085430969,422.2880126868195,80658300
2023-07-07,421.451904296875,425.3824701498979,421.21165123791485,421.52880169929125,86134200
2023-07-10,422.5186462402344,422.69162140529556,420.52934385873226,421.0963375627214,62443500
2023-07-11,425.20947265625,425.6995982894802,422.3072262142427,423.27785797330125,64463800
2023-07-12,428.6306457519531,430.03374466313784,427.56393630005715,428.9862448970164,91924500
2023-07-13,432.0326843261719,432.8207214455181,430.00496246418476,430.4374003996056,72425200
2023-07-14,431.76361083984375,433.7625035467968,431.00440290074886,432.9168373466267,69815800
2023-07-17,433.26275634765625,434.3102561737573,431.57136541418197,431.6194336230175,52680200
2023-07-18,436.48211669921875,437.1259784249401,432.5035122667073,432.9359794712025,80668200
2023-07-19,437.4527587890625,438.6347850080483,436.4052296979119,437.2701641275052,65891700
2023-07-20,434.5504455566406,437.35661380071673,433.8393059855323,436.462879583876,70591600
2023-07-21,434.5504455566406,436.462879583876,434.5408553784918,436.2610459263221,71275600
2023-07-24,436.49176025390625,437.29900699604326,434.6658135812287,435.6941036910491,54023400
2023-07-25,437.6833801269531,438.9326842027925,436.17458399836414,436.22265220298175,55191200
2023-07-26,437.75067138671875,439.17295065598853,435.7037107326863,436.7512104988631,71052900
2023-07-27,434.8483581542969,441.52740401742074,433.945004429069,441.12376602896836,92194400
2023-07-28,439.105712890625,439.93216931576706,434.8484065015939,438.1062519781901,80011800
2023-07-31,439.9417419433594,440.2973117315323,438.2695609294814,439.57655264920487,62040400
2023-08-01,438.682861328125,439.42283016702106,437.7314393035273,438.48102764934566,55291500
2023-08-02,432.5803527832031,435.83816833726377,431.8307645676685,435.5787056453417,93933400
2023-08-03,431.3407287597656,433.21471435225743,429.92803959884134,430.5719307015857,64276100
2023-08-04,429.38983154296875,435.24239195100046,428.87087677605945,433.14739252633814,100128900
2023-08-07,433.1378479003906,433.2916133885674,430.52389325692184,431.2158232898332,58357500
2023-08-08,431.2541809082031,433.1281662387976,427.9098482341965,430.6102898954453,71361300
2023-08-09,428.3712158203125,431.6867198555809,427.6120079214979,431.52333486681067,78789600
2023-08-10,428.52496337890625,434.08923235537964,427.3621468022029,430.71607007168745,93005500
2023-08-11,428.27508544921875,429.28416586620887,426.06476909769503,426.6605919753528,68690900
2023-08-14,430.6391906738281,430.6391906738281,427.05463370611966,427.3621646686425,47867400
2023-08-15,425.62274169921875,429.2265377401817,425.0557186470054,428.87093856214887,75707500
2023-08-16,422.4994201660156,426.8623944636419,422.3936935729571,425.20945229682616,80107200
2023-08-17,419.2800598144531,424.21964772988474,418.76110496657503,423.9601849698295,95711300
2023-08-18,419.4818115234375,420.5101015823301,416.12788844047134,416.4738387437825,98852000
2023-08-21,422.2110900878906,422.9510589127824,418.3478316599045,420.4908700639508,68719000
2023-08-22,421.0675048828125,423.9793707816351,420.5101306907519,423.9793707816351,64994200
2023-08-23,425.7572326660156,426.37229454971487,421.98046176867535,422.12460773274086,68441000
2023-08-24,419.85662841796875,427.86184703074184,419.8277698977074,427.3525117447883,88517300
2023-08-25,422.8165283203125,424.09466161039535,418.0402966316632,421.576814401286,102325100
2023-08-28,425.49774169921875,426.1127742143462,422.816509634439,424.99799661992967,61595400
2023-08-29,431.6482238769531,431.92692561420495,425.20943069514846,425.3920253511655,83081900
2023-08-30,433.4261474609375,434.0604190699575,431.2830795696017,431.9846290752829,69053900
2023-08-31,432.7919006347656,435.1751923990844,432.60930594923883,434.0412049094315,66084600
2023-09-01,433.59912109375,435.98244204092543,432.14798320577563,435.5019359140747,58944100
2023-09-05,431.7251281738281,433.474177484678,431.65787960630774,433.15705635053166,55166200
2023-09-06,428.8228454589844,431.0235715081806,426.50680264350075,430.91784492057485,70758500
2023-09-07,427.5061950683594,428.178885873282,425.48806399807364,425.8340142415609,70355400
2023-09-08,428.150146484375,429.67815236910445,427.19875378748577,427.5543236104539,61659700
2023-09-11,430.9659118652344,431.2734134651807,429.0630972437641,430.7640781970579,60180100
2023-09-12,428.601806640625,431.042785754672,428.02522280308654,429.5243994362143,67565400
2023-09-13,429.1015319824219,430.2547289321733,427.72726235885176,428.82283025526624,60199300
2023-09-14,432.8014831542969,433.4934131798962,430.26442594561126,431.56179840958094,83430800
2023-09-15,427.5869445800781,431.5506524245771,427.15298130374185,431.22275924982887,111848900
2023-09-18,427.8376770019531,429.12997218957395,426.80575976702727,427.2783073434339,55752200
2023-09-19,426.9504089355469,427.5097785871883,424.27902594225344,426.92147805226983,66514600
2023-09-20,423.02532958984375,428.61884971067485,422.8227839687489,428.2041638924205,82562600
2023-09-21,416.03338623046875,420.45033436985153,415.87907838119946,420.18995642926694,104095800
2023-09-22,415.09796142578125,418.64695406116914,414.68324615845955,417.055696495469,100829700
2023-09-25,416.8435363769531,416.88209127104136,413.45847553843805,413.89246826227424,70874500
2023-09-26,410.71954345703125,414.5192898301892,409.8901424025337,413.8152657492611,96168400
2023-09-27,410.8835144042969,412.4458705721393,407.2573824202832,411.88650085704063,104705800
2023-09-28,413.2655029296875,414.93392885769236,409.7454417843653,410.33374226373326,92258300
2023-09-29,412.2625732421875,416.47700522910236,410.7484550545368,416.30341993440965,115111300
2023-10-02,412.0986328125,413.34271968319354,409.35008111589474,411.4331930512835,83798600
2023-10-03,406.58221435546875,412.15645644629615,405.22240407493666,409.92869029746174,103760600
2023-10-04,409.5429382324219,410.28551714342467,405.588884325945,407.0451406977265,87453000
2023-10-05,409.3886413574219,410.2276663727646,406.1771957071079,409.25361095296023,70142700
2023-10-06,414.249267578125,415.7826633161712,405.62751083875975,406.9487369471333,113273300
2023-10-09,416.9013671875,417.47036086082164,411.80932558041656,412.3590123769111,80374400
2023-10-10,419.0712585449219,421.6558488736504,417.1328010827686,417.5282094394434,78607300
2023-10-11,420.78790283203125,421.0386273478204,417.75966631617496,420.13211651194507,62451700
2023-10-12,418.22259521484375,421.7715876841516,415.8791053042313,421.39548619007036,81154200
2023-10-13,416.1394958496094,420.9132978989336,414.5771691952751,419.7174193113071,95143100
2023-10-16,420.5178527832031,421.5787008605216,418.1357786859934,418.3768791839652,75433200
2023-10-17,420.4985656738281,422.54312271495667,417.0556727686725,417.40284337508905,75324700
2023-10-18,414.8953857421875,419.68846496991176,413.8152601862858,418.733716385894,93559800
2023-10-19,411.24993896484375,417.41248188933355,410.57487522165394,415.60905485320427,121323000
2023-10-20,406.19647216796875,411.35602864539834,406.0903726459754,410.81596589128515,123919900
2023-10-23,405.492431640625,409.34041539624207,402.92711894728416,404.67268410500066,92035100
2023-10-24,408.5496826171875,409.6973235164309,405.7625463101056,407.60455792627596,78564200
2023-10-25,402.6860046386719,406.9004656959786,402.17487280502843,406.8715348160067,94223200
2023-10-26,397.86407470703125,402.4739155692253,396.9479103704744,401.62526644318154,115156800
2023-10-27,396.06060791015625,399.8410767152927,394.64293578713176,399.4456683619361,107367700
2023-10-30,400.7958068847656,401.84700148905324,397.54577698969393,398.83807208389743,86562700
2023-10-31,403.31298828125,403.6312280389458,399.4650037145309,401.3648771149318,79665200
2023-11-01,407.6141662597656,408.4242604346672,403.746904694568,404.27734347074426,98068100
2023-11-02,415.4257507324219,415.58005856031866,411.375251185956,411.3945286277398,94938900
2023-11-03,419.2159118652344,420.75896096668146,417.59572355276106,417.72110052299064,100167800
2023-11-06,420.1802978515625,420.62391451827705,418.24184046839486,419.96812824031423,67831700
2023-11-07,421.37615966796875,422.0126685210308,419.04232330462156,420.18031060348386,64256100
2023-11-08,421.6847839355469,422.4948781019278,419.38950241519393,421.97409276953505,61746000
2023-11-09,418.39617919921875,422.86136537152765,417.9718399454001,422.822781049031,83174400
2023-11-10,424.9252014160156,425.2338171560556,418.3865562589062,420.4600443494357,89462200
2023-11-13,424.5201721191406,425.61957523316283,422.81319095971963,423.5943543234561,52236100
2023-11-14,432.75616455078125,434.03880639292726,430.21012888201807,430.43195196006246,97176900
2023-11-15,433.6722106933594,435.3117055875885,432.8235323684035,434.0868964194874,77327600
2023-11-16,434.2027587890625,434.52099852551896,432.16785509736394,433.22870327091186,66665800
2023-11-17,434.7427673339844,435.35034527714225,433.2961643954989,434.2123285978125,83133200
2023-11-20,438.08929443359375,438.9283195268349,434.48241067282527,434.4920641115296,69936200
2023-11-21,437.1345520019531,437.963953155313,435.87118753975784,437.047759340186,49244600
2023-11-22,438.822265625,440.133867882905,437.7325158930703,438.7837107286047,59394900
2023-11-24,439.0922546386719,439.285146826889,438.5425678215631,438.8704609965596,29737400
2023-11-27,438.3014221191406,439.2754481049459,437.91563778247536,438.46535397413186,50506000
2023-11-28,438.7353820800781,440.02767719087626,437.3562943235412,437.91563451759527,62115000
2023-11-29,438.4267883300781,442.0047410159344,438.0314094012158,440.8763777024274,63146000
2023-11-30,440.1531066894531,440.5003067450598,437.2020386572685,439.2658732507552,79752700
2023-12-01,442.75701904296875,443.2874284363199,438.9572723368323,439.5455435028684,89183400
2023-12-04,440.4327697753906,442.7762596678929,438.1664190963143,439.3815750840775,72430900
2023-12-05,440.345947265625,441.3006958020075,438.6775212551753,439.05365215206086,69793500
2023-12-06,438.5715026855469,442.5062502524176,438.1375099737289,442.4773193670441,69124700
2023-12-07,441.91790771484375,442.5640405275411,440.04696561303206,440.6448901016337,66995400
2023-12-08,443.81781005859375,444.3482193835821,440.9342280791031,441.17532857795476,83194400
2023-12-11,445.5440979003906,445.7177126387657,443.11381530650647,443.32598493677364,65002200
2023-12-12,447.5789489746094,447.6753950554409,444.20354216398823,445.19687499100826,68327600
2023-12-13,453.75115966796875,454.0019136162734,447.59826994583597,447.95509399152206,93278000
2023-12-14,455.20745849609375,456.8662313358376,452.5456992010771,455.6800061214895,119026000
2023-12-15,454.4578857421875,455.7844980857444,452.6180987398149,454.61281921772417,141553700
2023-12-18,457.0142822265625,457.9922869448393,455.00020597615196,456.0556626634462,70375300
2023-12-19,459.7933044433594,459.87078595804843,457.47905393883144,457.5565059029809,55761800
2023-12-20,453.4218444824219,460.8197337409229,452.9957847839671,458.9412058569742,102921000
2023-12-21,457.72113037109375,457.99225657048584,453.98343038961036,456.39451800386655,86667500
2023-12-22,458.6409912109375,460.31618167604864,456.7528004658334,458.8443284649097,67160400
2023-12-26,460.57763671875,461.4781598644946,458.97023511368405,459.0477166286851,55387000
2023-12-27,461.4104309082031,461.5556718202345,459.84176995718065,460.374329818143,68000300
2023-12-28,461.584716796875,462.41745105376606,461.16834966842947,461.76869846768426,77158100
2023-12-29,460.24847412109375,461.9139723041347,458.3021571230311,461.3910754366393,122283100
2024-01-02,457.6726989746094,458.66039620914324,455.5811413344983,457.1982355112993,123623700
2024-01-03,453.9350280761719,456.25897115713644,453.3346793148978,455.5230445204575,103585900
2024-01-04,452.4728088378906,456.03618973770114,452.2500864502016,453.4604763931157,84232200
2024-01-05,453.0926513671875,455.53278743928377,451.6498461147491,452.6762546685268,86118900
2024-01-08,459.5609130859375,459.70615398593577,453.46052933115607,453.58641462800097,74879100
2024-01-09,458.86370849609375,459.88042430514423,456.41388024759897,456.9173918638988,65931400
2024-01-10,461.45880126953125,462.32061320272817,458.854039417125,459.134858193739,67310600
2024-01-11,461.2555236816406,462.9694256422812,457.2951303185307,462.4562213568548,77940700
2024-01-12,461.5749816894531,463.4341538308624,460.1709469448806,462.6982272154343,58026400
2024-01-16,459.88043212890625,461.5071892712775,458.0696933340662,460.1999916518418,85014900
2024-01-17,457.3241882324219,457.8083443440887,454.980859649715,456.8690803054333,68843900
2024-01-18,461.3910217285156,461.9429667160371,457.4500139514087,458.98962663985805,91856200
2024-01-19,467.1428527832031,467.4236715984988,461.4395092276407,462.5143215974117,110834500
2024-01-22,468.1305236816406,469.8444255597238,467.4817415348223,468.6727761250073,75844900
2024-01-23,469.4958190917969,469.7378971314764,467.5882725076425,468.6727773973201,49945300
2024-01-24,470.009033203125,473.2819033399484,469.51518456670595,472.3523319806955,81765000
2024-01-25,472.5653381347656,472.8364643322263,470.0090096373567,472.12958588323926,72525000
2024-01-26,471.9649963378906,473.6208017271318,471.122569553023,472.13928542085506,76641600
2024-01-29,475.7026672363281,475.8479376894722,471.73261132928997,472.27486373270614,61322800
2024-01-30,475.3347473144531,476.0415962445669,474.5794354978266,475.0151877688741,58618400
2024-01-31,467.5785217285156,473.58203863496095,467.55913657540736,473.136623371545,126011100
2024-02-01,473.69830322265625,473.72735140437555,468.4693941088524,469.27310972065493,91891600
2024-02-02,478.68511962890625,480.33123256171854,473.7951255169084,474.1340406811921,99228200
2024-02-05,476.9421081542969,478.7141358274664,474.69564656369516,478.0556906983339,75757100
2024-02-06,478.32684326171875,478.6560658444282,476.45797836644056,477.88139839933996,55918600
2024-02-07,482.3162536621094,482.73262076498764,479.6630584646698,480.56361115879434,70556500
2024-02-08,482.5292663574219,482.90689268947517,481.5028579516359,482.31623652505846,52343600
2024-02-09,485.3180847167969,485.7538074749057,482.6939373878326,483.0328525667237,63979400
2024-02-12,485.1050720214844,487.5452082048899,484.3885008763266,485.2890537093788,56502300
2024-02-13,478.4236145019531,481.33824328857344,475.17010013129357,478.8593667536311,113099200
2024-02-14,482.7713623046875,483.2555183461787,478.73348791641325,481.0477679790003,68387800
2024-02-15,486.1023864746094,486.28636814510776,482.9940832312684,483.4685762738627,61683000
2024-02-16,483.68157958984375,486.9350940149201,482.94565294822615,485.8021854224716,75532900
2024-02-20,481.0186767578125,482.6163856416654,478.78187841031104,481.9482480001481,71736700
2024-02-21,481.4544372558594,481.609370733512,477.92010410161913,479.7211799226085,59293400
2024-02-22,491.41839599609375,492.3770155291545,487.0803471035888,488.0389961871901,76402500
2024-02-23,491.75732421875,493.9650747069926,491.03109011668937,493.1323109036816,61321800
2024-02-26,489.95623779296875,492.62878868752523,489.83035248988597,492.19303641539864,50386700
2024-02-27,490.86639404296875,491.08911644069707,488.75548097950514,490.64370119577745,48854500
2024-02-28,490.2177429199219,490.7987065984109,488.9589193319282,489.3171901171775,56506600
2024-02-29,491.97998046875,493.5873820410347,489.33650744640795,491.9703174424767,83924800
2024-03-01,496.598876953125,497.02493667557957,492.44483898500675,492.8515431020925,76844800
2024-03-04,496.0663146972656,497.90613146747353,495.775832865413,495.80491059914067,49799300
2024-03-05,491.1084899902344,494.5169672600257,488.9104323126882,494.07152244829007,72855600
2024-03-06,493.59710693359375,495.84359816125266,492.3092648064121,494.37174481528393,68382400
2024-03-07,498.49676513671875,499.54255878511856,493.65520448812254,496.8797004283906,58652100
2024-03-08,495.5046691894531,501.7986682913954,494.9333685962926,499.12617653924883,86532500
2024-03-11,495.0786437988281,495.65963700941484,492.3867371553007,494.30400588507405,62557200
2024-03-12,500.40435791015625,500.98532153263085,494.6719076966977,497.17986205272086,73114400
2024-03-13,499.61993408203125,500.8981130648415,498.1868511775515,500.72382399005966,55104100
2024-03-14,498.6322937011719,500.74320684304695,495.60147230683197,500.5882438210127,110171800
2024-03-15,495.2084045410156,497.0247990949515,493.5474544938414,495.57751113868864,107646300
2024-03-18,498.15155029296875,500.696405939081,497.74361217385916,499.25887018669476,88893300
2024-03-19,500.91973876953125,501.2014003846193,496.46135139014376,497.46184000648276,60755300
2024-03-20,505.552978515625,505.6889776418347,500.30788231111256,500.9780959649054,69594600
2024-03-21,507.2236633300781,509.07885971572495,506.941942394898,508.37953729329536,60256100
2024-03-22,506.2620544433594,507.621867774784,506.028887689534,507.13620745255224,79070800
2024-03-25,504.8633728027344,506.00952410002293,504.70792829326916,504.8924815953154,48512100
2024-03-26,503.93084716796875,506.62142424941175,503.5326318000847,506.28142646248074,65463700
2024-03-27,508.1658630371094,508.20475380954497,504.5914097711624,506.74777267634687,82999800
2024-03-28,508.0687255859375,509.5645381212143,507.78706392547616,508.2047247122474,96294900
2024-04-01,507.18487548828125,509.34123863113086,506.02900129049334,508.8070240136888,62477500
2024-04-02,503.9600524902344,504.0959923303483,501.6676906072498,503.3772245058647,74230300
2024-04-03,504.513671875,506.00954373427334,502.8235832984241,502.8721374777498,59155800
2024-04-04,498.3555603027344,508.8458128822942,498.05445323196415,508.50587432277524,96858100
2024-04-05,503.5617370605469,505.5141009734885,499.2685165612303,499.7056226929599,74546500
2024-04-08,503.8434143066406,505.2615637846118,503.0372608598177,504.26113435269997,48401800
2024-04-09,504.42633056640625,505.81531221165,499.59883530879597,505.57248200895594,68049200
2024-04-10,499.3753662109375,501.3568389879978,497.4036161258989,498.75370676862974,82652800
2024-04-11,503.1441345214844,504.5816702204379,497.3939324409582,500.8906633299254,70099000
2024-04-12,496.19915771484375,501.026622508991,494.4799012010891,499.61819571598176,92561100
2024-04-15,489.9827575683594,500.5215638494566,489.13768362770764,500.3564559239092,92101400
2024-04-16,489.0891418457031,491.97396569301293,487.80699132637494,490.4587076764823,73484000
2024-04-17,486.1945495605469,491.7019508026377,484.805568116472,491.53681324608516,75910300
2024-04-18,485.1941223144531,489.6719263116465,484.26166270979206,487.5835926622845,74548100
2024-04-19,480.95916748046875,486.10715539894034,479.6964327690104,485.11641894359934,102212600
2024-04-22,485.388427734375,487.9721446001498,481.22145323365453,483.552617207762,67961000
2024-04-23,491.1482849121094,491.5756683731246,485.20380722643876,487.3892787074855,64633600
2024-04-24,490.9151916503906,492.81897189579723,488.7005816711836,492.0322045112339,55928100
2024-04-25,489.0502624511719,489.8078914311426,483.222338099903,484.8638724968989,69122400
2024-04-26,493.6834716796875,495.2570064811488,491.1968930428971,491.82824557353393,64306100
2024-04-29,495.4318542480469,496.1020679300017,492.70244534017297,495.4609926845512,46415400
2024-04-30,487.58355712890625,494.94615471248864,487.58355712890625,493.9748340493992,77483600
2024-05-01,486.0002746582031,493.6154247072787,485.5340300927016,487.0007337039303,80242800
2024-05-02,490.5461120605469,491.38146331084295,485.22326373492274,489.6913450667022,62550200
2024-05-03,496.6266174316406,497.8504614761827,493.9749009908093,496.5003409855499,72756700
2024-05-06,501.755126953125,501.7939584375333,498.57888938265427,499.0159955422608,47264700
2024-05-07,502.30877685546875,503.69775827546636,501.6385632333307,502.71671493011996,52561300
2024-05-08,502.35736083984375,502.8915753738944,500.3661652394486,500.48271898197925,42047200
2024-05-09,505.2518615722656,505.290752341684,501.89112996130467,502.5418982172586,43643700
2024-05-10,505.90277099609375,507.65113664632963,504.6886199494412,506.84492375163103,52233200
2024-05-13,505.9706115722656,507.6801453946088,504.8341830162767,507.57331435188917,36716400
2024-05-14,508.2921142578125,508.80694268932734,505.6307050054446,506.16491953750125,57535900
2024-05-15,514.5863647460938,514.8777491307729,510.11825347038337,510.7496357077859,59504900
2024-05-16,513.5275268554688,516.2763809484062,513.381805041238,514.6834008229457,50244800
2024-05-17,514.2657470703125,514.3337466322346,512.1968292743588,513.6440876053468,59187600
2024-05-20,514.8582153320312,516.3151962899514,513.9937257353356,514.3822777046638,37764200
2024-05-21,516.1209106445312,516.2763551432357,513.8966077662355,514.1006064390205,33437000
2024-05-22,514.6349487304688,516.1404842090901,512.4688628953678,515.4314389511925,48390000
2024-05-23,510.8760070800781,517.782085061406,509.6715192584055,517.675253981293,57211200
2024-05-24,514.256103515625,515.0623164056714,511.7695245578183,512.7116773079188,41291100
2024-05-28,514.6153564453125,515.2952927113275,511.99277901051346,515.0621852566261,36269600
2024-05-29,511.01177978515625,512.1870991360792,510.3027346685339,510.6038417042634,45190300
2024-05-30,507.6219482421875,510.1376951954115,506.37868844824237,509.4772041666412,46377600
2024-05-31,512.2454223632812,512.3716988043419,503.49381286592205,508.57386073354985,90785800
2024-06-03,512.6630859375,514.1297897725609,507.61220612199116,513.848128094292,46835700
2024-06-04,513.2361450195312,513.974358217118,509.90452222280885,511.36150323340104,34632700
2024-06-05,519.3359375,519.355382881941,513.5662911101476,515.5478229576875,47610400
2024-06-06,519.3262329101562,520.0644460332289,517.4030371414061,519.6370626085396,30808500
2024-06-07,518.6948852539062,521.4922931206179,517.26701324802,518.3548874978856,43224500
2024-06-10,520.297607421875,520.6181598447974,517.2962597313128,517.8887511155715,35686100
2024-06-11,521.5505981445312,521.6088750080388,516.7911035808329,518.7531901267605,36383400
2024-06-12,525.8341674804688,528.5150221365492,524.8045698950608,526.0964430443454,63251300
2024-06-13,526.8930053710938,527.747772459327,524.1150419766954,527.5729418210138,44760900
2024-06-14,527.2134399414062,527.2425487322553,524.3674183253244,525.367907030757,40089900
2024-06-17,531.4095458984375,532.7985867082562,526.0770045940598,526.533556163689,55839500
2024-06-18,532.7597045898438,532.8859810291509,531.0501705974204,531.4678314025467,41376400
2024-06-20,531.3123779296875,534.3428935144076,529.5445672911499,533.6824026084769,70328200
2024-06-21,530.6000366210938,531.7109286219036,529.1481094595256,530.4928609392509,64338600
2024-06-24,528.8753051757812,532.9777790963483,528.7583754205319,530.4247136467889,45528700
2024-06-25,530.9119262695312,531.2724695843536,528.5829663352164,530.0933585291979,37936200
2024-06-26,531.5745239257812,532.2858564645144,529.1578965249615,529.8010101320955,38550600
2024-06-27,532.41259765625,532.9875518697215,530.6975485510812,531.4381433443106,35041500
2024-06-28,530.3175659179688,536.2228169116169,529.0800492248655,533.182464345906,76144500
2024-07-01,531.408935546875,531.9351194589271,528.6609672764391,531.6915058832783,40297800
2024-07-02,534.985107421875,534.985107421875,529.7620472078919,529.8107580224772,40434800
2024-07-03,537.3726196289062,537.7331629819162,534.6344052723863,534.6733620352073,32789900
2024-07-05,540.4712524414062,540.8707524649171,537.041154874647,537.6745738489498,41488400
2024-07-08,541.0950317382812,542.0402238948535,540.0328503436032,541.250918262468,36110500
2024-07-09,541.6212768554688,542.9465206266746,541.3289524171115,542.0500391903859,27289700
2024-07-10,546.9807739257812,547.3218091897188,542.5470181146983,542.8393425517846,38701200
2024-07-11,542.2642211914062,547.964813600151,541.6308616855196,547.0975351406863,53054200
2024-07-12,545.6846313476562,549.270615886068,542.9172145567801,543.3849335691044,53084400
2024-07-15,547.185302734375,550.4107438001307,545.3338159394242,547.6725298408394,40584300
2024-07-16,550.43017578125,550.7225001410881,547.7406727188134,548.4910214723672,36475300
2024-07-17,542.7125244140625,546.191333044454,542.3909378748594,544.5249949514538,57119000
2024-07-18,538.5418701171875,545.2266716040288,536.3688561297039,544.2424632762184,56270400
2024-07-19,534.9656372070312,539.9256355832753,533.9132099479913,538.3080081974957,65509100
2024-07-22,540.4810791015625,541.0852359846874,536.9438053796708,538.8732057821688,43346700
2024-07-23,539.6333618164062,542.517708645555,539.1461346384042,540.3738971671513,34439600
2024-07-24,527.4039306640625,535.1411009025868,526.4879411580819,534.8390224206132,74515300
2024-07-25,524.6559448242188,533.474804346627,523.7205067049787,527.5208430163394,61158300
2024-07-26,530.5318603515625,533.2116094688655,527.6572084941715,528.427065396124,53763800
2024-07-29,530.84375,533.0752290029756,528.8558251034021,532.0715719711993,39515800
2024-07-30,528.1541748046875,533.3577863863941,524.7630932312389,532.305359200303,46853600
2024-07-31,536.7391357421875,539.3604200179711,533.5916675899294,534.9558678357408,65663400
2024-08-01,529.138427734375,540.6954412129795,525.6498647611072,538.4542082657176,76428700
2024-08-02,519.2866821289062,523.2721666167066,515.0964813658185,522.063852889589,82789100
2024-08-05,504.1631774902344,510.2048061292907,497.23479185731094,498.5698192467497,146267400
2024-08-06,508.8113708496094,516.2172002386701,504.64067761587216,505.95616721920055,84826300
2024-08-07,505.4103698730469,518.0101145360155,504.81596710801136,514.9697628304073,70698300
2024-08-08,517.0941772460938,517.7177827712244,508.5092375881122,510.52630556896884,63276600
2024-08-09,519.3743896484375,520.8555792219031,515.05756422153,516.2756321007693,45619600
2024-08-12,519.6472778320312,522.044397411093,517.3865366569688,520.5632672781688,42542100
2024-08-13,528.1931762695312,528.4270952564345,522.5803695792055,522.8239831490899,52333100
2024-08-14,529.8595581054688,531.0386692920978,526.3222840215557,528.9825253913183,42446900
2024-08-15,538.94140625,539.22397656437,534.8584406614526,535.4625975238755,60846800
2024-08-16,540.1497802734375,540.8416642629177,537.1777064456791,537.3335929699142,44430700
2024-08-19,545.3143310546875,545.3143310546875,539.7112190916396,540.5589895349276,39121800
2024-08-20,544.4275512695312,546.5128974468605,543.0925538279611,544.8660675368706,33732300
2024-08-21,546.2985229492188,547.7504502285475,540.5589732888145,545.4702606482219,41514600
2024-08-22,542.0109252929688,548.79314842079,540.8026115148097,548.1889915317105,56121500
2024-08-23,547.77001953125,548.7055171032431,543.053634385247,545.236462053231,50639400
2024-08-26,546.4641723632812,549.504464836925,544.7686315002069,548.7931322733509,35788600
2024-08-27,547.214599609375,547.7018267996916,544.0573769322793,545.1974719043471,32693900
2024-08-28,544.0377807617188,547.3022380940843,540.8610504788411,546.8734758569603,41066000
2024-08-29,544.08642578125,549.2802828145968,542.9463311315743,545.9963772385526,38715200
2024-08-30,549.2803955078125,549.7871307787254,542.9074857644326,546.4447596496766,62700100
2024-09-03,537.9766845703125,546.4836505961764,535.4723301709399,546.1523100029519,60600100
2024-09-04,536.8756103515625,540.2666922950722,535.4236829556569,536.1447696240151,47224900
2024-09-05,535.5697631835938,539.652728695669,533.1238736044508,536.8170931187602,44264300
2024-09-06,526.55615234375,537.5090100138885,525.6596709710985,535.8914419191495,68493800
2024-09-09,532.45166015625,533.7184985941279,528.8169638832173,530.7366701864748,40445800
2024-09-10,534.770751953125,535.1216007015946,529.4989803786028,534.3517437427556,36394600
2024-09-11,540.2569580078125,541.1729474655668,526.1663863296421,534.683107736862,75248600
2024-09-12,544.8076171875,545.1096956062142,538.6197974189213,540.8318274541291,51819600
2024-09-13,547.653076171875,548.6470386001909,545.1584755178029,545.4118431545087,39310500
2024-09-16,548.4618530273438,548.7249152296453,545.5969551700833,547.389917673041,36656100
2024-09-17,548.6859130859375,552.1062567166426,546.4641290442629,550.6640241107275,49321000
2024-09-18,547.0587158203125,554.1624668793891,546.5032696834501,549.3389057758787,59044900
2024-09-19,556.3939819335938,558.245469176007,553.5680997187276,556.4232441155169,75315500
2024-09-20,555.4320678710938,556.46815521981,552.4215262762143,555.0313424308147,77503100
2024-09-23,556.820068359375,557.4652143001452,555.2854753286341,556.4975550473902,44116900
2024-09-24,558.413330078125,558.4719742881841,554.796778035406,557.6118194350487,46805700
2024-09-25,557.1817626953125,558.9900686130115,556.0772469828556,558.2569861308538,38428600
2024-09-26,559.3907470703125,561.7464186568862,557.0449191197562,561.4238456875147,48336000
2024-09-27,558.5794067382812,561.2673753932927,557.5531033653197,560.4561405350975,42100900
2024-09-30,560.8178100585938,561.4238200592039,555.2659399397932,557.5531235786384,63557400
2024-10-01,555.793701171875,561.1109941219235,553.232804974523,560.465907913519,72668800
2024-10-02,556.0282592773438,557.0448382675937,552.519272009238,554.9042355240985,38097800
2024-10-03,555.01171875,556.9470368946191,552.7342597435006,554.5620734708386,40846500
2024-10-04,560.0552978515625,560.4267309820088,555.28537101062,559.4395039594219,42939100
2024-10-07,554.9921875,559.0583842578297,553.8485957624074,558.4132383947003,49964700
2024-10-08,560.2410888671875,560.8373745453375,556.683241044493,557.553120131347,37398700
2024-10-09,564.1216430664062,564.6787929089692,559.6351520491386,560.231378146855,37912200
2024-10-10,563.1343383789062,564.5516429072721,561.5313172618801,562.7824731556751,44138100
2024-10-11,566.5065307617188,567.2396131412746,562.9192713637127,563.0561277259117,42268000
2024-10-14,571.1395874023438,572.0681703246292,567.6305402513053,568.1094778484854,36217200
2024-10-15,566.7020874023438,571.7065921692961,565.4900076351577,571.4035871421002,54203600
2024-10-16,569.1651611328125,569.6832346627543,565.9005342666823,566.7020448464575,30725400
2024-10-17,569.2140502929688,572.8990304200946,569.0283336899422,572.6937458614649,34393700
2024-10-18,571.403564453125,572.1855071059618,569.4388940141822,570.8952748825009,37416800
2024-10-21,570.4652099609375,571.6576620923939,567.5035282712228,570.6802188403536,36439000
2024-10-22,570.162109375,571.3154850600835,567.2884243093201,567.9432944740728,34183800
2024-10-23,564.9523315429688,568.5884509212708,561.462852493989,568.1485895916966,49314600
2024-10-24,566.1742553710938,566.975766047179,563.5644984283806,566.8975538777448,34979900
2024-10-25,565.9786376953125,571.27642231265,565.0403304898274,568.39295320261,47268200
2024-10-28,567.7283935546875,569.5659916825215,567.4253885260767,569.4389192842264,30174700
2024-10-29,568.6471557617188,569.7613956814984,565.382469188388,566.7704218431865,42899700
2024-10-30,566.9268188476562,570.1621533327376,566.2230287475197,568.1779150746601,41435800
2024-10-31,555.8132934570312,562.6456116079135,555.6177928931281,562.5771834276276,60182500
2024-11-01,558.1591796875,562.5674583510357,557.7486702212007,558.4328924373011,45667500
2024-11-04,556.9569091796875,559.5862337823984,555.0802349340614,558.2960015952809,38217000
2024-11-05,563.6914672851562,563.7305435334926,557.6508758763042,557.8658847297456,39478300
2024-11-06,577.7080078125,578.57794657906,572.1854895240832,575.9095457320777,68182000
2024-11-07,582.1749877929688,583.191567003201,579.6238751058823,579.7020872739936,47233200
2024-11-08,584.69677734375,586.1140819812399,582.722322897382,582.722322897382,46444900
2024-11-11,585.2539672851562,586.6321361059588,583.5336575099662,586.2802708315078,37586800
2024-11-12,583.4358520507812,585.7718958867575,580.9628921945897,585.175669871058,43006100
2024-11-13,583.7192993164062,585.7132619411553,581.5396200997641,583.8952319310844,47388600
2024-11-14,579.9658813476562,584.3252993650702,579.2817188550297,583.846361756873,38904100
2024-11-15,572.537353515625,576.886987680586,570.689971552463,576.4177743775998,75988800
2024-11-18,574.8832397460938,576.1929802203847,572.1366267509276,572.9967218779136,37001700
2024-11-19,576.9846801757812,577.7079785622685,570.8561521859538,571.5208063697094,49412000
2024-11-20,577.1801147460938,577.4635517504902,571.4425288776818,577.0628263540408,50032600
2024-11-21,580.2786865234375,581.6959910919024,574.1990184692589,580.014817427747,46750300
2024-11-22,582.0772094726562,582.7027874385594,579.7704578390868,580.2689037579424,38226400
2024-11-25,584.0516357421875,587.3064784870423,581.7741764917598,585.9967380709614,42441400
2024-11-26,587.101318359375,587.7659726175935,584.5794980426031,585.2930125321725,45621300
2024-11-27,585.3223266601562,587.2967213513849,583.807301635719,586.9155638447446,34000200
2024-11-29,588.9583740234375,589.7403166328984,585.8598958585202,586.1335489255529,30177400
2024-12-02,590.0140991210938,590.6885373789082,588.8802314936704,589.3689531396692,31746000
2024-12-03,590.2877197265625,590.5320805361104,588.7531863419945,589.7794898104154,26906600
2024-12-04,593.9531860351562,594.1975468669885,591.3043527994741,591.9690071030493,42787600
2024-12-05,592.9757080078125,594.7546619184587,592.6238427485821,593.9531512779432,28762200
2024-12-06,594.0997924804688,595.3313805479372,593.3276337729875,593.738143242676,31241500
2024-12-09,591.0404052734375,594.1486677967985,590.4539631589937,593.9825191407734,34742700
2024-12-10,589.2027587890625,592.1350884376395,588.5478885385655,591.7147950136848,37234500
2024-12-11,593.7577514648438,594.705842866487,591.8419410457041,592.1156538163269,28677700
2024-12-12,590.6983032226562,593.4644247000379,590.6983032226562,592.8975505621333,31543800
2024-12-13,590.5809326171875,593.4350498406591,589.2124883774769,592.7215354493896,35904700
2024-12-16,593.1027221679688,594.0704410234347,591.5584049068509,592.3305635374098,43695200
2024-12-17,590.6591796875,591.5193345487469,589.2907948870824,590.5614592226143,55773500
2024-12-18,573.0553588867188,592.7312332463192,572.6741417666346,590.3560537155035,108248700
2024-12-19,572.87939453125,579.6237759904493,572.635033748792,578.0207549395101,85919500
2024-12-20,579.7603149414062,584.27166262691,569.7175591199479,570.561034960996,125716700
2024-12-23,583.2321166992188,583.8303494697157,576.337534899556,579.5053432293004,57635800
2024-12-24,589.7147216796875,589.7539893082886,583.997031715741,584.5756905048978,33160100
2024-12-26,589.7539672851562,590.8719573339298,586.5567683514358,587.9493923534018,41219100
2024-12-27,583.5458984375,586.2625477535164,579.3777835694219,586.0271215733671,64969300
2024-12-30,576.88671875,580.338917958557,573.150128529516,576.5631199685903,56578800
2024-12-31,574.7879028320312,579.2600420573847,573.1598528440621,578.5440664008621,57052700
2025-01-02,573.375732421875,579.740679758371,569.3154835989945,578.0342139844852,50204000
2025-01-03,580.5448608398438,581.1823013188991,575.1311959956543,576.2100381173573,37888500
2025-01-06,583.8892211914062,588.1456290168214,582.1631214255088,584.7817217986171,47679400
2025-01-07,577.2889404296875,586.2332216831945,575.4746081038332,585.9095629934586,60393100
2025-01-08,578.1322631835938,579.2012884483527,573.92494033326,577.3575056942733,47304700
2025-01-10,569.3056030273438,574.6604259424307,567.4029789022777,574.5917674597674,73105000
2025-01-13,570.1883544921875,570.5414039943755,564.2646890570356,564.6766400021115,47910100
2025-01-14,570.972900390625,573.7287574980859,567.2068596443902,573.101074063849,48420600
2025-01-15,581.3589477539062,582.4965717179379,577.8479067851994,578.9561398854404,56900200
2025-01-16,580.2408447265625,582.8985926554029,579.5445027973688,582.7220679112103,43319700
2025-01-17,586.0664672851562,587.8121409710091,584.1343920679883,585.4584175885924,58070600
2025-01-21,591.430908203125,591.440725108679,587.1352937130949,589.0967593301249,42532900
2025-01-22,594.7557373046875,596.1091536661693,593.6965288784859,594.2457369774064,48196000
2025-01-23,598.0020141601562,598.0020141601562,593.8535322574573,594.1281064016291,41152100
2025-01-24,596.2561645507812,599.0120815203885,595.1087237951253,598.0607394613536,34604700
2025-01-27,587.8218994140625,588.1357411390088,583.1830517473746,583.3497595871564,70361100
2025-01-28,592.8726806640625,593.7062796977629,585.7427332202798,589.0477983536082,44433300
2025-01-29,590.21484375,592.4901511824414,587.6747192887742,592.0880171861997,37177400
2025-01-30,593.3826293945312,594.9125703683252,589.1458559611356,592.3234809305729,39281300
2025-01-31,590.2247314453125,598.2079122989969,589.4695478929073,595.7952876097377,66566900
2025-02-03,586.2527465820312,588.7241528776601,579.1129820721995,581.2509726905776,65857200
2025-02-04,590.1854248046875,590.6953651665444,585.7721271172848,586.3115181961311,33457800
2025-02-05,592.5784301757812,592.7255640609287,587.0471418694162,589.0674493379312,30653100
2025-02-06,594.6380004882812,594.7655005585997,591.0190935628144,594.3143418590737,35771500
2025-02-07,589.1950073242188,596.4131881290857,588.4888484089631,595.1970887375172,50788500
2025-02-10,593.1962890625,593.8337894109928,591.1269569453736,592.3921407355843,26048700
2025-02-11,593.6473999023438,594.1867909987916,590.8228845015021,590.9405676549386,30056700
2025-02-12,591.7350463867188,592.9021210468912,586.9785152974936,587.6552234594287,45076100
2025-02-13,597.9823608398438,598.1883363356536,591.5782049635822,592.8335121773658,40921300
2025-02-14,597.952880859375,599.2180047928703,597.3350143232245,598.1882471856823,26910400
2025-02-18,599.7084350585938,599.7084350585938,596.6583696805393,599.110202272389,26749000
2025-02-19,601.1206665039062,601.4148744301086,597.8156011046507,598.3256014161959,31011100
2025-02-20,598.6197509765625,599.8946917719264,595.3245028060013,599.7573748000233,36554000
2025-02-21,588.3810424804688,598.5414234459472,587.9200667778262,598.4041064401217,76519800
2025-02-24,585.7034912109375,591.4113636230724,584.9973324269623,590.4208138598086,50737200
2025-02-25,582.790771484375,586.3704708973501,578.2009482027341,585.6447380509082,58266500
2025-02-26,583.0848999023438,588.0278318848362,580.4565429896904,584.4481329600031,43321600
2025-02-27,573.77783203125,586.4979702201956,573.3855747451564,585.3504695068715,74196700
2025-02-28,582.7318725585938,583.2614467800305,571.2180777869312,574.2779596736045,88744100
2025-03-03,572.5223999023438,585.8309510440972,568.726968794248,584.6932674866979,74249200
2025-03-04,565.7455444335938,574.1112244792533,561.2243803057662,568.5406690059347,109648200
2025-03-05,571.826171875,573.611113090913,562.0384758390375,565.5789075488999,71230500
2025-03-06,561.675537109375,568.991765926103,559.1354126670572,564.3921264239905,80094900
2025-03-07,564.82373046875,566.2654391000913,554.7320094861279,559.9004915315724,81158800
2025-03-10,549.779296875,558.5666258451241,544.8854490052353,556.6542444695278,99326600
2025-03-11,545.208984375,553.1529563050404,541.3841622094388,548.6219753669684,88102100
2025-03-12,548.1021728515625,552.2604706321457,543.0219837811946,551.3385793423611,69588200
2025-03-13,540.7957153320312,548.3375536768395,539.0892496749408,547.7295040716507,74079400
2025-03-14,551.96630859375,552.9666753566005,540.8644044287432,545.3953858640715,62660300
2025-03-17,556.2227172851562,558.7333912461695,551.5151512314662,551.9466761244148,49008700
2025-03-18,550.2108154296875,554.1337472059147,548.2885573100283,553.9179548314441,66041400
2025-03-19,556.2030639648438,559.9494708906026,550.8090329217521,551.9859243939003,66556000
2025-03-20,554.5946655273438,559.5768056668136,551.7603329396793,552.4763086964069,62958200
2025-03-21,554.7776489257812,555.6728342872004,548.9247817378139,550.1543857754978,83763000
2025-03-24,564.712890625,565.7654388953832,560.8961948547495,561.4863807824129,58766800
2025-03-25,566.0703125,567.0047634369732,564.329174156886,565.9128895780813,38355700
2025-03-26,559.3124389648438,566.926137079624,557.9352585138073,565.8047238585734,51848300
2025-03-27,557.8271484375,561.5848258877031,555.7220517439531,557.925492752828,42164200
2025-03-28,546.5933227539062,557.0302460332103,546.0129833491962,556.3023301483869,71662700
2025-03-31,550.2625122070312,551.5609811237723,537.9467803924824,540.8585040275307,95328200
2025-04-01,551.8167724609375,553.7546597137996,544.6457430717568,548.3542481941281,54609600
2025-04-02,555.308837890625,558.1614830372098,545.7572527723408,545.9933271249679,76014500
2025-04-03,527.9427490234375,539.0288170958798,527.9427490234375,536.2154977474014,125986000
2025-04-04,497.03546142578125,517.2894955361414,496.81904991432106,515.1253804215398,217965100
2025-04-07,496.150146484375,514.6335325434056,473.93856260259804,481.20799599577117,256611400
2025-04-08,488.3790283203125,516.413968489066,481.1784603514281,513.344881818952,165816600
2025-04-09,539.6682739257812,539.6682739257812,485.00499114058437,485.3886419991045,241867300
2025-04-10,516.0205688476562,524.7950065034121,501.0095530572283,523.4866909882965,162331200
2025-04-11,525.2277221679688,527.677083319112,511.58404327413893,514.476073798931,97866300
2025-04-14,530.3233032226562,535.3991423599505,525.1491197771261,535.1728543881914,68034000
2025-04-15,528.837890625,534.3661851955569,528.0509561027874,530.8642755383438,56892900
2025-04-16,517.0828857421875,529.1133721339063,511.80051174858437,523.0046778330362,83484800
2025-04-17,517.8206176757812,522.5029590498531,515.3614098145464,519.0305887702018,79868100
2025-04-21,505.4951171875,513.1875268574667,500.16354114488826,512.6562995153043,69368100
2025-04-22,518.64697265625,520.6635112296127,510.71848838241135,511.6529994400941,75948100
2025-04-23,526.68359375,536.5302712837308,525.1687433752924,531.6118557355538,90590700
2025-04-24,537.769775390625,538.4976913582739,526.7131857388315,527.9624225863133,64150400
2025-04-25,541.6552124023438,542.0584960082803,534.8186036596938,537.7303269047587,61119600
2025-04-28,541.86181640625,544.5177728075638,536.1269871108482,542.393043710064,47613800
2025-04-29,545.2753295898438,546.3868965128709,539.5994577828174,539.9535693584907,47775100
2025-04-30,545.4915771484375,547.4393104148963,532.6840646590654,538.6353351060674,93101500
2025-05-01,549.357421875,554.8660827555418,548.7573896482108,551.2264436100357,63186100
2025-05-02,557.5122680664062,559.105829955879,553.203731094349,555.5153624660799,60717300
2025-05-05,554.3153076171875,557.4040871519024,552.5348434974896,553.390643044351,38659200
2025-05-06,549.6821899414062,554.1579367361115,547.8722463773032,548.8263903141681,48264700
2025-05-07,551.993896484375,554.6203140304898,546.9672292946763,551.0102132045591,55588000
2025-05-08,555.8400268554688,561.0043636579312,552.5348657113146,556.0170826268422,65130800
2025-05-09,555.1317749023438,558.2401872369107,553.577538715433,557.2368112120467,37603400
2025-05-12,573.4775390625,573.4873855021532,567.6246111991788,571.9823211776136,78993600
2025-05-13,577.2647094726562,579.4681503640297,573.3299764411289,573.8906230635715,67947200
2025-05-14,578.0025024414062,579.3697766122316,575.9859036248392,578.2188839507223,66283500
2025-05-15,580.8256225585938,581.3272505737436,575.553034807254,576.0055507079343,71268100
2025-05-16,584.504638671875,584.799731658972,579.6649335656915,581.6027608803485,76052100
2025-05-19,585.1438598632812,585.8226035943907,578.5039990308309,578.5039990308309,68168500
2025-05-20,583.176513671875,584.3569454237166,579.9795435318993,583.4126480536456,60614500
2025-05-21,573.3495483398438,582.910979810613,572.3265394745135,578.8385171464103,95197700
2025-05-22,573.5758666992188,577.0482371941405,571.9232260794693,573.1528300863163,70860400
2025-05-23,569.6607666015625,572.3167232636762,566.2080289447406,566.5818333658885,76029000
2025-05-27,581.50439453125,581.6617574386509,568.9919119990551,576.507266661779,72588500
2025-05-28,578.1400756835938,583.0978771602481,577.412159762467,581.9075989404909,68445500
2025-05-29,580.4223022460938,583.5209285665185,576.5072620387259,583.383198499108,69973300
2025-05-30,579.7730102539062,581.4846092815853,573.7233350319688,579.3204944032111,90601200
2025-06-02,583.0388793945312,583.1175308206884,575.51367904973,578.1696356443219,61630500
2025-06-03,586.3636474609375,587.3374840604879,582.1927809545153,582.6748360752176,63606200
2025-06-04,586.206298828125,588.1933580255613,585.77347583579,587.2195213026215,57314200
2025-06-05,583.3733520507812,589.2262795230108,581.4059855081334,587.8786382444381,92278700
2025-06-06,589.3639526367188,591.0263796061765,587.1211261759919,588.8917438854173,66588700
2025-06-09,589.8951416015625,591.4395314497265,588.7245561772476,589.9344673159251,53016400
2025-06-10,593.2396850585938,593.6232758793388,589.3147986704665,590.426305457828,66247000
2025-06-11,591.5477294921875,595.1873694307895,589.491865174911,594.3315698285918,73658200
2025-06-12,593.8987426757812,593.8987426757812,589.7377818775473,590.2197770479303,64129000
2025-06-13,587.2589111328125,592.0297509680191,585.7636933525403,588.7344360351562,89506000
2025-06-16,592.84619140625,594.5873299052357,590.4263090889528,590.6034249017806,79984100
2025-06-17,587.7802734375,591.9313878788944,587.0228181324287,590.4165373080118,82209400
2025-06-18,587.6917114257812,591.4100028153547,586.7375074721152,588.675394655937,76605000
2025-06-20,586.3115234375,591.4220592916591,584.910520395366,590.3565237964918,94051400
2025-06-23,592.102783203125,592.4875080391681,583.9535295622766,587.0612559769497,87426000
2025-06-24,598.643798828125,599.6993983536543,595.3189312980566,596.2266384998721,67735300
2025-06-25,598.9791870117188,600.4491981238863,597.4203562047107,599.7585723068516,62114800
2025-06-26,603.6655883789062,604.0996909412141,600.2125189749694,600.8242007377552,78548400
2025-06-27,606.664794921875,608.1249909093486,602.6395460052738,604.6620460106875,86258400
2025-06-30,609.5653076171875,610.9169326524568,606.7929889413094,609.1016386885779,92502500
2025-07-01,609.3680419921875,610.5322123119217,607.2665980456669,608.0953008822769,70030100
2025-07-02,612.1305541992188,612.1699961712587,608.3420172970813,608.9635746030316,66510400
2025-07-03,616.9550170898438,617.8824153010514,614.0840027457131,614.1037538406599,51065800
2025-07-07,612.357421875,615.6625385416997,609.5851029977032,615.0014790783108,74814500
2025-07-08,612.0220336914062,613.7682592313246,611.2130216520668,613.0184402574613,59024600
2025-07-09,615.692138671875,616.3432624074327,612.5843521193799,614.4194576258184,66113300
2025-07-10,617.4285278320312,618.4644365752275,614.6562088976586,615.8302548644143,57529000
2025-07-11,615.258056640625,616.4814202079069,613.196114561925,614.389851486408,63670200
2025-07-14,616.4320678710938,616.7773507170579,613.4624186155016,614.804168244691,51898500
2025-07-15,613.7979125976562,619.4411858079188,613.7189684346675,619.1057784945341,74317300
2025-07-16,615.8499145507812,616.3530856848711,609.7626638597798,615.3763700559891,88987500
2025-07-17,619.6187133789062,619.9739319743786,615.8104858123922,616.0275671883336,68885700
2025-07-18,619.1649169921875,621.0295285799061,618.0599396747441,620.8618249379944,65621600
2025-07-21,620.3389892578125,623.0718060276608,619.9147622533486,620.3389892578125,63375000
2025-07-22,620.4277954101562,621.2861250306559,617.7936134788556,620.6645676893623,60046300
2025-07-23,625.7059936523438,625.7059936523438,621.2860243619085,623.0816274772815,70511000
2025-07-24,625.9132080078125,627.6200518287297,625.488980993582,626.0907872079496,71307100
2025-07-25,628.5572509765625,629.0308557161836,626.3276053702117,626.5742531786653,56865400
2025-07-28,628.3994140625,629.4846403177779,627.0181622678288,628.9321516432593,54917100
2025-07-29,626.7420043945312,630.1062542617998,625.8343572512257,629.7905378170077,60556300
2025-07-30,625.9526977539062,629.129492632239,623.0718079865017,627.3930824208583,80418900
2025-07-31,623.6046142578125,631.2703873241156,622.3121821287813,630.8856625012866,103385200
2025-08-01,613.3834228515625,617.9415293786636,610.9860135753424,617.9020271938194,140103600
2025-08-04,622.7068481445312,622.7561656688878,617.1918361961605,617.2805956966507,73218000
2025-08-05,619.5496826171875,624.1274805006751,618.6321599743907,623.3184684441039,68051400
2025-08-06,624.2952270507812,624.9463507668227,619.7075537473198,620.615200817688,64357500
2025-08-07,623.7722778320312,628.4388348760696,620.6743670535704,627.7087670325432,74205800
2025-08-08,628.6361694335938,629.0998986072367,625.2422933193634,625.5580097272857,64051600
2025-08-11,627.3931274414062,630.3825280073482,626.1500127592028,628.912516593768,58742300
2025-08-12,634.0723266601562,634.2301547632397,628.2514142554742,629.7313011159781,64730800
2025-08-13,636.2428588867188,637.5254154950222,634.0624705008762,636.2625497647373,60092800
2025-08-14,636.3020629882812,636.9630622902898,633.7270741796365,634.1709920856589,59327500
2025-08-15,634.8123168945312,637.4268079608856,633.9046697471923,637.328112699525,68592500
2025-08-18,634.6741333007812,635.3647592128409,633.5691559281859,634.2400307460651,43804900
2025-08-19,631.2308959960938,635.4732259966958,629.9187128752989,634.4965103700933,69750700
2025-08-20,629.5537719726562,631.0829764734092,624.4629872631401,630.8265133126017,88890300
2025-08-21,627.028076171875,629.4156102095885,625.3114169787772,627.7483287539096,54805800
2025-08-22,636.6572265625,637.831272612948,628.7053031285401,629.2084743239826,84083200
2025-08-25,633.8552856445312,636.6374803454853,633.736899505491,635.404241216521,51274300
2025-08-26,636.5091552734375,636.85449832521,632.9673265691392,633.5888838455812,51581600
2025-08-27,637.9595336914062,638.6896016147832,635.7791452521487,635.9271580330511,48341100
2025-08-28,640.21875,640.7712386679527,636.6867968305069,638.5612839961418,61519500
2025-08-29,636.400634765625,639.1532627231435,634.5162720889837,638.7881685836082,74522200
2025-09-02,631.684814453125,631.9018356294255,626.4065150056712,628.9519373540064,81983500
2025-09-03,635.108154296875,635.5718834333111,631.8721667546157,634.0524945785448,70820900
2025-09-04,640.4160766601562,640.4457033002755,634.8813144651941,635.7790859642552,65219200
2025-09-05,638.5612182617188,643.4646073746923,634.7036735299132,642.7443549194211,85178900
2025-09-08,640.1300048828125,641.1264716601992,638.5514227841185,639.922799046398,63133100
2025-09-09,641.60986328125,642.1327252974712,638.5415189260096,640.2680535026645,66133900
2025-09-10,643.4646606445312,645.7732503039375,641.9058297062181,644.8557277247635,78034500
2025-09-11,648.81201171875,649.502637640468,644.8262047273438,645.4082598463015,69934400
2025-09-12,648.5949096679688,650.2721267910674,648.0917987261137,648.7823644090812,72780100
2025-09-15,652.0479736328125,652.1762353081463,650.499078415473,650.7950437367242,63772400
2025-09-16,651.1502075195312,652.9063688014267,650.3708221309846,652.6004677140577,61169000
2025-09-17,650.3411865234375,652.8471065185831,645.5266166017295,651.1600740883537,101952200
2025-09-18,653.3799438476562,655.9746837040749,651.4166368558095,653.0149098952402,90459200
2025-09-19,656.6160278320312,657.4569312262267,653.3215535907623,655.2606553211801,97945600
2025-09-22,659.7224731445312,660.1676217378205,655.1022751701781,655.131983947701,69452200
2025-09-23,656.1312866210938,660.2172101260659,654.914373896894,659.6037721086419,81708900
2025-09-24,654.043701171875,657.5162467217733,652.6289715744526,657.4173382288552,68082200
2025-09-25,651.0263061523438,652.3717757310584,647.4251431178142,650.91749472694,89622100
2025-09-26,654.756103515625,655.3002210405111,650.8581544995363,652.4707616041429,69179200
2025-09-29,656.5962524414062,658.1792111877495,654.7956708332731,657.2689872647139,73499000
2025-09-30,659.0695190429688,659.5345338964465,654.5482897020846,655.8542079251938,86288000
2025-10-01,661.3153686523438,662.2255322042525,655.9828838603935,656.0916952927918,72545400
2025-10-02,662.0769653320312,663.4125921637317,659.6630669539827,663.2938778298502,56896000
2025-10-03,662.0671997070312,665.5001336306916,661.0283585893458,662.838842966907,70494400
2025-10-06,664.4415893554688,665.3320074034157,662.314573504463,664.4514922823549,54623300
2025-10-07,661.9781494140625,665.8068381763353,660.5436138980969,665.3616291701808,72020100
2025-10-08,665.925537109375,666.0245059882836,662.2749199573431,663.0960778489103,60702200
2025-10-09,663.9963989257812,666.7467557943302,662.0672604073742,666.3411584665431,66501900
2025-10-10,646.0499877929688,666.7565834688588,645.8719162752307,664.9560020556908,159422600
2025-10-13,655.9630126953125,658.030731623523,652.7279561413051,653.5985682812151,79560500
2025-10-14,655.1616821289062,658.7232938317348,646.1983862715207,650.1556923521978,88779600
2025-10-15,658.0702514648438,663.0762408380068,651.8968641380318,659.7026642450096,81702600
2025-10-16,653.5886840820312,661.5725563129243,650.0963324960569,659.7027147054259,110563300
2025-10-17,657.2986450195312,658.6540174880462,651.1153544209424,652.4608239631079,96500900
2025-10-20,664.1348266601562,665.035147534835,660.1478725090891,660.1973267543179,60493400
2025-10-21,664.1249389648438,665.8068060270512,662.8289237149189,664.2733620876278,56249000
2025-10-22,660.6721801757812,664.8273632729761,656.2202112252926,664.8273632729761,80564000
2025-10-23,664.5899658203125,665.5298380529869,660.6722112216523,660.988802941274,65604500
2025-10-24,670.0213623046875,671.2283116328227,668.4384640813665,669.2398161192735,74356500
2025-10-27,677.926025390625,678.2228112394536,674.8393317954225,675.442806418656,63339800
2025-10-28,679.7266845703125,681.5569145007897,677.5205057270293,679.716781643602,61738100
2025-10-29,680.0531616210938,682.338503435176,675.5813864900747,681.3689223981395,85657100
2025-10-30,672.5738525390625,678.6186229721906,672.5738525390625,676.600418646911,76335800
2025-10-31,674.780029296875,677.7678146457715,671.9901213244605,677.7282029402567,87164100
2025-11-03,676.04638671875,678.4800912258883,672.6826525168186,678.3514739521635,57315000
2025-11-04,668.0328369140625,672.7024895383894,667.3799079726423,668.8935461650569,78427000
2025-11-05,670.347900390625,673.592860073814,666.9742630415905,667.7756151314246,74402400
2025-11-06,663.1554565429688,670.150002278421,661.5824008089137,669.2496813312496,85035300
2025-11-07,663.808349609375,663.9172214121945,654.1525740278607,660.781013040124,100592400
2025-11-10,674.1666259765625,674.8987178962867,667.8250699305912,670.011442763763,75842900
2025-11-11,675.7099609375,676.2738842563608,671.485517700804,672.6925273614432,58953400
2025-11-12,676.0859375,677.6490902522322,673.6818813898049,677.4808612736824,62312500
2025-11-13,664.866943359375,673.5928101259233,663.3632081763918,673.2366670865612,103457800
2025-11-14,664.7581787109375,668.448347404196,656.1906373926532,658.2781019123212,96846700
2025-11-17,658.56494140625,666.5191649555097,655.1022987242936,662.5519561070769,90456100
2025-11-18,653.03466796875,658.0208519047019,648.8596786437042,655.0330664835586,114467500
2025-11-19,655.5574340820312,660.2171837101976,651.7188423695233,653.7272041810384,94703000
2025-11-20,645.5652465820312,668.3494043558474,644.9320631333248,665.7276649913678,165293500
2025-11-21,651.995849609375,657.4568906385811,643.9031059831046,648.0582892153691,123956200
2025-11-24,661.59228515625,662.9081062970187,654.5285399004904,655.6167748873626,80437900
2025-11-25,667.815185546875,668.9924864834618,657.3876457131933,661.4933747936815,81077100
2025-11-26,672.4254150390625,674.4238738525114,669.4969869185696,670.3973078307199,71879600
2025-11-28,676.0958251953125,676.3728052050843,673.2366572287348,673.5928002628821,49212000
2025-12-01,673.0091552734375,675.7000943604489,671.4954567492206,671.5647168500374,61201200
2025-12-02,674.2556762695312,676.5212120744054,672.0791460292079,674.6414676887413,62953800
2025-12-03,676.5905151367188,677.5995871066391,672.4353317565424,673.3059439079583,57238500
2025-12-04,677.085205078125,678.0547257643626,674.0677712084201,677.9854656605314,61970300
2025-12-05,678.3712158203125,681.0424091541689,677.2730780178052,678.1535326146577,79241000
2025-12-08,676.3333129882812,679.3111955598065,674.2953027143022,679.2617413091358,55231500
2025-12-09,675.74951171875,678.0744650894321,675.3043631264671,675.8583835190601,58310100
2025-12-10,680.231201171875,681.6162219852988,674.0380078724895,675.2746659471688,85671300
2025-12-11,681.8140869140625,681.8932499368323,674.8888018222121,677.8271327535609,86173700
2025-12-12,674.4832153320312,681.5272148787925,671.9208332382598,680.8247713558317,113160300
2025-12-15,673.4641723632812,678.4405133715769,671.999988545765,678.4207075198718,90811000
2025-12-16,671.6240844726562,673.8105178026394,667.7755898483048,671.9802275249427,122030600
2025-12-17,664.2338256835938,673.1773153631458,664.035948310003,672.6331978735437,110625200
2025-12-18,669.2495727539062,673.4740156275043,667.6963835086992,670.3675163697123,108650100
2025-12-19,675.3153686523438,675.8114935895343,671.2272434527378,671.3463691548195,103599500
2025-12-22,679.5224609375,680.0483218496023,675.3153313921905,678.639344063116,69556700
2025-12-23,682.6282348632812,682.8663651395233,678.5699062922599,678.6195066727895,64840000
2025-12-24,685.0294799804688,685.4760045408373,682.4694583215327,682.6183200290311,39445600
2025-12-26,684.9600219726562,686.2995351048382,683.9281038851597,685.2874813951044,41613300
2025-12-29,682.51904296875,683.8586166189733,680.7528697076866,682.2114479341877,62559500
2025-12-30,681.685546875,683.2235219572843,681.2588867271484,682.1221392108215,47160700
2025-12-31,676.635009765625,682.0328514439952,676.4266760541103,681.8145855439083,74144800
2026-01-02,677.8753051757812,681.5466416904673,674.5512924418268,680.3956585252009,89377200
2026-01-05,682.3900756835938,684.0868448237256,681.0604947255163,681.2192280630002,71927200
2026-01-06,686.4483642578125,686.9544213697425,682.4496288665487,682.5984300063299,69273800
2026-01-07,684.2356567382812,688.5817158514149,683.9776620917838,686.8254142672773,75588300
2026-01-08,684.1661987304688,685.2675815209567,682.1618346683338,683.4815439165204,64019200
2026-01-09,688.6908569335938,689.9212370510019,683.8387406584166,685.2775150455628,80125500
2026-01-12,689.7723388671875,690.6951844685583,685.277478801028,685.3270791782115,63976000
2026-01-13,688.3931884765625,690.6952153647912,685.9919002674054,690.0998291255927,78309700
2026-01-14,685.009521484375,686.3589666067269,680.7229953056234,685.6445758579941,94676700
2026-01-15,686.875,690.0601436981007,685.8926823763012,689.1869590187856,77862000
2026-01-16,686.299560546875,688.8695145151978,684.7516530771834,688.28406040864,79289200
2026-01-20,672.3286743164062,679.4629532027941,671.3264922720098,676.2083446056304,111623300
2026-01-21,680.0880737304688,683.402154325963,672.8743979165272,674.3826370735425,127844500
2026-01-22,683.6403198242188,685.7736813437502,681.5962874434288,684.5035723961656,77112200
2026-01-23,683.8883056640625,685.6049389887335,681.8343413244536,682.8167194920136,63059600
2026-01-26,687.3612060546875,688.7503800429489,684.5729864520383,685.138576123168,60473800
2026-01-27,690.099853515625,691.1318321418594,688.1947507195304,688.8000086063018,55506100
2026-01-28,690.0303955078125,692.4316838253299,688.5618850633444,691.6477676593287,61172200
2026-01-29,688.6610717773438,691.657685737667,679.5224893166136,690.9928952881424,97486200
2026-01-30,686.6071166992188,688.8298072906449,681.7947290319643,686.4285189892349,101835100
2026-02-02,690.0204467773438,691.5286859406688,684.0768798206813,684.2356737126761,79286500
2026-02-03,684.18603515625,691.5584439188771,678.7286612443456,690.8142565672537,107904600
2026-02-04,680.8718872070312,686.0911308029831,676.476227895848,684.9996196944911,105204600
2026-02-05,672.3683471679688,678.3913111024622,670.5525129616972,675.6626239798336,113610800
2026-02-06,685.267578125,686.9444827733389,675.5732778299765,676.1785962582386,89127600
2026-02-09,688.57177734375,690.4768800480663,683.0052703670985,684.0768565720822,73885200
2026-02-10,686.7559204101562,691.1416475283962,686.2994637039938,689.5640042757049,65185700
2026-02-11,686.5972290039062,691.7370759669038,683.8387453470867,690.9928885783248,76353900
2026-02-12,675.9900512695312,689.9608850687785,675.0970022106213,688.859502308346,118829000
2026-02-13,676.4663696289062,680.961290747747,672.2691719299015,676.4068370573647,96267500
2026-02-17,677.5578002929688,679.6316291710169,670.5426469985775,674.8688419019007,81354700
2026-02-18,680.9711303710938,683.8090109802145,677.53798463666,678.7187643851827,73570300
2026-02-19,679.1751098632812,680.86194660128,676.2678252760687,678.5401160314528,58649400
2026-02-20,684.0868530273438,684.71197532004,676.4465165538227,677.0319706522042,100034000
2026-02-23,677.1013793945312,684.6523861034582,675.0970153480879,682.4992209190492,90558100
2026-02-24,682.0228881835938,683.0151380016027,674.7298762460771,676.6151751251432,73798700
2026-02-25,687.7779541015625,688.3038149887374,684.7515438454409,684.8309407846423,56369500
2026-02-26,683.957763671875,687.926762805978,679.0461151309984,687.9069589925494,71671000
2026-02-27,680.6734008789062,681.536653322228,676.3571386622976,677.7959129218735,83308900
2026-03-02,681.0604858398438,683.2831159083878,672.765291276125,673.4400139353526,87477200
2026-03-03,675.057373046875,677.3196712649806,664.4700232973693,669.8281968363514,105003100
2026-03-04,679.8201904296875,681.7650220692323,674.3528836974749,676.3473157204403,79182200
2026-03-05,676.0297241210938,680.2170498641997,670.3738880206191,676.7937758642711,106606500
2026-03-06,667.1689453125,670.8700177972564,664.5692556037578,668.1909311447467,100687000
2026-03-09,673.0133056640625,674.650481531912,657.2563736570586,661.2253729422058,102667700
2026-03-10,671.9317016601562,678.0637980596332,669.5304741395607,672.4674947413112,81505300
2026-03-11,671.0883178710938,674.8092545860501,668.1215006869746,672.3286301094125,68441700
2026-03-12,660.8978881835938,666.444591119081,660.7093583022987,665.958337853126,108882200
2026-03-13,657.1571655273438,667.1293254881115,656.2343803863124,664.0831110227487,97200200
2026-03-16,663.8449096679688,666.8613272435379,661.9496786440191,663.199923076128,82023100
2026-03-17,665.5912475585938,669.2129836950214,664.5097291491037,667.1788836379297,87128000
2026-03-18,656.3038330078125,664.5295627375546,656.0657027257738,663.1801174312507,82062600
2026-03-19,654.6864013671875,657.8417484417536,650.0922799802194,651.8783174953539,111272500
2026-03-20,645.301025390625,653.380093364961,641.4703940766159,653.2010079047443,163617500
2026-03-23,652.07666015625,659.2801583045331,650.6439158314106,654.7531040433624,134802700
2026-03-24,649.8877563476562,653.7183875512989,646.604401549905,648.0371459178807,96457500
2026-03-25,653.5093994140625,657.5588924447279,650.9423865337293,655.3500504609481,90653800
2026-03-26,641.8385620117188,651.5493174066021,641.5699034672713,648.773401781548,96494400
2026-03-27,630.8939819335938,639.4207325687934,629.9188801961861,639.2615657472361,103649400
2026-03-30,628.78466796875,637.1423539459004,626.108284608157,636.8836547011163,99275900
2026-03-31,647.0620727539062,648.255975728372,634.7643255692599,635.719508676349,152534100
2026-04-01,651.9373779296875,655.2008748639518,649.7086779392242,650.6041659517412,97841500
2026-04-02,652.5244140625,654.8824636102106,641.858414876014,643.161809607987,68358700
2026-04-06,655.6088256835938,656.3948220300638,652.2160396308291,652.5542919409455,39105800
2026-04-07,655.8972778320312,656.285326673986,647.7784337275787,653.3402849463747,69980400
2026-04-08,672.6027221679688,673.6673363432215,668.0756676404139,672.980811715349,93606100
2026-04-09,676.4829711914062,677.7266707213284,670.3739652533407,671.438579338256,57134400
2026-04-10,676.0353393554688,678.5923930707559,675.0304203424645,677.885949822129,42253500
2026-04-13,682.641845703125,682.8408497944083,673.1698703787699,673.9956432299357,54185800
2026-04-14,690.959716796875,691.0791070995066,684.193942434314,684.2238203737314,63480500
2026-04-15,696.412109375,696.7504224001667,690.7010502942645,691.7557051691649,58240400
2026-04-16,698.1234130859375,699.2378238459212,695.0092450197437,697.5264615426626,49972400
2026-04-17,706.5607299804688,708.7993894133457,702.2028014262665,702.5808909886877,70661900
2026-04-20,705.1477661132812,706.3317705126415,702.5808139687996,705.20752199003,43546800
2026-04-21,700.53125,707.6949720613851,699.098505587723,706.7000123508461,58941400
2026-04-22,707.6253051757812,707.8640857857167,704.6503246823615,705.5756906371417,42518500
2026-04-23,704.8792114257812,708.7694771316526,698.7403270820959,705.9239069650033,56174000
2026-04-24,710.341552734375,710.8688498134599,705.4364085481575,707.1676287635845,45182000
2026-04-27,711.5653076171875,712.023010938504,708.7097781525541,709.5753882284523,33135900
2026-04-28,708.1028442382812,709.2868486650957,705.6751402340362,708.2321938525355,43117400
2026-04-29,707.993408203125,708.6102783309316,704.7995658491443,707.4163145996059,41859200
2026-04-30,715.0377197265625,716.1620290590424,706.8691393587039,711.0280636665188,67240900
2026-05-01,717.0177001953125,721.216400793299,716.8385540170647,717.6146516977453,43049800
2026-05-04,714.3909912109375,718.4802608161392,711.3861936216806,716.4406056700121,51950600
2026-05-05,720.1220092773438,721.3855668152729,717.8534719876392,718.1320898558575,36933200
2026-05-06,730.1312866210938,730.8874657022126,724.1515691652952,724.489821452625,53288900
2026-05-07,727.8926391601562,732.4196936796947,726.0718458933673,731.3451201928577,51724600
2026-05-08,733.9021606445312,734.359863963193,730.8675457398152,731.2257166531052,47227100
2026-05-11,735.5736694335938,737.0561496205491,732.7380586745534,732.7380586745534,44024000
2026-05-12,734.4593505859375,735.1160580011854,728.1413807257971,733.1758744234386,54185300
2026-05-13,738.5685424804688,740.1604537310201,731.7629913201908,734.7478704606156,44200200
2026-05-14,744.3989868164062,745.7521781705404,739.8122371427646,739.9018102364839,45307600
2026-05-15,735.4443969726562,739.712813256131,734.2405345152865,738.0511867146383,60410800
2026-05-18,734.927001953125,737.682999009625,729.6935042484962,736.1010471042457,47843900
2026-05-19,730.0317993164062,733.9320852676053,727.8429364442825,731.0765556379026,54255900
2026-05-20,737.5138549804688,738.1307251173267,730.1909663879147,732.0018002736176,45768000
2026-05-21,738.9764404296875,741.1156280791548,733.3151780259534,734.9170485709385,43332200
2026-05-22,741.8817749023438,745.1651298094138,740.7275876279662,742.4787264390759,41762000
2026-05-26,746.8068237304688,748.3390397979183,744.5979816306177,746.2297301040182,41123600
2026-05-27,746.677490234375,747.5928361692701,744.4487294597059,747.0953563113346,42106300
2026-05-28,750.7965698242188,751.3438462445121,745.4536410614309,746.4685193943138,41562600
2026-05-29,752.6671142578125,754.2590862562773,750.8861582097875,752.0900813404212,55075700
2026-06-01,754.7167358398438,756.4480167905853,750.8861651495049,751.5527711685265,43634900
2026-06-02,755.7415771484375,756.5674107365072,752.9357833937803,753.2144012702464,31581900
2026-06-03,750.4384155273438,754.9754294579049,749.7718095132926,754.3287420712209,51402500
2026-06-04,753.2740478515625,754.4878695071194,747.6823186029123,748.3091480570178,49923000
2026-06-05,733.83251953125,749.0255736853693,731.82274221843,748.5181345185488,93989400
2026-06-08,735.4940795898438,741.5832888174093,734.4693026781229,739.6132273185567,49319100
2026-06-09,733.3350219726562,743.1354112835509,718.9479438267383,739.881873688386,87683500
2026-06-10,721.7736206054688,734.6583610930755,721.6741489247238,729.69352181897,60341300
2026-06-11,734.04150390625,736.2702039965386,720.7587550057447,725.0868662900759,86330500
2026-06-12,738.0113525390625,740.6877965432628,731.3252525489901,736.9766163198905,57079500
2026-06-15,751.0254516601562,752.8661028247,747.9709180763429,748.0604304424444,60176400
2026-06-16,746.5481567382812,751.6323864215939,746.100412710964,750.7468576807364,67093100
2026-06-17,737.225341796875,748.3589429763433,735.4940609532621,747.5032315039188,85945200
2026-06-18,744.8902587890625,746.3765582049119,742.0173878962117,745.907751654771,80875700
2026-06-22,742.546142578125,748.321778689857,741.2892538871644,745.8479411927095,46628100
2026-06-23,731.7628784179688,737.7978798883457,730.4860198600484,731.9922892059834,66846800
2026-06-24,731.4237060546875,738.1171068570358,729.0296875445486,733.3489180103626,57439500
2026-06-25,732.4810791015625,737.5385276888334,727.7927091295785,737.0796452204372,53934400
2026-06-26,727.1842651367188,734.7056273477464,714.8050317832251,727.144386135875,71034000
2026-06-29,739.1644897460938,739.7231001504891,730.27658724538,734.7055914816465,58035200
2026-06-30,744.9202270507812,746.1671307285668,739.0547872797607,739.4537599262709,55626000
2026-07-01,743.9127197265625,747.5835968507926,740.541087308444,743.1545925484338,47100900
2026-07-02,742.9351806640625,749.4489739445169,738.1969465958291,745.5486859530862,57447800
2026-07-06,749.4190673828125,750.5462122974698,745.5585975722108,746.885320136641,50673300
2026-07-07,745.85791015625,749.0998597580657,743.364102770238,748.3616416292718,43721500
2026-07-08,743.5536499023438,744.3017921335774,737.6782249675691,741.3191472958572,43767400
2026-07-09,749.8480224609375,750.1073272936331,743.7431866839036,745.4987759890873,41441700
2026-07-10,753.0799560546875,753.5487626123848,746.2468873823584,750.187115173852,42191300
2026-07-13,747.3142700195312,752.0425191788765,746.1471851864706,750.6060836597362,44013600
2026-07-14,749.9677124023438,751.4739818301254,746.8055207475287,749.0499474324819,35143100
2026-07-15,752.9403076171875,753.7084197839658,748.3417413555546,752.3717122204262,43844800
2026-07-16,748.8604125976562,752.7009125511715,746.0274814662645,750.8953984161742,46409800
2026-07-17,741.4487915039062,745.438883195828,738.9649691671198,740.241827732839,62651000
2026-07-20,740.2518310546875,746.8753371556621,739.6732506975046,745.2094908804986,50422300
2026-07-21,746.426513671875,747.1845799829406,742.3366329839115,744.4413918284653,34324300
2026-07-22,745.55859375,748.1621748950539,744.5211918106933,744.7705725456777,32836200
2026-07-23,736.3515014648438,740.7206569606348,733.3888874570794,737.5385562389782,55437300
2026-07-24,737.099609375,741.8777222786117,735.4636571620507,736.6806667930385,44782000
2026-07-27,737.25927734375,743.6833276942111,734.0472217265344,743.0648074406847,41461200
2026-07-28,739.0248413085938,740.9500533043114,734.156924420905,737.3589950224286,47322200
2026-07-29,727.6531372070312,740.8403618199718,727.2939826612791,738.1370526174048,70697200
2026-07-30,739.852783203125,740.6109103701467,732.7703947650456,734.2267392747757,66811300
2026-07-31,745.1796264648438,747.0449895804718,735.8527500027326,742.835410914187,62445900
2026-08-03,755.793212890625,756.7009928898597,746.9451890027125,747.5836183167282,59927500
2026-08-04,769.4193725585938,771.494176400126,758.6361522059436,758.7458651152236,69154800
2026-08-05,767.8831787109375,774.9256883846499,767.6039039413469,773.928165423025,44689100
2026-08-06,766.65625,769.9081846177485,765.5589990885744,768.3021872511085,38416900
2026-08-07,771.3446044921875,772.0029428489042,767.703621378493,769.1101628301597,43586300
2026-08-10,771.1151733398438,773.1301282404592,769.7086319253093,770.6861849056471,39249500
2026-08-11,768.6513061523438,772.6912620504304,767.2946895097219,772.6115040483734,36740600
2026-08-12,770.5764770507812,772.9805414027246,769.369513273419,772.7910096110111,33179100
2026-08-13,775.9531860351562,777.4394855444215,772.1925048911166,772.9506321027081,35634500
2026-08-14,774.4169921875,776.8708596736758,773.509212209858,776.6114939657781,31367900
2026-08-17,770.7560424804688,774.8559080861019,770.5964655970525,774.2573577843602,34356600
2026-08-18,765.5490112304688,767.5939211307613,765.0202948350139,766.7959149360092,43920900
2026-08-19,767.1549682617188,770.5564946026684,766.1973243479778,768.4517358705159,40306000
2026-08-20,760.7109985351562,766.2472997692572,760.1523881029335,764.0627220124634,45520300
2026-08-21,763.8232421875,765.9479709365374,762.2770937955632,764.1524418077088,39188700
2026-08-24,761.5787963867188,763.3244615010249,760.1922857963137,762.8856098637509,32430900
2026-08-25,764.0127563476562,764.8806573052586,761.159855395616,764.262137078792,27422300
2026-08-26,764.182373046875,765.449185749943,762.0376744224566,762.8356805789958,28751600
2026-08-27,769.18994140625,770.4468300957561,765.2596984507333,766.5964060257239,34557100
2026-08-28,767.4442749023438,773.3795487683207,766.4068729286823,769.8483393622295,36744300
2026-08-31,765.1499633789062,766.097622354185,762.8257178677422,765.4292990280279,38810800
2026-09-01,759.89306640625,762.7758614763637,757.5987149009983,760.1224772031874,41126300
2026-09-02,763.2646484375,764.5315220914426,759.8431519587122,760.5614001563074,29566200
2026-09-03,771.2548217773438,772.112737807933,765.5490195828438,765.99791709853,43531600
2026-09-04,768.2822265625,770.9555808433835,767.0951717806925,770.0977256925568,34054200
2026-09-08,764.0626831054688,767.7934091111229,763.2447069992287,767.1649647963771,44746100
2026-09-09,760.5115356445312,762.5763546117217,759.055130192088,762.1873669257697,32812400
2026-09-10,755.9528198242188,758.2271404471661,754.7657651010062,756.1523365872063,42740400
2026-09-11,762.3967895507812,764.4816392943262,761.7084962835214,762.8257171109622,45512700
2026-09-14,758.9952392578125,761.6287143614769,756.0525344863368,757.119891309806,43992400
2026-09-15,755.513916015625,758.4665449596201,754.2769973083872,758.2371341657202,46195000
2026-09-16,752.1821899414062,759.7833101686804,747.7432005092232,757.6187023523285,59217700
2026-09-17,760.7109985351562,761.6786274833105,758.0775841455181,761.2596848801362,49652800
2026-09-18,761.6900024414062,762.0,757.969970703125,761.3099975585938,65395100
2026-09-21,773.5,774.8900146484375,766.030029296875,766.25,50484700
2026-09-22,773.3800048828125,775.1400146484375,772.5700073242188,774.030029296875,34802300
2026-09-23,767.8099975585938,773.0499877929688,766.5,772.7899780273438,54931700
2026-09-24,767.1799926757812,768.9500122070312,763.25,764.0700073242188,43983700
2026-09-25,771.3499755859375,772.280029296875,766.2899780273438,768.780029296875,36666700
2026-09-28,765.6099853515625,769.5399780273438,763.719970703125,768.3499755859375,42694500
2026-09-29,764.2000122070312,766.97998046875,762.3499755859375,766.8300170898438,36910500
2026-09-30,762.6300048828125,769.4099731445312,762.1799926757812,766.4500122070312,62110000
2026-10-01,763.989990234375,765.6500244140625,758.7899780273438,764.3599853515625,47708100
2026-10-02,769.6400146484375,772.6500244140625,767.1500244140625,770.5800170898438,46335300
2026-10-05,774.8300170898438,776.6099853515625,769.6300048828125,769.6900024414062,44840200
2026-10-06,779.0900268554688,781.6199951171875,777.9600219726562,778.1500244140625,36054300
2026-10-07,777.219970703125,779.0999755859375,773.6099853515625,775.77001953125,30989200
2026-10-08,773.9299926757812,777.0900268554688,770.4400024414062,774.8599853515625,40351800
2026-10-09,776.331298828125,776.8400268554688,775.8800048828125,774.8599853515625,1851095
